Dr. Tiffany Booker,"February 19, 1955",Roxborough Park,Political science and government,Eagle Gate College-Murray,Account Manager,Kayjay Forging
Maria Gonzalez,"April 18, 2014",Perkins,Clinical psychology,Fortis College-Ravenna,Director  AppExchange and Communities Product Management,M.B.A Consulting India
Felicia Murphy,"September 5, 2004",Germantown Hills,Finance,Global Business Institute,Senior System Engineer,North West Carrying Co.
Michael Garcia,"February 17, 1937",Buzzards Bay,Metallurgical engineering,University of South Carolina-Upstate,Business Development Manager,Ftcash
Adam Merritt,"November 11, 1991",Pray,Public administration,Agnes Scott College,Openstack Engineer,Filatex India
Michael Dawson,"September 23, 1942",Oakhaven,Architectural engineering,Tulsa Technology Center-Broken Arrow Campus,Principal Software Engineer,Tata Steel Long Products
Hunter Williams,"December 10, 2005",Paxtonville,United states history,Century College,Senior Software Engineer,Amentum
Rebecca Beard,"May 7, 1995",Welch,Mathematics,Polytechnic University of Puerto Rico-Miami Campus,Social Media Communications Specialist,Rain Industries
Brittney Phillips,"December 21, 1984",Irvington,Electrical engineering,Saint Francis Medical Center School of Nursing,Member  Board Of Directors,iNeuron.ai
Donna Stephenson,"August 17, 2018",Milan,Actuarial science,Regency Beauty Institute-Nashville,Sales Engineer,USV
Debra Friedman,"December 14, 2008",Wilder,Commercial art and graphic design,Rochester College,Recruiter,Lumen Technologies
Mrs. Valerie Ramirez,"September 3, 1945",Kasilof,Molecular biology,Heritage University,Product Marketing Manager  Service Cloud (Retail & Consumer Goods),Vcare Trichology
Kevin Walters,"August 27, 2003",Sewaren,Chemical engineering,Patrick Henry Community College,Head of Product  Next Billion Users,Fractal Analytics
Sarah Gomez MD,"July 25, 1976",South Apopka,Communication disorders sciences and services,Ogle School Hair Skin Nails-Hurst,Principal Network Engineer (Tier3),Deepak Phenolics
Louis Martin,"March 15, 1963",Lakes of the North,Microbiology,American Commercial College-Wichita Falls,Senior Software Engineer,Karma Ayurveda
Ann Barnett,"May 17, 1943",Russellville,Library science,Linn State Technical College,Fiber Optic Network Support Analyst,SDG Software
Jane Smith,"May 17, 1978",South Hill,United states history,Morrisville State College,Commercial Account Manager,AAK KAMANI
Amber Parker,"August 13, 1960",Crane,Geology and earth science,Burlington County College,Machine Learning Engineer,ORISSA METALIKS
Alicia Wilson,"April 1, 1930",Los Luceros,Engineering mechanics physics and science,Washington County Community College,Account Executive,National Informatics Centre
Mark Townsend,"January 20, 1938",Bowdon,Finance,Miller-Motte College-Fayetteville,Software Development Engineer II,DISH TV
Tracy Frye,"December 26, 2007",Rio en Medio,Special needs education,Talmudical Seminary Oholei Torah,Software Engineer,Stefanini
Jennifer Little,"December 14, 1982",Oakwood,Neuroscience,Tuskegee University,SW Engineer,Lionbridge Technologies
Michael Cross DDS,"April 3, 2004",Clarksburg,Theology and religious vocations,University of Bridgeport,Staff Quality Engineer,MyGlamm
Laura Thomas,"March 10, 2004",Doffing,Mining and mineral engineering,Washington Hospital School of Nursing,Global Social Media Marketing Manager,BharatMatrimony.com
Scott Meza,"October 7, 2024",Church Hill,Art history and criticism,Hopkinsville Community College,IT Security Engineer,Farbe Firma
Angela Wilson,"January 8, 1996",Hanaford,Electrical engineering,University of Puerto Rico-Bayamon,Technical Lead,e-Procurement Technologies
David Hughes,"September 4, 2014",San Mateo,Actuarial science,Lex La-Ray Technical Center,Technical Specialist,JSW Cement
Patrick Moore,"January 1, 1939",Mesilla,Architectural engineering,The University of Texas Health Science Center at San Antonio,Employee Mobility Services,CreditAccess Grameen
Garrett Lin,"October 9, 1976",Ranier,Engineering technologies,John D Rockefeller IV Career Center,Linux Administrator,Tamilnad Mercantile Bank
Diana May,"February 24, 2021",Pleak,Public policy,Royal Beauty Careers,Retiree,Extentia Information Technology
Carly Riggs,"September 18, 2021",Palestine,Miscellaneous engineering,Career Quest Learning Centers Inc-Lansing,Network Engineer,JM Financial
Cassandra Wood,"March 21, 1966",Suffern,Naval architecture and marine engineering,Wytheville Community College,Partner and Managing Director,Ipca Laboratories
Marie Jones,"May 31, 2005",Manchaca,Biology,Everest Institute-Marietta,Software Engineer,Godrej & Boyce Manufacturing
Brandon Johnson II,"January 8, 1975",Sneads,Botany,Community College of Rhode Island,UI Developer,Ramco Steels
Chad Taylor,"June 21, 2005",Lucerne,Business management and administration,Everest College-Torrance,Global Account Manager,Phronesis Partners
Jeffrey Joyce,"September 23, 1998",Georgetown,Miscellaneous fine arts,Herzing University,Application Sales Manager,Craftsman Automation
Robert Keith,"July 13, 1983",Converse,Music,Seabury-Western Theological Seminary,Engineering Manager,Amazon Transportation Services
Dominique Wagner,"July 4, 1997",Overland Park,Human resources and personnel management,Ottawa University-Jeffersonville,Senior Payroll Manager,Hindustan Syringes & Medical Devices
Bernard Smith,"November 28, 1999",Silver Creek,Sociology,ETI Technical College,Director Of Business Development,Gland Pharma
Marilyn Wang,"August 20, 1980",Windsor,Family and consumer sciences,John Jay Beauty College,Software Engineer II,SS Construction
Tara Jones,"April 20, 2013",Jaconita,Intercultural and international studies,Kaplan College-Jacksonville,District Manager,HSBC Bank
Bailey Duran DDS,"February 9, 2001",Monaca,Computer science,"Southeastern Technical Careers Institute, Inc.",Select Account Manager,Signity Solutions
Erin Jacobs,"October 16, 1995",Atkinson,Counseling psychology,Paul Mitchell the School-Colorado Springs,Executive and Internal Communications  Chief Information Security Officer,Reliance Projects & Property Management Services
Laura Larson,"May 29, 1939",Philo,General social sciences,Woodland Community College,File System Software Engineer,Nandi Toyota
Michael Curtis,"March 20, 2006",Springdale,Psychology,Hellenic College-Holy Cross Greek Orthodox School of Theology,Senior Network Engineer,Pranav Vikas India
Michael Taylor,"March 20, 1990",Grenada,Agriculture production and management,Galveston College,Information Security Engineer,Hindustan Times
Sarah Martin,"September 22, 1967",Climax,Computer and information systems,ITT Technical Institute-Tempe,Account Executive,Bank of Baroda
Daniel Young,"September 28, 2006",Otho,Accounting,San Joaquin Valley College-Rancho Cordova,Director Of Engineering  Converged Infrastructure,Ansal Housing & Construction
Cindy Young,"June 28, 1939",Baldwin,Food science,New Community Workforce Development Center,Investment Banking Associate,Roha Housing Finance
Caitlyn Clark,"June 11, 2014",Geneseo,Architectural engineering,Lycoming College,Market Research Analyst,Himatsingka Seide
Tracey Reilly,"May 3, 1963",Rogersville,Architecture,Rockford University,Solutions Architect | Professional Services,GETIT Infoservices
Derrick Brown,"April 18, 2021",Buckeystown,Applied mathematics,Washington College,Automation Lead  Quality Engineer,Sumtotal Systems
Benjamin Brown,"February 26, 1941",Gardner,Hospitality management,University of Wisconsin-Whitewater,Site Reliability Engineer,Bhutani Group
Katherine Weaver MD,"February 15, 1963",Sunnyside-Tahoe City,Family and consumer sciences,University of Michigan-Flint,Presales Manager,SA Infrastructure Consultants
Louis Kelly,"March 5, 1934",Kino Springs,Ecology,Laurel Technical Institute,Senior Software Engineer,Incture Technologies
Dr. Sarah Smith,"November 4, 1986",Country Club Hills,Biochemical sciences,Hair Professionals Academy of Cosmetology,Software Engineer,Tricolite Electrical Industries
Tanner Holmes,"August 8, 2005",Rolfe,Drama and theater arts,University of Wisconsin-Eau Claire,Director  SaaS Operations and SW Delivery,Oasis Partners Asia
Allison Smith,"September 19, 1973",Lyles,Community and public health,Eastern Mennonite University,UX/UI Designer,Manohar Filaments
Paul Ferguson,"July 2, 1963",Vidalia,"Electrical, mechanical, and precision technologies and production",La James International College-Iowa City,Data Scientist,Zetwerk Manufacturing Businesses
Jessica Berry,"October 30, 1954",Madison Lake,Geography,International College of Cosmetology,Executive Communications,Ferrero
Nicole Phillips,"April 1, 2016",Polk,Humanities,Guy's Shreveport Academy of Cosmetology Inc,Director of Sales,Cornerstone OnDemand
Jeffrey Bates,"September 27, 1974",Tenstrike,Botany,Lebanon Technology and Career Center,Business Systems Analyst,Danfoss Power Solutions
Hunter Williams,"December 10, 2005",Paxtonville,United states history,Century College,Senior Software Engineer,Amentum
Christian Cross,"June 25, 1945",Posen,Library science,Gonzaga University,Engineering Program Manager For Silicon Debug,DTDC Express
Brittany Hoffman,"September 14, 2008",McEwen,Miscellaneous social sciences,Kenyon College,CEO & Founder,Exotel
Thomas May,"June 14, 2024",Mount Clare,Educational administration and supervision,Madera Beauty College,DevOps Manager,The Heritage School
Kenneth French,"December 3, 1948",Lovettsville,Special needs education,Limestone College,Software Engineer,P.N. International
Rachel Rollins,"June 1, 1966",Topaz Ranch Estates,Counseling psychology,Beebe Medical Center Margaret H. Rollins School of Nursing,Software Engineer III,Electrosteel Casting
William Guzman,"August 19, 2016",Mesa,Microbiology,Tennessee Technology Center at Memphis,Creative Director,Wealth Clinic
Danny Moreno,"September 26, 2019",Lyford,Geology and earth science,La Belle Beauty School,CTO  Chief Architect,AGS Transact Technologies
Meghan Hernandez,"May 8, 1993",Amity Gardens,Miscellaneous psychology,Capri College-Davenport,Senior Solutions Marketing Manager,BCH Electric
Jason Hardy,"March 11, 1960",Saddle River,Naval architecture and marine engineering,ITT Technical Institute-Westminster,Director of Product,COSMO Infrasolutions
Douglas Morton,"October 14, 1930",Maxbass,Music,Colorado Northwestern Community College,Senior Solutions Engineer,vista Processed foods (A OSI GROUP)
Desiree Tyler,"November 5, 1985",Sauk Centre,General agriculture,Bard College,Software Engineer III,Sansera Engineering
Ronald Hines,"October 14, 1988",Braceville,Commercial art and graphic design,Kaplan College-Indianapolis,Sales Engineer,Dulux
Lisa Hendricks,"January 24, 1931",San Simon,Biology,Sentara College of Health Sciences,Lead Sales Engineer,Gowtham Model School
Elizabeth Jones,"April 26, 1991",Malmstrom AFB,Public policy,Johnson & Wales University-Online,Senior Engineering Manager,Setco Automotive
Heather Nunez,"June 14, 1976",Ellsworth,Social psychology,Evans Hairstyling College-St George,Systems Engineer,Reliance Infrastructure
Michelle Collins,"May 15, 1944",Leakey,Advertising and public relations,Turtle Mountain Community College,Technical Support Consultant,Black Knight
Hunter Robinson,"May 13, 2014",Sadorus,Drama and theater arts,Elite Academy of Beauty Arts,Senior Network Security Engineer - Cisco Firewall TAC,Brakes India
Michael Walters,"February 6, 1966",Monserrate,Materials engineering and materials science,Cornell College,Partner & Managing Director,Desnor Destination
Elizabeth Cunningham,"June 4, 1977",Monroe,Communication disorders sciences and services,Ottawa University-Kansas City,Senior Systems Engineer,Consero Global Solutions
Mason Moore,"March 23, 2010",Jamul,Operations logistics and e-commerce,Saybrook University,Systems Engineer,AVRA Laboratories
Deanna Barrera,"January 15, 2021",Somers,Environmental science,University of Pittsburgh-Bradford,Data Scientist Manager/Lead,Fortune Integrated Assets Finance
Jessica Fields,"November 15, 1976",South Salt Lake,Geological and geophysical engineering,Lower Columbia College,Software Engineer & Site Reliability Engineer,Paisabazaar.com
Justin Cuevas,"January 13, 1970",Redfield,Biological engineering,Buckner Barber School,Product Manager at Wunderlist and Microsoft To-Do,P.D. Hinduja National Hospital and Medical Research Centre
Sara Evans,"March 7, 1963",Holly Pond,Political science and government,ITT Technical Institute-Youngstown,Network Support Engineer,Enquero
Ricky Munoz,"May 28, 1946",Redland,Criminal justice and fire protection,WellSpring School of Allied Health,Network Support Engineer,cFIRST
Erin Watkins,"July 6, 2022",Springfield,"Electrical, mechanical, and precision technologies and production",Loraines Academy Inc,Technical Lead,NLC
Michael Dunn,"August 19, 1968",Genoa,Actuarial science,Empire Beauty School-Pineville,Director of Solution Architecture,Grass Roots Research & Creation
Joshua Kramer,"January 17, 1976",Ortonville,Construction services,Mountain Empire Community College,Senior Vice President Business Development,Omega Elevators
Catherine Frazier,"October 28, 2019",Crab Orchard,Nutrition sciences,Ryder Memorial School for Practical Nursing,Manager  Network Planning & Strategy,Sfc Solutions
Bethany Neal,"December 15, 1968",Irvine,Chemistry,Highline Community College,Release/DevOps Enginner,Osam Dairy
Kara Blake,"March 17, 1930",Huntington Park,Astronomy and astrophysics,University of Louisville,Senior Site Reliability Engineer,Anmol Feeds
Joshua Rodriguez,"December 30, 1961",Kinderhook,Secondary teacher education,Jackson State University,SRE Tools developer,Jaypee Cement
Sonia Reyes,"August 26, 1933",East Petersburg,Visual and performing arts,Remington College-Little Rock Campus,Software Engineer,Aeries Technology
Megan Perry,"October 29, 2019",Moore,Communication disorders sciences and services,MGH Institute of Health Professions,Senior Software Engineer,Mcnally Sayaji Engineering
Betty Mason,"May 4, 2011",Island Pond,Court reporting,University of Cincinnati-Clermont College,Embedded Software Engineer,Intas Pharmaceuticals
David Daniels,"May 2, 1941",Adjuntas,Oceanography,University of Scranton,Principal Software Engineer,Ambuja Cements
Stacey Clements,"January 18, 1940",Rosharon,Engineering mechanics physics and science,Vogue Beauty School,IT Program Manager,Girl Power Talk
Dustin Hernandez,"June 26, 2014",Bennett,Linguistics and comparative language and literature,University of Wisconsin-System Administration,Software Developer,Square Yards
Casey Wright,"February 1, 2023",Dora,Language and drama education,Resurrection University,Senior Solutions Engineer,ONPASSIVE
Laura Patel,"February 9, 1976",Slaton,Marketing and marketing research,Expression College for Digital Arts,Network Engineer,EaseMyTrip.com
Ruth Harris,"December 4, 1974",Finley,Metallurgical engineering,Fortis College-Phoenix,Software Engineer,Kingdom of Dreams
Brandy Moreno,"August 15, 1942",Flowery Branch,Public policy,Folsom Lake College,Regional Manager - Web-Scale S.T.A.R.S,Axtel Industries
Anthony Rivera,"August 13, 1932",Forest,Miscellaneous education,Cazenovia College,Network Engineer  Backbone,Lentra AI
Perry Washington,"October 15, 2025",Fincastle,Family and consumer sciences,Tohono O'Odham Community College,Software Developer in Test - IV (Product QE Lead),SAN Engineering & Locomotive
Christopher Guerra,"December 24, 2016",Passapatanzy,Miscellaneous social sciences,Bio-Chi Institute of Massage Therapy,Infrastructure Engineer,Coupa Software Inc
Erica Brown,"September 23, 2020",Paragon,Industrial and organizational psychology,Anthem Institute-North Brunswick,Network Engineer,JCBL
Brett Maxwell,"December 10, 1933",Lonsdale,Electrical engineering technology,University of North Texas Health Science Center,Vice President  Digital Marketing  Demand Generation  Marketing Strategy & Operations,Dineshchandra R Agarwal Infracon
Elizabeth Sanders,"May 19, 1936",Ingalls,Theology and religious vocations,Buck's County School of Beauty Culture Inc,Software Engineer,KLJ GROUP
Kristy Mills,"September 5, 1983",Greensburg,United states history,EHOVE Career Center,Software Developer - Application,Gold Plus Glass
Mrs. Felicia Castro DDS,"October 25, 2020",Elbe,Agriculture production and management,Bethel University,Co-Founder | Principal Network Architect,Arch Pharmalabs
Stephanie Evans,"June 2, 1961",Horseshoe Bend,Military technologies,Fortis College-Montgomery,Director of Sales,IDS Infotech
Melissa Greene,"July 4, 1958",De Pere,Marketing and marketing research,Daniel Webster College,Senior Software Engineer,Duck Creek Technologies
Anthony King,"May 9, 1970",Rhodell,Community and public health,New York College of Health Professions,Product Manager,A2z Infra Engineering
Andre Williams,"December 20, 2007",Slaughter,International relations,Wichita State University,Senior Director Sales - Strategic Verticals,JPAL
John Garcia,"July 20, 2011",Saxman,Philosophy and religious studies,College of the Sequoias,Senior Business Development Manager,Wanbury
Joseph Woodward,"January 24, 1935",Caseyville,Industrial and organizational psychology,Interdenominational Theological Center,Senior Software Engineer,COWI
Amanda Bennett,"November 8, 1984",West Marion,Educational psychology,Career School of NY,Data Scientist - Machine Learning  NLP  Text Analytics,New Horizon College of Engineering
Randy Griffin,"April 2, 1937",Malone,Miscellaneous education,Bridgemont Community and Technical College,Group Product Manager,Coffee Day
Seth Jones,"December 7, 1952",New Tazewell,N/a (less than bachelor's degree),Tennessee Technology Center at Covington,Senior Sales Engineer,Zebronics
Joseph Rice,"February 17, 1973",McVille,Mining and mineral engineering,Echelon Edge Academy Of Hair Skin and Nails,Regional Account Manager,Knowledge Splice Services pvt ltd.
Terry Glover,"October 6, 1960",Southbridge,Pharmacology,Lewis University,Principal Engineer,Lotus Wireless Technologies
Eric Clark,"March 5, 2016",University City,Visual and performing arts,University of Redlands,Account Executive,KEKA TECHNOLOGIES
Adam Cortez,"September 29, 1933",McCallsburg,Linguistics and comparative language and literature,Ohio State University-Newark Campus,Commercial Account Executive,Peerless Hospital
Cody Thompson,"November 22, 2007",Grayson Valley,Economics,Westchester School of Beauty Culture,Senior Solutions Architect,Excitel Broadband
Mathew Bauer,"December 20, 1997",Wallowa,Miscellaneous education,University of North Carolina at Greensboro,Avaya Voice Engineer/Project Manager,Hire Glocal
Douglas Gregory,"November 17, 1942",Nellie,Mechanical engineering related technologies,Platt College-Riverside,Software Engineer,Saint Gobain Glass
James Cox,"June 9, 1933",Cottonwood,Film video and photographic arts,South University-The Art Institute of Fort Worth,Software Developer,Bhagyalaxmi Rolling mill
Corey Barrera,"January 19, 2005",Talpa,Health and medical preparatory programs,Elegance International,Partner Sales Director,World Network Services
Kristen Pena,"April 25, 2013",Colony,Industrial and organizational psychology,Tyler Junior College,Network Engineer IV,Outworks Solutions Pvt Ltd
Elizabeth Nicholson,"April 20, 1969",Austin,Information sciences,Hood Theological Seminary,Manager  Product GTM Strategy and Operations,TeraSoftware
Alexander Munoz,"June 11, 1940",Seven Springs,Music,Neumont University,Staff Security Engineer,Goel Ganga Group
Sean Wagner,"October 23, 1938",New Schaefferstown,International relations,Miller-Motte Technical College-Macon,Principal Solutions Architect,Amagi Media Labs
Regina Phillips,"May 14, 1983",Altamont,Miscellaneous business & medical administration,MedTech College-Ft Wayne Campus,Senior Software Test Engineer,Foxconn
Douglas Hale,"January 24, 1941",Thousand Island Park,Interdisciplinary social sciences,CUNY Kingsborough Community College,Senior Network Security Engineer,Learnbay
Curtis Mejia,"October 20, 1945",Greene,Mathematics and computer science,Tri-State Institute of Hair Design,Senior Product Manager  Alexa,Dalmia-OCL
Shane Greene,"May 25, 1961",Syosset,Geology and earth science,Omega Institute,Technical Training Manager,Jones Lang Lasalle Property and Asset  management.
Vanessa Drake,"October 7, 1995",Smackover,Soil science,Vatterott Career College-Memphis Dividend Drive,Lead Engineer,Gromax Agri Equipment
Bailey Duran DDS,"February 9, 2001",Monaca,Computer science,"Southeastern Technical Careers Institute, Inc.",Select Account Manager,Signity Solutions
Christian Park,"October 27, 1965",Bensley,Actuarial science,Berks Technical Institute,Field Marketing Specialist,Keyideas Infotech
Jasmine Hall,"March 28, 1971",Pitkin,Computer networking and telecommunications,Mueller College,Trainer & Coach in Administrative Profession,InSync Analytics
Heather Hess,"December 18, 1969",White Castle,General education,Lock Haven University,Key Account Executive,Godrej Consumer Products
Richard Hensley,"September 11, 2009",Homer,Communication disorders sciences and services,Olympian University of Cosmetology,Regional System Engineer Specialist (Evident)  US South,Waste Management Holdings
Ashley Coleman,"February 22, 1953",Alamo,Geosciences,Le Cordon Bleu Institute of Culinary Arts-Pittsburgh,Product Manager  Governance Risk and Compliance and Vendor Risk Management,Honda India Power Products
Nathaniel Shelton,"August 8, 1948",Pajonal,International relations,Sanford-Brown Institute-Iselin,IT Network Security Engineer,Ace Pipeline Contracts
Benjamin Martinez,"November 4, 1953",Keokea,Physics,Empire Beauty School-Pottsville,Staff Software Engineer,Fitkids Education and Training
Robert Hendrix,"December 28, 1947",Manns Harbor,Health and medical administrative services,Dewey University-Juana D?az Branch,Advanced Cyber Security Engineer,KnowledgeHut
Hector Bryant,"July 28, 1993",Auburn Lake Trails,Geological and geophysical engineering,Unity College,Principal Product Manager,KPMG Global Services
Rita Graves,"May 25, 2001",Forney,Atmospheric sciences and meteorology,Minneapolis Community and Technical College,Software Engineer and QA Automation Lead,United Spirits
Cory Hale,"January 21, 1974",Buckhead Ridge,Public policy,Academy of Esthetics and Cosmetology,Senior Product Manager,Eqic Dies & Moulds Engineers
Sherry Porter,"March 9, 1958",Boone,Nursing,Eagle Gate College-Salt Lake City,Consultant - Big Data Engineering & Platforms,Dish Infra Services
Kevin Marquez,"September 24, 2024",Coleharbor,Industrial production technologies,Minnesota School of Business-Rochester,Systems Engineer,Egniol Services
Angel Becker DVM,"February 19, 1988",Pathfork,Ecology,Pennsylvania State University-Penn State Greater Allegheny,Senior Global Workplace Strategy Leader,Satya MicroCapital
Karen Wolf,"March 9, 1967",Millsap,Business management and administration,Traxlers School of Hair,Service and Support Manager,ITM Group of Institutions
Richard Alvarez,"April 17, 2019",Morristown,Agriculture production and management,Regency Beauty Institute-Mehlville,Team Lead ServiceGrid Delivery,Texila Educational And Management Services
Jeffrey Leonard,"July 9, 1999",Sherman,Biochemical sciences,Chesapeake College,Cyber Security Software Engineer,Morepen Laboratories
Troy Baker,"March 9, 2017",Merkel,Medical technologies technicians,Dallas Baptist University,Senior Account Executive,AML RightSource
Sally Fernandez,"April 4, 1972",Westwood Lakes,Construction services,Ridley-Lowell Business and Technical Institute,Lead Embedded Software Engineer,Lycatel BPO
Dr. Melissa Sullivan DDS,"August 21, 1969",Reddell,Public policy,Arlington Medical Institute,Senior Software Engineer,ZunRoof Tech
Karen Hall,"December 28, 2024",Modoc,Physical fitness parks recreation and leisure,Truett-McConnell College,Senior Systems Engineer,Steag Energy Services
Meagan West,"December 31, 1997",Campbell Hill,Mechanical engineering,Cleveland Institute of Art,Field Systems Engineer,Wave Infratech
Rachel Watson,"January 8, 2004",Verde Village,Miscellaneous biology,Inter American University of Puerto Rico-Arecibo,Middleware Devops Enginner,Milestone Gears
Benjamin Neal,"July 23, 1990",Pioneer,General social sciences,Moore Career College,Founder (Programmer/Product Manager/Marketeer),The Hi-tech Robotic Systemz
Walter Bailey,"January 30, 2018",Hancock,Animal sciences,Springfield Technical Community College,Software Developer II,RealPage
Kyle Black,"December 7, 2021",Riverdale,Biological engineering,Florida School of Massage,Senior Salesforce Architect,NAV Backoffice
Connie Miller,"May 21, 2025",Gulf Port,Architectural engineering,ITT Technical Institute-Boise,Software Developer,Amartex Industries
David Jones,"November 30, 1980",Goodman,Secondary teacher education,Ailano School of Cosmetology,Sales Manager,Jyothy Laboratories
Robert Payne,"October 2, 2004",Port Monmouth,Art and music education,Marion Military Institute,Senior Software Developer,Allen Solly
Chad Cortez,"July 11, 1967",Belvedere,Physiology,DeVry University-Oklahoma,Senior Software Engineer in Azure Compute,J. Kumar Infraprojects
Miguel Reeves,"December 25, 1956",Dieterich,Art and music education,Wilson Community College,Cyber Security Incident Response Team,Kirloskar Toyota Textile Machinery
George Gregory,"April 7, 2015",Strathcona,Mechanical engineering related technologies,San Francisco Art Institute,Technical Support Engineer Staff,Solaris Chemtech
Deborah Reed,"March 13, 2010",Archer City,Industrial and manufacturing engineering,Rogers Academy of Hair Design,Senior Manager  Research & Strategy,The Mission Hospital
Scott Gibbs,"June 24, 2013",Moore,Mechanical engineering,Concordia College-New York,Vice President  Lead Network Engineer,Sequel Logistics
Christina King,"January 30, 1948",Wheeler,Pharmacy pharmaceutical sciences and administration,Academy College,Senior Director of Engineering and Customer Solutions,Dayanand Medical College & Hospital
Robert Stark,"May 7, 1941",Port Ewen,Multi-disciplinary or general science,Central Community College,Penetration Tester,Numerator
Patricia Fox,"July 28, 1932",Kansas,Computer science,Evergreen Beauty & Barber College-Everett,Software Engineer,Piramal Capital Housing Finance
Allison Smith,"September 19, 1973",Lyles,Community and public health,Eastern Mennonite University,UX/UI Designer,Manohar Filaments
Maria Olson,"March 28, 1935",Nevada,Other foreign languages,Simpson University,Director - SSD Product Planning | Product Line Management,Rays Power Infra
Bryan Rogers,"August 7, 1998",Fowler,Commercial art and graphic design,Mississippi School of Therapeutic Massage,Senior Software/QA Test Engineer (VoIP),Virchow Biotech
Joshua Garcia,"April 16, 1967",Homestead,Teacher education: multiple levels,Rasmussen College-Illinois,Machine Learning Engineer/Software Engineer,Happy Forging
Ashley Cordova,"August 27, 1963",Cumberland Center,N/a (less than bachelor's degree),New Dimensions Beauty Academy Inc,Product Manager,Cactus Communications
Emily Smith,"September 14, 2016",Wurtland,Information sciences,James Rumsey Technical Institute,Business Operations Manager - Global Customer Experience Operations,Stashfin
Renee Farmer,"July 10, 1948",Montz,N/a (less than bachelor's degree),Wisconsin Lutheran College,Senior Network Engineer,Park Avenue
Jacob Brewer,"June 9, 1949",Lukachukai,Chemical engineering,Hamilton Technical College,Software Engineer,OM Careers
James Morse,"December 14, 1940",Runge,Theology and religious vocations,Xenon International Academy-Wichita,Senior Cybersecurity Engineer,Kich Architectural Products
Kyle Garza,"July 8, 1949",Asharoken,Ecology,Aveda Institute Columbus,Analyst Relations,Little Nap Recliners
Melissa Reeves,"September 20, 2011",Sylvanite,Social psychology,Kent State University at East Liverpool,Technical Lead,Dar Group
Elizabeth Sanders,"May 19, 1936",Ingalls,Theology and religious vocations,Buck's County School of Beauty Culture Inc,Software Engineer,KLJ GROUP
Cathy Evans,"November 8, 1983",Wiley Ford,Fine arts,ITT Technical Institute-Everett,Computer Security Engineer Intern,Symbiosis International University
Laura Harris,"July 21, 2019",Lincoln Village,Botany,University of the Pacific,Software Engineer,Mirza International
Jon Hickman,"October 7, 2000",Cimarron City,Applied mathematics,Concord University,Graduate Student Assistant,Sourcedesk Global
Elizabeth Ferguson,"January 29, 1984",Galesburg,Biochemical sciences,Calvary Baptist Theological Seminary,ENGINEER.IV.CUSTOMER SUPPORT/CUSTOMER ADVOCACY,Bal Bharati Public School
Greg Osborne,"December 16, 1930",Golden Valley,Electrical engineering,Daymar College-Bowling Green,Camera Systems Engineer,Ziff Davis Performance Marketing
Daniel Bush,"June 2, 1978",Bailey,Biomedical engineering,Kankakee Community College,Senior Systems Engineer,Amco Batteries
Jacob Gregory,"April 28, 1968",Alton,Liberal arts,Missouri University of Science and Technology,vSAN/HCI Account Executive,eTeam
Daniel Valenzuela,"June 25, 2001",Kalona,Electrical engineering technology,Professional Massage Training Center,Cybersecurity Consultant,Delhi Police
Marco Davis,"June 25, 1997",Milledgeville,Geology and earth science,Houghton College,Member of Technical Staff Intern,Setco Automotive
Carla Goodman,"October 28, 1948",Mitchellville,N/a (less than bachelor's degree),Newbury College-Brookline,Senior Sales Engineer Enterprise/Healthcare - TN/AL/MS,Tata Cummins
Marissa Smith,"October 9, 1958",Fremont,Studio arts,Coryell Cosmetology College,Senior Software Engineer,GlaxoSmithKline Pharmaceuticals
Manuel Brock,"September 9, 1930",Guthrie Center,Mathematics,Lawrence County Career and Technical Center-Practical Nursing Program,Software Engineer,Digital Aptech
David Hall,"December 6, 1982",Del Muerto,N/a (less than bachelor's degree),Columbia College,Site Reliability Engineer,PERSOLKELLY
Roger Peters,"July 3, 2017",Kellyville,Hospitality management,Sandusky Career Center,Services Sales Manager,Magic EdTech
Robin Thompson,"June 18, 1970",Slidell,Agriculture production and management,Luna Community College,Manager  Data & Analysis,Ukay Metal Industries
Jacob Tyler,"September 14, 1939",Frank,Biomedical engineering,American Hair Academy,Systems Development Engineer,MattsenKumar
Mark Weaver,"May 23, 1986",Hudson Bend,General education,Albany Technical College,Marketing Technology Manager,OVT India
Dakota Miller,"October 26, 2003",Lewiston,Marketing and marketing research,Ohlone Community College,Product Manager,Conserve Solution
Michelle Patterson,"December 24, 1960",Cottage Grove,Community and public health,Fayette Institute of Technology,Army Account Manager,WovVTech
William Turner,"May 28, 1964",Mignon,Art history and criticism,Ohio University-Southern Campus,Senior System & DevOps Engineer,BPR Infrastructure
Christopher Mcmillan,"May 18, 1998",Springfield,Interdisciplinary social sciences,Peralta Community College System Office,Software Engineer,Nipha Exports
Mrs. Courtney Wong,"November 6, 1973",Nephi,International relations,Florida Vocational Institute,Tech Lead 1,Delta Technology
Thomas Hill Jr.,"October 23, 2022",Perkins,English language and literature,Winston Salem Barber School,Senior Business Management - Design Solution Engineer,Merkle
Sandra Rivera,"April 7, 2025",Donalsonville,Mechanical engineering related technologies,Bellevue University,Senior Director Product Management,Indiagold
Jennifer Norman,"November 14, 1935",Freeville,Zoology,ITT Technical Institute√Huntington,Network Consulting Engineer,Capco Technologies
Mr. Carl Rios,"October 21, 1945",Bellmead,General business,Carver Bible College,Senior System Engineer,VFISLK
Christopher Hill,"February 21, 2019",Woodway,Human resources and personnel management,Metro Business College-Jefferson City,Staff Software Engineer,Jindal Steel and Power
Samuel Marsh,"September 20, 2023",Winterstown,General education,Premiere Career College,Senior Client Network Architect,Shilpa Biologicals
Kyle Burke,"July 9, 1974",Luzerne,Cosmetology services and culinary arts,Pacific School of Religion,Senior Partner Account Manager - AT&T Channel,Relevantz Technology Services
Kaitlyn Parker MD,"March 12, 2025",Crimora,Oceanography,Lincoln University of Pennsylvania,WLAN Quality Engineering,Steag Energy Services
Joshua Mcgee,"August 4, 2014",Fairview,Psychology,Bon Secours St Mary's Hospital School of Medical Imaging,Senior Network Engineer,SEW Infrastructure
Katherine White,"March 13, 1953",Knoxville,Miscellaneous education,"Southeastern Technical Careers Institute, Inc.",Software Engineer,Colourtex
Christopher Bolton,"August 3, 2023",Trion,Court reporting,DeVry University-Michigan,Service Cloud Product Marketing Manager: Community Marketing and Events Manager,Upstox
Debra Baxter,"September 30, 2018",Slater,Composition and rhetoric,Leons Beauty School Inc,Senior Quality Engineer,Spinco Biotech
Michael Cook,"August 9, 1945",Glendora,Marketing and marketing research,Tennessee Technology Center at Ripley,Application Engineer,Institute of Language Management
Robert Pierce,"May 6, 1940",Brady,Library science,New York Career Institute,Senior Systems Engineer,Jaya Shree Textiles
Robert Carter,"December 12, 1967",Spring Grove,Miscellaneous education,Paul Mitchell The School Raleigh,Director of Sales,Fidelity International
Corey Thornton,"June 28, 1968",Tamaha,Industrial and manufacturing engineering,East Central College,Account Executive,Reckitt Benckiser
James Ray,"February 1, 1982",La Plata,Advertising and public relations,Knox County Career Center,Director  Product Management,Click Labs
Lawrence Adkins,"December 6, 1952",Germantown,Mechanical engineering related technologies,Kittanning Beauty School,Senior Engineer / Market Lead,Deqode
Melissa Stout,"March 15, 2016",Rocky Ridge,Linguistics and comparative language and literature,Lander University,Software Engineer,McNROE
Peter Allen,"November 1, 1977",Meriden,Medical technologies technicians,Catholic Theological Union at Chicago,Software Engineer,Dr Mohan's Diabetes Specialities Centre
Robert Skinner,"October 1, 1989",Dwight,"Nuclear, industrial radiology, and biological technologies",Emerson College,Technical Lead,Western Refrigeration
Anita Price,"November 26, 1995",Winchester,Architectural engineering,National American University-Austin,Software Engineer,Centillion Networks
Cody Woods,"August 7, 1956",Preston-Potter Hollow,Marketing and marketing research,Interior Designers Institute,Media Sales Account Executive,AbsolutData
Sara Edwards,"September 5, 1962",La Porte City,Miscellaneous engineering technologies,Boricua College,Senior Security Consultant,Govt of Karnataka
Marie Boyd,"July 4, 2007",Blountville,Mathematics,Professional Technical Institution Inc,Technical Services Product Manager  Data Center Virturalization,Third wave Coffee Roasters
Brett Burns,"February 20, 1977",North Miami,Forestry,Plaza College,Infrastructure Security Engineer,Sulzer
Carrie Thornton,"November 24, 1988",Hayesville,Linguistics and comparative language and literature,East Central University,Senior Software Engineer,Colt Technology Services
Sherry Mitchell PhD,"December 17, 1971",Binford,Music,The Academy of Radio and TV Broadcasting,Embedded Software Engineer,Delphi TVS
Steven Swanson,"July 28, 1951",Sumner,Commercial art and graphic design,Darton State College,Product Manager  Marketing,Aero Club
Joe Greene,"May 13, 2025",Pecan Gap,Business management and administration,Hillsborough Community College,Senior Sales Manager,Cygnet Infotech
Andrea Ramirez,"March 6, 1985",Hartford,Ecology,Regency Beauty Institute-Grand Rapids,National Carrier Account Executive  Strategic Carrier Sales,Inditex
Jessica Cruz,"March 6, 2012",Mitchell,Mass media,Knox County Career Center,Senior Product Manager,Bluefield Technologies
Steven Tyler,"December 8, 1969",Sunrise,Advertising and public relations,Everest Institute-Southfield,Senior Software Engineer,Delhi Police
Derrick Ramirez,"July 27, 2007",Greenfield,Medical assisting services,Michigan School of Professional Psychology,Organizational Change Manager,Axis Direct
Michael Soto,"June 5, 1975",Eek,Operations logistics and e-commerce,Empire Beauty School-Queens,Systems Engineer - CCIE Voice 26058,Vindhya Telelinks
Devin Ferrell,"June 17, 1940",Tennant,Physical sciences,Virginia College-Savannah,Senior ServiceNow Developer/Administrator,Sterling Infosystems
Dr. Mario Harris DDS,"July 24, 1968",Mammoth,Secondary teacher education,Brown Aveda Institute-Mentor,Software Security Engineer,Fortis Healthcare
Mr. Robert Acevedo MD,"December 21, 1936",Mitchell,Materials engineering and materials science,"Florida Institute of Recording, Sound and Technology",Lead Android Engineer,Cethar
Gregory Madden,"October 15, 1976",Highland Beach,Philosophy and religious studies,Eastern Washington University,Building Engineer,MAMTA Health Institute for Mother and child
Alexis Watson,"May 28, 1987",Cane Beds,Intercultural and international studies,Southwestern College,CO CEO and Head of products.,Systra Consulting
Robert Berg,"March 29, 2018",Willard,Agricultural economics,Methodist Theological School in Ohio,Senior Software Engineer,Koso India
Hannah Williamson,"September 15, 1936",Lewisville,Visual and performing arts,Seward County Community College and Area Technical School,Python Developer,All India Institute of Local Self Government
Jonathan Long,"March 4, 1978",Baldwin,Public policy,Urshan Graduate School of Theology,Software Engineer,Win Medicare
Dale Wright,"February 17, 1978",Kaumakani,General social sciences,Triangle Tech Inc-Sunbury,Senior Director Solutions Marketing,Mediamint
Brenda Gallegos,"March 23, 2022",North College Hill,French german latin and other common foreign language studies,Maria College of Albany,Product Marketing Manager  Platform,Sayaji Industries
Mitchell Anderson,"December 18, 1999",Reminderville,Aerospace engineering,ITT Technical Institute-Portland,Software Engineer,Fitness First
Thomas Morrison,"January 18, 1989",Falman,General medical and health services,Northland College,Software Engineer,Flipkart Health+
Sean Burton,"August 24, 1990",Crystal Bay,Electrical engineering technology,Nationwide Beauty Academy,Software Engineer,J. C. Penney
Emily Lopez,"October 8, 1959",Paxville,Biomedical engineering,Oregon Career & Technology Center,Data Center/Infrastructure Engineer,Intertrust Group
Pamela Aguirre,"December 31, 1967",Palmhurst,Educational psychology,CET-Gilroy,Product Manager,Hexagon Capability Center
Michael Jensen,"March 10, 1947",Enigma,Nutrition sciences,Michigan State University,Software Engineer,Continental Tyres
Sherry Decker,"April 22, 1949",Garcon Point,Military technologies,Saint Vincent College,Technical Support Engineer,OM Careers
Michael Savage,"August 28, 1980",Freedom,Elementary education,International Beauty Academy,Software Developer Intern,Mvs Acmei Technologies
Elizabeth Cross,"April 11, 2001",Oakridge,Miscellaneous engineering technologies,Regency Beauty Institute-St. Cloud,Software Engineer,Welcomhotel By ITC Hotels
Nicole Roberson,"April 27, 1996",Merchantville,Mathematics and computer science,University of Bridgeport,Senior Director  Business Development,MosChip Technologies
Jose Mckinney,"November 4, 1945",Reinholds,Commercial art and graphic design,Mirrer Yeshiva Cent Institute,Software Engineer,Towell Engineering Group
Rhonda Willis,"November 23, 1987",Foosland,Humanities,Mid-Atlantic Christian University,Front End Software Engineer,Central Institute of Mining and Fuel Research
Marilyn Holmes,"June 29, 1958",Pukwana,Biology,Creative Images Institute of Cosmetology-South Dayton,Principal Consultant,Atomberg Technologies
Olivia Gonzalez,"October 17, 1997",Addieville,Molecular biology,Texas School of Business-Friendswood,Agile Coach - Agile Project Manager,Qinecsa Solutions
Luke Smith,"May 27, 1991",Flowing Springs,Psychology,J F Ingram State Technical College,Senior Engineer,Samsung C&T
Jennifer Roman,"July 21, 2014",Columbus,Visual and performing arts,CET-San Bernardino,Natonal Account Manager,RAK Ceramics
Sarah Frost,"September 17, 2000",Hartford,Humanities,Le Cordon Bleu College of Culinary Arts-Portland,Senior Software Engineer,Harsco
Joseph Mendoza,"January 30, 2019",Cheboygan,Construction services,Austin's School of Spa Technology,Business Analyst,JPAL
Sara Hernandez,"July 15, 1947",Hill City,Film video and photographic arts,Crafton Hills College,Director  IT Engineering,Nippo Batteries
Ana Higgins,"December 3, 1949",Wallenpaupack Lake Estates,Community and public health,American Medical Sciences Center,Software Engineer,ESIC Medical College and Hospital
Jennifer Mack,"September 1, 2005",Krotz Springs,Multi/interdisciplinary studies,Williston State College,Senior Member of Technical Staff,Lloyd Electric & Engineering
Tyler Fisher,"November 11, 2005",Toronto,United states history,CHOICE High School and Technical Center,Solutions Engineer,Chassis Brakes International
Samantha Jacobs,"May 8, 1956",Bethel Island,Architecture,Hazleton Area Career Center,Senior Front End Architect,Covenant Consultants
Melissa Yang,"October 6, 1978",Collegeville,Multi/interdisciplinary studies,Miller-Motte Technical College,Senior Software Engineer,Learning Links Foundation
Karen Jackson DVM,"May 22, 1968",Fair Oaks,Miscellaneous biology,Anderson University,Principal Architect,Jubilant Ingrevia
Dawn Allen,"April 7, 1950",Lake Montezuma,Computer and information systems,Vet Tech Institute of Houston,Senior Automation Engineer,A.t.e. Enterprises
Arthur Campbell,"August 14, 2000",Clontarf,Engineering technologies,Interior Designers Institute,Services Consulting Engineer,Balasore Alloys
Mariah Thompson,"August 4, 2008",Beverly Shores,Neuroscience,West Virginia University at Parkersburg,Technical Manager,Orient Bell
Tyler Fisher,"November 11, 2005",Toronto,United states history,CHOICE High School and Technical Center,Solutions Engineer,Chassis Brakes International
Matthew Reynolds,"July 17, 1930",Troy,Molecular biology,Hispanic American College,English teacher,Daimler India Commercial Vehicles
Joseph Gould,"November 22, 2022",James City,Nuclear engineering,Wheaton College,Product Development and Engineering Manager,QBurst Technologies
Amanda Garcia,"April 11, 1974",Addison,Industrial production technologies,Jefferson College of Health Sciences,Software Developer,Richa Global Export
Peggy Singleton,"April 17, 2008",Garner,Aerospace engineering,University of Louisiana-Monroe,Technical Marketing,Emonics
Rebecca Beard,"May 7, 1995",Welch,Mathematics,Polytechnic University of Puerto Rico-Miami Campus,Social Media Communications Specialist,Rain Industries
Nicole Richards,"November 25, 1931",South San Jose Hills,Electrical engineering technology,The University of the Arts,Software Engineer 3,Mynd Solutions Private
Sara Johnston,"July 9, 2007",Crocker,Molecular biology,Jamestown Community College,Software Engineer,Iffco Tokio General Insurance Co.
Christopher Banks,"June 2, 2012",Kingsland,Miscellaneous engineering technologies,Georgetown College,Director of Software Engineering,Codilar Technologies
Shawn Luna,"November 1, 1976",Fort Drum,Miscellaneous engineering,University of Cosmetology Arts & Sciences-San Antonio Jamar,Hardware Engineer,Paras Spices
Kimberly Stone DDS,"February 10, 2019",Anderson,Food science,Bryan University,Engineering Program Manager,Samsung Display
Jessica Bell,"November 6, 1953",Waldo,Agriculture production and management,Mid-America Christian University,Senior Product Manager,Kd Logistics
Kristen Peters,"January 13, 1998",Ogema,Library science,Virginia Intermont College,Product Manager,BHEL
Pamela Hill,"May 26, 1977",Easthampton,Actuarial science,Empire Beauty School-Wyoming Valley,PTD Process Development Engineer,Adnet Global
Christopher Gay,"May 28, 1932",Jackson,Science and computer teacher education,University of California-Los Angeles,Director Product Management,TTEC India
Joshua Simpson,"August 13, 1930",Raemon,Physical fitness parks recreation and leisure,North American College,National Practice Lead SDDC / SDN   and Technical Innovation Group at CDW,Abaris Healthcare
Michele Davis,"September 3, 1960",Virginia City,Botany,Saint Vincent College,Software Engineer II,Mashreq Global Services
Michelle Mcdonald,"November 7, 1971",Nemaha,Biology,Tidewater Community College,Staff SecOps Engineer,Market Xcel Data Matrix
Adam Shannon,"February 23, 1969",Creola,Engineering technologies,New England Tractor Trailer Training School of Massachusetts,Senior Finance Manager,HomeShop18
Heather Russell,"April 26, 1989",Oakvale,Multi-disciplinary or general science,South University-Tampa,Principal Member Of Technical Staff - Security Software Engineer,Sintex Industries
Charles Hernandez,"March 29, 1942",Roland,Clinical psychology,Strayer University-Maryland,Senior Manager  IT Managed Services,Weather Risk Management Services
Rebecca Hicks,"July 24, 2004",Marysville,Computer science,ITT Technical Institute-San Dimas,Strategic Sourcing Manager  Global Manufacturing Operations,Arcesium
Daniel Taylor,"September 20, 1992",Rule,Construction services,Empire Beauty School-Florence,Senior Software Engineer(Contract),TeraSoftware
Michael Barker,"February 27, 2005",Dennis Port,Library science,Frostburg State University,Senior Software Developer,Accutech Power Solutions
Lori Green,"July 31, 1975",Pisgah,Social work,Covenant Theological Seminary,CPU Verification Engineer,Ramdev Food Products
Denise Wallace,"July 19, 1947",Corona,Biochemical sciences,Paul Mitchell The School-Arlington,Senior Product Manager,Carnival Group
Kelly Weiss,"March 5, 1988",Kinsman,Hospitality management,Southwest Collegiate Institute for the Deaf,National Account Manager,Metro Brands
Sheri Murphy,"October 18, 1997",Riverton,Cognitive science and biopsychology,The Bryman School of Arizona,System Engineer,Clarus Rcm Infotech
Bonnie Santos,"April 20, 1930",Pacolet,Economics,Career Development Institute,Lead DevOps/Database Engineer,ContinuServe Softech India
Autumn Gomez,"April 14, 1975",Billington Heights,Chemical engineering,Brensten Education,Staff Software Engineer,LGB Forge
Anthony Brown,"January 17, 1995",Orem,Library science,Southeast Kentucky Community and Technical College,Senior Product Manager,Lotus Herbals Private Limited
Amy Bailey,"May 22, 2011",Santa Teresa,N/a (less than bachelor's degree),Argosy University-Orange County,Senior Sales Engineer,Gujarat Gas
Nicholas Tran,"July 19, 1948",Athens,Business economics,Southern California Institute of Technology,Client Solutions Architect,Black Box Corporation
Makayla Friedman,"October 19, 1962",North Yelm,Zoology,Cosmetology College of Franklin County,Senior Systems  Engineer,TP Central Odisha Distribution
Justin Dalton,"December 25, 2022",Nellis AFB,Court reporting,New England Tractor Trailer Training School,Solution Architect,Stanza Living
Jason Nixon,"July 24, 1998",Arcadia,Electrical engineering,Institute of Technology Inc,Reviewer,Horiba India
Adriana Johnson,"May 22, 1949",Lanesboro,History,Heritage Institute-Jacksonville,AWS DevOps Engineer,Tata Housing Development Company
Cindy Cannon,"March 21, 1981",North Pembroke,Mining and mineral engineering,Colegio Educativo Tecnologico Industrial Inc,Product Marketing and Product Launch Advisor and Consultant,SAI Life Sciences
Paul Anderson,"May 12, 1990",Hamilton,English language and literature,College of Massage Therapy,Vice President of Network Managed Services,Gold Plus Glass
Donna Sexton,"July 12, 1934",Salem,Clinical psychology,Washington Saratoga Warren Hamilton Essex BOCES-Practical Nursing,Customer Support Engineer,Element14
Jonathan Davis,"August 30, 1966",Lake City,Engineering and industrial management,Champlain College,Co-founder,Allcargo Logistics
Christopher Perez,"May 11, 1977",Alanson,Mathematics and computer science,ITT Technical Institute-Fort Wayne,Senior Product Manager,Analytix Business Solutions
Susan Melendez,"January 19, 1948",Caroga Lake,Social work,Sanford-Brown Institute-Pittsburgh,Senior Cybersecurity Instructor,Fipola Retail
Samuel Phillips,"January 22, 1943",Erwin,Chemical engineering,Everest Institute-Hialeah,Senior Project Network Engineer,Surya Roshni
Sean Peters,"June 4, 1982",Bell Acres,Physical sciences,The Hair Design School-Jackson,Software Engineer,Stellar Information Technology
Kathy Lewis,"March 11, 1942",Allen,Metallurgical engineering,Regency Beauty Institute-Independence,Program Manager,Fertilisers and Chemicals Travancore
Travis Allen,"March 5, 1942",Fort Yates,Industrial and manufacturing engineering,Marion S Whelan School of Nursing of Geneva General Hospital,Systems Engineer,Varite
Anthony Werner,"March 25, 2003",Briar,Art and music education,University of Phoenix-Fairfield County Campus,Senior Technical Program Manager,ZunRoof Tech
Christopher Houston,"June 10, 2007",Deer Park,Electrical engineering,Mt Hood Community College,Senior Systems Engineer,Crystal Travel
Sandra Guerra,"January 22, 2014",Freeman,Business economics,Professionals Choice Hair Design Academy,Account Executive,BSH Home Appliances Group
Sara Goodman,"October 5, 1953",Dodge City,Miscellaneous psychology,Orlo School of Hair Design and Cosmetology,Software Engineer,Sri Sri Tattva
Jody Phillips,"December 6, 2020",Mount Holly,Biology,Walton Career Development Center,Software Engineer V (SR),Wingtech Mobile Communication
Kyle Andrade,"April 19, 2012",Potlatch,Petroleum engineering,Newbridge College-Santa Ana,Adjunct Professor,GMR Hyderabad International Airport
John Elliott,"April 29, 1976",Valliant,Communications,Reflexology Certification Institute,Global Network Delivery Manager,NEC Corporation of America
Heather Gordon,"May 7, 2001",Evadale,Oceanography,Monmouth University,Senior Systems Engineer,Apollomedics Super Speciality Hospitals
Makayla Friedman,"October 19, 1962",North Yelm,Zoology,Cosmetology College of Franklin County,Senior Systems  Engineer,TP Central Odisha Distribution
Jeffrey Miller,"August 2, 1997",Herington,Fine arts,Saint Peter's University,Executive Assistant,Dimension Data
Amy Kennedy,"August 12, 1945",Longville,Theology and religious vocations,The College of Saint Rose,Engineering Manager,Zacks Research
Stephen Cowan,"June 20, 1939",Clarksburg,Agricultural economics,State College of Florida-Manatee-Sarasota,Principal Engineer - SW,SJS Enterprises
Gerald Romero,"April 30, 1953",Woodbourne,Oceanography,Copiah-Lincoln Community College,Integrations Director,Satya MicroCapital
Vanessa Santiago,"July 20, 1940",Astoria,Oceanography,San Bernardino Community College District,Cloud Engineer,Adani Enterprises
Laurie Carter,"May 20, 2005",Aromas,Cosmetology services and culinary arts,Sanford-Brown College-Dallas,Senior Software Engineer,Sridevi Tool Engineers
Daniel Young,"September 28, 2006",Otho,Accounting,San Joaquin Valley College-Rancho Cordova,Director Of Engineering  Converged Infrastructure,Ansal Housing & Construction
Jeffrey White,"August 19, 2015",Matamoras,Composition and rhetoric,Sullivan County BOCES-Practical Nursing Program,Java Architect,Technosoft Corporation
Douglas Santos,"July 3, 1935",Gerald,English language and literature,Upper Valley Career Center,Head of Platform and Partnerships  IOT BU,BASIX Academy for Building Lifelong Employability
Larry Benson,"May 18, 1988",Belton,Hospitality management,Huston-Tillotson University,Senior Director  Product,Telstra
Matthew Khan,"February 9, 1971",Lake Village,Drama and theater arts,Professional Golfers Career College,Product Manager,Essel Group
Kevin Smith,"September 10, 1965",Luxora,Biological engineering,Manhattan Hairstyling Academy,Commercial Insurance Agent,Roto Pumps
Chad Escobar,"January 16, 1978",Timber Pines,Oceanography,Kussad Institute of Court Reporting,Senior Software Engineer,Wildcraft
Elizabeth Hayes,"August 3, 2018",Sugden,Environmental engineering,Life Pacific College,Senior Product Manager  Integrations & Authentication,Marelli Motherson Automotive Lighting
Thomas Black,"April 24, 2013",Cooter,Finance,Luther Rice University & Seminary,Software Engineer 4,Psychotropics India
Patrick Duncan,"December 20, 1955",Enderlin,Statistics and decision science,Hartwick College,Lead Monitoring Engineer,Raksha TPA
Justin Bishop,"December 19, 1970",Laddonia,History,Boulder College of Massage Therapy,Financial Operations Analyst,SquadStack
Phillip Herman,"October 30, 1968",Lawnside,Information sciences,Virginia Wesleyan College,Systems Engineer,United Nations Development Programme
Maurice Santos,"August 6, 1936",Soper,General social sciences,Moraine Park Technical College,Senior Unified Communications Engineer,Identifyplus Delivery Services
Robert Stark,"May 7, 1941",Port Ewen,Multi-disciplinary or general science,Central Community College,Penetration Tester,Numerator
Patricia Harvey,"March 20, 1963",Battle Lake,Industrial production technologies,Rogies School of Beauty Culture-Santurce,Technical Support Engineer - Tier II,Calibrated Healthcare Systems
Sharon Mann,"August 7, 1952",Rio Rico,Plant science and agronomy,University of Houston,Senior Technical Lead,Escon Elevators
Sherry Franco,"January 6, 1943",Big Stone City,Social science or history teacher education,Colorado Technical University-Kansas City,Director,Shalimar Paints
Patrick Rios,"May 1, 1971",Lutsen,Geosciences,New York Methodist Hospital Center for Allied Health Education,Senior Field Marketing Manager,Sagar Cements
Gregory Stanley,"July 19, 1935",Randall,Sociology,Taylor University,Systems Engineering Manager,Aditya Birla Group
James Oconnor,"October 23, 1948",Benedict,Sociology,Empire Beauty School-Littleton,Director Product Management,ESIC Medical College and Hospital
Ronald Myers,"July 6, 1986",Cedar Mills,Visual and performing arts,American College of Hairstyling-Des Moines,Construction Project Manager,Cadence Design Systems
Nathan Maldonado,"October 2, 2016",Detroit,Miscellaneous engineering technologies,Ocean County Vocational-Technical School,Technical Leader,Bse Institute
Laura Robertson,"March 16, 1958",Yorktown,Family and consumer sciences,Regency Beauty Institute-Olathe,Senior Product Manager,Sathavahana Ispat
Renee Farmer,"July 10, 1948",Montz,N/a (less than bachelor's degree),Wisconsin Lutheran College,Senior Network Engineer,Park Avenue
Brian Hendricks,"December 26, 1940",Bloomfield,Chemistry,Liceo de Arte-Dise-O y Comercio,Solutions Architect,MamaEarth
Paul Keller,"May 28, 1984",Lincoln Village,Communication technologies,St Mary's College of Maryland,Sales / Design Engineer,Nagarjuna Construction Company
Lauren Jackson,"April 30, 1938",Oakdale,Architectural engineering,University of Phoenix-Birmingham Campus,Staff Engineer  Unified Communications,Financial Software & Systems
Bryan Lopez,"November 1, 2012",Highland,Agricultural economics,University of Bridgeport,Head of Unified Communications Services,Saurav Chemicals
Melanie Ballard,"October 14, 2019",Tomales,Educational psychology,Austin Kade Academy,Software Engineer,Shriram Life Insurance
Larry Dixon,"June 6, 1994",East Marion,Forestry,Central Career Institute LLC,Splunker,Quality Council of India
Daniel Molina,"July 24, 1947",Springfield,Political science and government,Tint School of Makeup and Cosmetology-Irving,CCIE 4905 Network Architect,GlaxoSmithKline Pharmaceuticals
Cindy Lang MD,"December 31, 1970",Beaver,Communication disorders sciences and services,Texas Lutheran University,Staff Software Engineer,Popular Vehicles and Services
Brian Mejia,"July 29, 1997",Prior Lake,Psychology,San Juan College,Senior Manager  Global Strategic Marketing  Global Strategic Insights,VIT University
Christopher Mcclure,"October 7, 1994",Aurora,Philosophy and religious studies,Charles Stuart School of Diamond Setting,SRE Tools developer,Artech Infosystems
Kelly King,"March 13, 1990",Baylis,School student counseling,Century College,Technical Lead/Architect,SRM Institute of Science and Technology
Cameron Fisher,"February 22, 1989",Nottoway Court House,Library science,ITT Technical Institute-Miami,Application Security Consultant,ANR Software Private Limited
Lisa Salazar,"June 30, 2012",Hamilton,Computer programming and data processing,Louisburg College,Customer Support Engineer,Moody's Analytics
James Whitaker,"August 7, 1989",Barnhill,Multi/interdisciplinary studies,Endicott College,Software Engineer,Force Motors
Alexandria Collins,"August 1, 1939",Brackettville,Medical assisting services,South Orange County Community College District,Application Security Engineer,Self Practice
Randy Smith,"October 17, 1958",Prospect,Mechanical engineering,Mercy College,Technical Lead,STT Global Data Centres India
Dean Sanchez,"April 18, 1939",Upper Bear Creek,French german latin and other common foreign language studies,Newschool of Architecture and Design,Network Engineer,Cubic Transportation Systems
Colton Green,"April 23, 2007",Camden,Journalism,YTI Career Institute-Capital Region,DevOps Engineer,Actalent Engineering & Sciences
Elizabeth Perkins,"April 22, 1993",Brookhaven,Nuclear engineering,Quality Technical and Beauty College,Head of Sales Engineering (North America),Uniqlo
Alison Adams,"October 21, 1964",Preston,General agriculture,Coral Ridge Nurses Assistant Training School Inc,Senior Director Global Channel GTM Strategy and Programs,Input Zero Technologies
Michael Jones,"March 9, 1932",East Dunseith,Physical sciences,The University of Findlay,Senior Network Engineer,Studds Accessories
Antonio Mccormick,"April 24, 1938",Montalvin Manor,Communication technologies,DeVry University's Keller Graduate School of Management-Kentucky,Sales Engineer,Cotiviti
Grace Green,"November 21, 1952",Oil City,Intercultural and international studies,Caribbean University-Ponce,Principal Mechanical Engineer,Verizon
Jenna Velazquez,"June 8, 1931",West Des Moines,General education,Saint Meinrad School of Theology,Program Manager,AmberStudent
Vickie Anderson,"October 4, 1932",Littleton,Composition and rhetoric,Mr Bela's School of Cosmetology Inc,Engineer 1,University of Engineering and Management
Charles Sanchez,"June 25, 1979",Cohoe,Film video and photographic arts,Star Career Academy-Egg Harbor,Data Center Specialist,OnProcess Technology
Donald Smith,"April 1, 2012",Kings Mills,Nursing,Interactive Learning Systems-Pasadena,Information Security Specialist,Meneta Automotive Components
April Hull,"October 8, 2025",Lebanon,Materials engineering and materials science,Roseman University of Health Sciences,Hardware Engineer,Galfar Al Misnad Engineering Contracting W L L
Nicole Parrish,"July 20, 2017",Nashville,Linguistics and comparative language and literature,Fort Lewis College,Director,Imarque Solutions
Sydney Sanders,"April 16, 2002",Red Wing,Psychology,Beauty Schools of America-Miami,Senior Test Automation Engineer,NextGen Healthcare
Lisa Wagner,"September 19, 2008",Branchville,Visual and performing arts,Widener University-Delaware Campus,Practice Director,Elcamino Software
William Casey,"September 10, 1999",Caneyville,Metallurgical engineering,Westwood College-Houston South,Associate Senior Software Engineer,K R Mangalam University
Jessica Barnett,"October 12, 1999",Enon Valley,Secondary teacher education,Dixie Applied Technology College,Embedded Cyber Security Engineer,Knack Systems
Christina Mullen,"March 27, 1996",Abbeville,Public policy,Paul Mitchell the School-Green Bay,Senior Manager  Product Marketing,ARCADIS
Rachel Clayton,"March 3, 1985",Raynham,English language and literature,Kaplan College-Hammond,Product management - Data Analytics and Hybrid Cloud,SHARON BIO MEDICINE
Nicole Phillips,"April 1, 2016",Polk,Humanities,Guy's Shreveport Academy of Cosmetology Inc,Director of Sales,Cornerstone OnDemand
Jeffrey Harrell,"June 20, 1973",Estill Springs,Mass media,Oregon College of Oriental Medicine,Account Executive  Leadership Communications and Employee Experience,Connectwise India
Michael Burns,"December 1, 1979",Hillcrest,Miscellaneous social sciences,Ohio State College of Barber Styling,Director Systems Consulting,Bluechip Corporate Investment Centre
Edward Greene,"February 14, 1991",Barboursville,Astronomy and astrophysics,University of Phoenix-Jersey City Campus,Engineering Manager | Cloud Computing for Autonomous Technologies,Escorts Railway Equipment Division
James Franklin,"January 28, 1984",Palm Bay,Animal sciences,California Western School of Law,Account Manager,Arch Pharmalabs
Robert Taylor,"March 2, 1948",Lostant,Library science,Regency Beauty Institute-Greenwood,Software Engineer,eMudhra
Sarah Berry,"September 6, 1955",Parkersburg,Mathematics,Argosy University-Washington D.C.,Customer Support Engineer,McNROE
Gregory Stanley,"July 19, 1935",Randall,Sociology,Taylor University,Systems Engineering Manager,Aditya Birla Group
Fred Smith,"March 26, 1965",Cade,Finance,Anthem Career College-Nashville,Digital Process Transformation Master Black Belt,Press Fit Pipe And Profile
Melissa Nguyen DVM,"January 5, 1989",Cadiz,Naval architecture and marine engineering,Piedmont Community College,Senior Sales Engineer,Ganga Medical Centre & Hospitals
Sabrina Henderson DVM,"October 17, 1988",Pray,Liberal arts,Columbia University in the City of New York,Principal Software Engineer,WWF-India
Virginia Jimenez,"May 6, 2023",Shaniko,International business,The Art Institute of Raleigh-Durham,Data Scientist,Dharampal Premchand
Ryan Alvarez,"February 16, 2014",Oasis,Educational administration and supervision,Valley College-Princeton,Global Director of Product Marketing,Clove Dental
Jasmine Day,"July 1, 1975",Offerman,Genetics,Evans Hairstyling College-Cedar City,Lead Technical Architect,Vogo Automotive
Stacey Stone,"August 31, 1968",Glenside,Composition and rhetoric,Golden West College,Solution Test Engineer,Shaily Engineering Plastics
Lauren Walker,"September 2, 1973",Exeter,Pre-law and legal studies,Cannella School of Hair Design-Blue Island,Manager  Technology,Srijan Technologies
Tammy Finley,"May 12, 2005",Havre de Grace,Plant science and agronomy,Eastern Oklahoma State College,Senior Software Engineer,Worldwide Oilfield Machine
Rebecca Lee,"August 2, 2008",New Stuyahok,Educational psychology,Chippewa Valley Technical College,Senior Manager - Sales and Services IT,Sajjan India
Oscar Carroll,"December 2, 2005",Roy,Nuclear engineering,Euphoria Institute of Beauty Arts & Sciences-Summerlin,Founder  CEO & Chairman,Varroc Group
Erica Baker,"March 18, 1958",Waynesboro,Health and medical preparatory programs,Hair Design Institute at Fifth Avenue-New York,Principal Software Engineer,Trigyn Technologies
Paul Wagner,"May 12, 1980",Benton Harbor,Social work,Cheyney University of Pennsylvania,Software Engineer,Allsec Technologies
Robert Marquez,"August 7, 1956",Sheldon,Biochemical sciences,Kaplan College-Las Vegas,DevOps Architect,Emirates Flight Catering
Jenny Cardenas,"September 16, 2017",Keedysville,Communication disorders sciences and services,Star Career Academy-Newark,Chief Cybersecurity Officer,Gameskraft
Mrs. Valerie Owens,"July 1, 1934",Heathcote,Family and consumer sciences,Kiamichi Technology Center-McAlester,Technology & System Administrator,India Cements
Douglas Grant,"January 26, 2018",Depauville,Atmospheric sciences and meteorology,Blue Ridge Community and Technical College,Writer,Kyndryl
Emma Reed,"September 12, 2013",Beluga,Forestry,North American Trade Schools,Director Sales Engineering-Cloud & Networking Group,Essae Teraoka
Tina Reynolds,"July 9, 1955",Chenango Bridge,Computer programming and data processing,Holy Family University,Systems Engineer,GD Goenka University
Abigail Mills MD,"June 28, 2000",Tekoa,Plant science and agronomy,Brittany Beauty School,Staff Software Engineer,Shriram Automall
Jacob Peters,"October 18, 1943",Richville,Nutrition sciences,Vet Tech Institute,Director of Operations  Service Provider CTO Strategy Development Team,NIS Management Private
Lauren Watts,"November 13, 1962",Rye,Molecular biology,Empire Beauty School-Springfield,Senior Manager. Technical Program & Release Management. Cybersecurity,Amp Motors
Eric Chang,"April 3, 2024",Keller,Naval architecture and marine engineering,Oklahoma Baptist University,General Manager,Primus Global Technologies
Jamie Griffin,"February 8, 2010",Enon Valley,Environmental engineering,Brewster Technical Center,Software Engineer,Eaton India Innovation Center
Cassidy Paul,"June 24, 2024",Fort Dix,Business economics,DeVry University-Wisconsin,Senior Software Developer,Adani Capital
Kelly Weiss,"March 5, 1988",Kinsman,Hospitality management,Southwest Collegiate Institute for the Deaf,National Account Manager,Metro Brands
Danielle Wang,"November 6, 2001",North Olmsted,Advertising and public relations,Southern Careers Institute-Harlingen,Product Manager,Optimus Global Services
Craig Patterson,"March 7, 1962",Steele,Geosciences,State College of Florida-Manatee-Sarasota,Corporate Systems Engineer,TVS Electronics
Aaron Aguirre,"March 31, 2006",Allensworth,Commercial art and graphic design,International Business College-Indianapolis,Senior Devops/Cloud Architect,Ivy Hospital
Mrs. Brenda Harrington,"April 28, 1993",Dix,Miscellaneous education,Gallery College of Beauty,Growth Marketing Analyst,Hinduja Group
Travis Schneider,"July 3, 2024",Flat Rock,Counseling psychology,South Dakota State University,Product Marketing Manager,Wipro PARI
Timothy Jacobs,"January 27, 1994",South Naknek,Geosciences,Strayer University-Illinois,Security Engineer,Konstelec Engineers
Alicia Obrien,"August 21, 1984",San Jose,Naval architecture and marine engineering,Jefferson County Dubois Area Vocational Technical Practical Nursing Program,Marketing Manager,Netxcell
Mr. Carl Rios,"October 21, 1945",Bellmead,General business,Carver Bible College,Senior System Engineer,VFISLK
Cynthia Williams,"June 23, 2013",Merino,Computer networking and telecommunications,Pat Goins Beauty School,Software Engineer,Yodlee
Kaitlyn Valdez,"October 31, 1934",Hillsdale,Community and public health,"International College of Beauty, Arts & Sciences",UX Designer via Collabera,JL Morison India
Maria Valenzuela,"May 23, 1964",Wakefield,Liberal arts,Educators of Beauty-La Salle,Customer Experience Manager,Dakshin Haryana Bijli Vitran Nigam
Gary Montgomery,"March 23, 1949",Mason City,Cognitive science and biopsychology,Remington College-Shreveport Campus,Software Test Engineer,Birla Open Minds International School
Leon Duncan,"February 28, 1988",Gold Hill,Materials engineering and materials science,Central Coast College,Product Manager,Puthur Infotech
Kimberly Sanders,"March 19, 2012",River Pines,Mechanical engineering,University of Dallas,Devops Engineer,Hospet Steels
Penny West,"September 27, 1983",Appleton,Food science,Phagans Newport Academy of Cosmetology Careers,Supplier Commodity Manager,MRCC Solutions
Jake Shaw,"December 6, 1931",Sharonville,Sociology,The Medical Arts School,Director Of Engineering - Open Source / Big Data Solutions,Ashv Finance
Matthew Alvarez,"February 6, 1993",Eugene,Management information systems and statistics,Sacred Heart University,Recruiter,Hitachi Systems Micro Clinic
Angela Potts,"September 7, 1970",Breckenridge,Biological engineering,Marywood University,Data Solution Architect,Maxvalue Credits & Investments
Olivia Harris,"August 19, 2005",Pennsbury Village,Early childhood education,Northwest Aviation College,Software Engineer,Grauer & Weil (i)
Tammie Castillo,"October 12, 1934",Pleasant View,General engineering,Santa Fe Community College,Software Engineer,Freight Systems
Amy Higgins,"August 29, 2008",Donnybrook,Liberal arts,Maysville Community and Technical College,JavaScript Developer,Sky Gourmet Catering
Daniel Cook,"September 30, 1979",Jenkinsburg,Petroleum engineering,J F Drake State Community and Technical College,Senior Staff Engineer,iNeuron.ai
Patrick Richardson,"October 25, 1964",Octavia,Metallurgical engineering,Kaplan University-Omaha Campus,Founder,RNF Technologies
Debbie Schneider,"December 11, 1952",Sunset,Communications,The University of Texas at Austin,Senior Network Architect,Azuga Telematics
Thomas Austin,"June 30, 2014",Hoxie,Computer and information systems,Aerosim Flight Academy,Software Engineering Intern,Techmagnate
William Morse,"January 24, 1930",Gate City,Engineering mechanics physics and science,Clark College,Inside Sales Account Executive - Northeast,Reliance Retail
Karen Graham,"September 14, 1984",Schoeneck,Miscellaneous social sciences,Pensacola School of Massage Therapy & Health Careers,Product Management,ABCD
Daniel Tucker,"August 29, 1973",Centerburg,Miscellaneous social sciences,Strayer University-Texas,Sales Engineer,Shivalik Rasayan
Jeffrey Myers V,"April 26, 1987",Palm Coast,Area ethnic and civilization studies,West Virginia Business College-Wheeling,Program Manager,W3Softech India
Deborah Ramos,"January 14, 1968",Rush Hill,Communication disorders sciences and services,Virginia School of Massage,Staff Engineer  Customer Focused Technical Support(SDN/NFV),Koyo Bearings India
Amy Boone,"September 16, 1939",Mayfield,Mathematics and computer science,MedTech College-Ft Wayne Campus,IT Business Analyst,Global Hospital Pune India
Haley Mccoy,"April 3, 1970",Fairview,General medical and health services,Indiana University-Southeast,IT Network Security Engineer,Naiknavare Developers
Sharon Miller,"April 8, 1987",McKenney,Pre-law and legal studies,Waynesburg University,Senior Manager  Client Services,Kalyan Toll Infrastructure
Tonya Kemp,"November 14, 1971",Searles Valley,"Nuclear, industrial radiology, and biological technologies",Phagans School of Beauty,Consulting Architect,Terex
Juan Johnson,"November 1, 2003",Elberta,Humanities,ITT Technical Institute-Indianapolis East,Senior DevOps Engineer,Grazitti Interactive
Jason Walker,"April 21, 1954",Kewaunee,Secondary teacher education,Cortiva Institute-Pennsylvania School of Muscle Therapy,Senior Engineer,Merino Panel Products
Mckenzie Chavez,"February 21, 2001",Friendship,Biology,Plaza College,Senior Network Engineer,Embee Software
Ashley Phillips,"December 29, 1937",Shakopee,Actuarial science,George C Wallace State Community College-Selma,Software Engineer,Precision Camshafts
Joshua Sims,"April 1, 2025",Dustin Acres,Agriculture production and management,International Yacht Restoration School,System Engineer,Virbac Animal Health
Lauren Higgins,"August 22, 1996",Buckner,Biomedical engineering,ITT Technical Institute√Corona,Senior IT Project Manager  M/A Integration Management Office,Canam Consultants
Rachel Miller,"January 31, 1951",Jamestown West,Miscellaneous biology,The Art Institute of Atlanta,Software Development Engineer in Test II,Boston Scientific
Brian Webb,"May 29, 1984",Bromide,Elementary education,William Jessup University,Lead Network Engineer/IP Core Engineering,Indwell
Sandy Evans,"July 29, 2009",Westville,Composition and rhetoric,Divers Institute of Technology,Software Engineer,Pothys
Emily Lopez,"October 8, 1959",Paxville,Biomedical engineering,Oregon Career & Technology Center,Data Center/Infrastructure Engineer,Intertrust Group
Chad Hurley,"November 24, 1937",Franklin Square,Ecology,Final Touch Beauty School,Advisory Solution Consultant,Swal Corporation
Glenn Lawrence,"May 8, 1978",Key Largo,Library science,Yeshiva Gedolah Imrei Yosef D'spinka,Senior Application Developer,CAMP Systems
Annette Green,"January 30, 1937",Mountain Grove,Commercial art and graphic design,Jarvis Christian College,Senior Android Developer,Wonder Home Finance
Kristie Hendrix MD,"January 19, 1975",Port Allegany,United states history,North-West College-Pomona,Manager Marketing Operations,Ayoki Fabricon
Pamela Davis,"November 18, 1945",Kohler,Court reporting,Sacred Heart School of Theology,Marketing Manager  Account Based Marketing,Renault-Nissan
Mary Donaldson,"February 11, 1974",East Brewton,Chemical engineering,Headlines Academy Inc,Software Engineer,Texas Review
Pam Miller,"October 28, 1930",Carson,Chemistry,Fortis College,Senior Member of Technical Staff,SATTRIX Information Security
Catherine Soto,"November 7, 1942",Lake of the Woods,Biology,San Francisco Art Institute,Renewal Analyst,Vakilsearch
Alvin Wilson,"November 22, 1990",Hastings,Plant science and agronomy,Fox College Inc,DevOps Engineer | ...Because life is too short for manual delivery!,Creative Garments
Scott Herrera,"March 2, 2001",Grand Forks,Geological and geophysical engineering,Hair Expressions Academy,Software Engineer II,SiliconIndia
James Wiggins,"January 11, 1987",Mystic,Industrial and manufacturing engineering,Skinworks School of Advanced Skincare,Network Architect,DCM Infotech
Virginia Martinez,"May 6, 1984",Columbia,Liberal arts,St Louis College of Pharmacy,Software Engineer,MODI HYUNDAI
Rachel Sullivan,"November 13, 1935",Center City,Genetics,Piedmont Virginia Community College,Systems Engineer,Synthite Industries
Jared Ballard,"April 19, 1930",Celeste,Physical fitness parks recreation and leisure,ITT Technical Institute-Warrensville Heights,Software Engineer,QUALITY EVALUATION AND SYSTEMS TEAM
Sharon Baird,"February 24, 1962",Allenport,Materials engineering and materials science,Appalachian School of Law,Solutions Architect,Sugam Parivahan
Shane Gonzalez,"July 4, 1974",Tioga,Business economics,College of Mount Saint Vincent,Senior Manager  User Experience Design,Domino Printech
Sarah Duncan,"October 5, 1986",Romney,Library science,South Hills Beauty Academy Inc,Vice President  Marketing,ACT Plast Paints
James Bonilla,"August 7, 2000",Arcata,Physical and health education teaching,Ultimate Medical Academy,Senior Account Executive South East,Fashion TV
Kevin Camacho,"June 23, 1938",West Point,Film video and photographic arts,Virginia Western Community College,Software Engineer,Vasant Chemicals
Tasha Cochran,"March 19, 2020",Geneva,Economics,Vatterott College-Kansas City,Senior QA Automation engineer,Alpla
Mario Peters,"January 29, 2015",Lone Grove,Materials engineering and materials science,CET-Soledad,Software Developer,Gokaldas Images
Danielle Jenkins,"November 6, 2001",Hansboro,Computer programming and data processing,Education and Technology Institute,Senior Principal Software Engineer,Botree Software International
Jamie Robbins,"December 21, 1957",Marseilles,Computer engineering,Yale-New Haven Hospital Dietetic Internship,Recruiter - Software Engineers  Front End & Full Stack,Quality Council of India
Jason Morgan,"October 15, 1990",Homewood,Materials engineering and materials science,Georgia Military College-Columbus Campus,Staff Solutions Architect,Cvent
Judith Johnson,"July 25, 1974",Boron,Criminology,The University of Texas Health Science Center at Houston,IT Services Support Manager,Jamia Hamdard University
Raymond Valenzuela,"February 15, 1933",Canton,Biochemical sciences,Purdue University-Calumet Campus,Chief Technologist [SDN Practice Lead],Hogarth Worldwide
Frank Fitzgerald,"September 16, 1982",Kukuihaele,Art history and criticism,Shear Academy,Hardware Test Engineer,Finova Capital
Jordan Bates,"October 1, 1948",Beacon,Miscellaneous agriculture,Southern Technical College,Advisor,Fidelity National Financial
Adrian Levine,"December 14, 1997",Tuppers Plains,Food science,Marian Court College,Lead Technical Architect,Creditas Solutions
Larry Harris,"January 20, 1974",Casas Adobes,Agricultural economics,Earlham College,Senior Security Integrations Developer,Mahindra Integrated Business Solutions
Michele Williams,"February 4, 1959",Oakley,Communication technologies,Louisiana Delta Community College-Monroe Campus,Engineer,Iol Chemicals & Pharmaceuticals
Regina Butler,"September 18, 2015",Newburyport,Miscellaneous education,Canton City Schools Adult Career and Technical Education,Director of Enablement  Professional Services,Narayana Superspeciality Hospital
Tiffany Davis,"October 8, 1933",Red Bay,Environmental science,University of Phoenix-Baton Rouge,Software Engineer,JAAC TECHNO SERVICES
Jennifer Wise,"December 28, 2003",Worthington Springs,Fine arts,Covenant School of Nursing and Allied Health,Software Engineer II,Corporation Bank
Lori Hernandez,"December 14, 1946",Macclesfield,Mathematics,CBD College,Computer Vision Engineer in Testing,Hartek Group
Brad Rivas,"July 29, 2025",Antares,Health and medical preparatory programs,Chambersburg Beauty School,Global Azure Principal Solutions Specialist,DentalKart
Hunter Robinson,"May 13, 2014",Sadorus,Drama and theater arts,Elite Academy of Beauty Arts,Senior Network Security Engineer - Cisco Firewall TAC,Brakes India
Holly Banks,"August 5, 1945",Cole,Mining and mineral engineering,Kentucky Mountain Bible College,Member Of Technical Staff,Veeba Food Services
Maria Mccarthy,"November 18, 1958",Weatherby,Zoology,Rich Mountain Community College,Programmer,Ksk Energy Ventures
Douglas Oliver,"March 11, 1986",Rosa Sánchez,Criminal justice and fire protection,Saint Elizabeth Medical Center School of Radiography,Vice President  Worldwide Channels & Business Development,Credit Suisse
Max Miller DDS,"February 20, 2014",Wilder,Psychology,Diversified Language Institute,Security Analyst,GENWORKS Health
Steve Brewer,"May 21, 1989",Stilesville,Early childhood education,ITT Technical Institute-Richardson,Senior Software Engineer  Global Digital,Salcomp Manufacturing
Jacob Hart,"October 18, 1998",Olin,Public administration,Carlson College of Massage Therapy,Partner Success Manager,Adecco Group
Amy Wilcox,"May 29, 1930",Williamsburg,Family and consumer sciences,DeVry University's Keller Graduate School of Management-Tennessee,Sales,ESIC HOSPITAL
Jim Rodriguez,"July 18, 1991",Genoa,General social sciences,The Art Institute of Tucson,Senior System Engineer at SolidFire now part of NetApp,Nitor Infotech
Sharon Snow,"July 19, 2019",Prairie City,Intercultural and international studies,Illinois Center for Broadcasting√Chicago Campus,QA Engineer,Offshore Infrastructures
Daniel Turner,"October 10, 1977",Millsap,Oceanography,Quest College,Senior Software Development Manager,Cox & Kings
Dylan Young,"July 15, 1989",Sheridan,Actuarial science,Puerto Rico Conservatory of Music,Senior Full Stack Developer,A&A Business Consulting
Edward Guzman,"October 6, 1958",Keiser,Political science and government,Black River Technical College,Network Consulting Engineer,Mindsprint
Kaitlin Hardin,"November 16, 2021",Jacksonville,English language and literature,Elaine Steven Beauty College,Advisory Principal - Global Security Solutions,uFaber
Vanessa Drake,"October 7, 1995",Smackover,Soil science,Vatterott Career College-Memphis Dividend Drive,Lead Engineer,Gromax Agri Equipment
Joshua Martinez,"July 20, 2001",Argyle,Educational administration and supervision,Lindsey Institute of Cosmetology,GLOBAL CUSTOMER ENGAGEMENT PRACTICE LEADER  CHIEF CUSTOMER OFFICE,Prayagh Nutri Products
Renee Mendez,"February 26, 1996",Kendall West,International relations,University of Nebraska at Omaha,Contact Center Team Lead,Asclepius Wellness
Cheryl Sandoval,"March 10, 2004",Grenville,Miscellaneous business & medical administration,Demmons School of Beauty,Partner  Senior Solution Architect,Techved Consulting
Robert Rogers,"June 23, 2006",Ranger,Family and consumer sciences,Rocky Mountain College,Business Analyst Senior Advisor,L&T Transportation Infrastructure
Gail Morales,"July 30, 1948",Hyde,Computer and information systems,Eagle Gate College-Layton,Senior Site Reliability Engineer,Tema India
Ricky Munoz,"May 28, 1946",Redland,Criminal justice and fire protection,WellSpring School of Allied Health,Network Support Engineer,cFIRST
Cynthia Castro,"July 23, 2024",Solvang,Architectural engineering,Baker College of Flint,Signature Account Manager,MosChip Institute of Silicon Systems
Martha Williams,"October 12, 2017",Webbers Falls,Oceanography,Bryant University,Software Engineer,Perficient
Ashley Bowen,"April 25, 2009",Houma,Theology and religious vocations,Blue Cliff College-Gulfport,Senior Sales Engineer,Apollo Munich Health Insurance
Brandy Casey,"February 16, 1953",Cawker City,Mathematics,Beebe Medical Center Margaret H. Rollins School of Nursing,Vice President Product Management,Employees State Insurance Corporation
Margaret Hawkins DDS,"May 28, 1981",Courtland,History,DeVry University's Keller Graduate School of Management-Pennsylvania,Director Alliances,Lizmontagens India
Rachel Ochoa,"February 17, 1967",Healdton,Other foreign languages,Acaydia School of Aesthetics,Director of Operations  Service Provider CTO Strategy Development Team,NoBrokerHOOD
Mrs. Valerie Owens,"July 1, 1934",Heathcote,Family and consumer sciences,Kiamichi Technology Center-McAlester,Technology & System Administrator,India Cements
Tammy Moore,"December 20, 1933",Oriska,Anthropology and archeology,Bellingham Technical College,Advisory Solution Consultant,Glaze Trading India
Aimee Montoya,"December 23, 2025",Torreon,Microbiology,Assemblies of God Theological Seminary,Software Developer,Envision Enterprise Solutions
Jesse Wright,"November 10, 2022",Eureka,Multi/interdisciplinary studies,Virginia College-Augusta,Design Verification Engineer,NetConnectGlobal
Frank Munoz,"March 15, 1966",Russell Gardens,Special needs education,San Francisco Institute of Esthetics and Cosmetology,Application Sales Manager,Hyundai Engineering and Construction
Mrs. Heather Meyers,"August 9, 2025",Atlanta,Special needs education,Manatee Technical Institute,IT Consultant,Suroj Buildcon
Joshua Miranda,"March 6, 1973",Cranston,Psychology,Strayer University-Florida,Senior Manager,Gyaanta
Susan Trujillo,"June 8, 2004",Havre de Grace,Anthropology and archeology,Pacific College,Senior Mgr Of Engineering,Space Matrix Design Consultants
Linda Welch,"August 27, 1944",Edesville,Communication technologies,Hartford Seminary,Senior Cloud Architect,Hindustan Wellness
Paul Cabrera,"May 16, 1950",Chickamaw Beach,Studio arts,ITT Technical Institute-Tempe,Security Analyst,Talentpro
Michelle Byrd,"January 5, 1949",Mililani Mauka,Soil science,King's College,Senior Technical leader.services,Smc Insurance Brokers
Christopher Thompson,"February 26, 2019",West Terre Haute,Applied mathematics,Court Reporting Institute of Arlington,Software Engineer,Integra Software Services
Brian Cole,"March 11, 1946",Montoursville,Molecular biology,The University of Texas at Brownsville,Senior Principal IC Design Engineer,Apexon
Antonio Hernandez,"January 1, 1959",Union Grove,French german latin and other common foreign language studies,University of Phoenix-Puerto Rico Campus,Software Engineer,Oriental Consultants
Sarah Fields,"December 2, 1956",Lebanon,Theology and religious vocations,The Art Institute of California-Argosy University San Diego,Account Manager  Michigan Select,Microsense
Leslie Torres,"January 19, 1930",Circleville,Music,Academy of Career Training,Regional Sales Manager,AL JABER GROUP
Joshua Hernandez,"November 8, 1978",Kildare,Film video and photographic arts,Faulkner University,Data Scientist,Quatrro Mortgage Solutions
Martin Elliott,"August 8, 2000",Altamont,Computer engineering,Woodbury University,Senior Power Electronics and Systems Engineer - Energy Management and Power Electronics,Epp Composites
Tracy Schroeder,"November 24, 1996",Conejos,Philosophy and religious studies,Hays Academy of Hair Design,Vice President  Product Strategy & Partnerships,CMR Green Technologies
Jonathan Walker,"July 27, 2017",Elko New Market,Statistics and decision science,Saline County Career Center,Senior Technical Leader,Minda Kosei Aluminum Wheel
Timothy Blair,"January 23, 1942",Junction City,Social psychology,ITT Technical Institute-Oxnard,Senior Software Development Engineer,More Mega Store
David Robertson,"April 14, 1963",Scarbro,Aerospace engineering,Moreno Valley College,Systems Engineer,Aquasub Engineering
Juan Johnson,"November 1, 2003",Elberta,Humanities,ITT Technical Institute-Indianapolis East,Senior DevOps Engineer,Grazitti Interactive
Laura Green,"January 27, 2012",Kaanapali,Architectural engineering,Coast Career Institute,Lead Solution Engineer,Kalpataru Power Transmission
Lisa Henderson,"May 4, 1990",Palmview South,"Nuclear, industrial radiology, and biological technologies",Eastern College of Health Vocations-Little Rock,Manager Software Engineering,Radheya Machining
Melissa Bishop,"December 18, 1947",Webb City,Materials engineering and materials science,Salem College,Performance Engineer,Visteon
Matthew Jones,"September 17, 2020",Hanley Hills,Computer administration management and security,Hawaii College of Oriental Medicine,Senior NPI Program Manager,ICA Pidilite
Deanna Edwards,"July 18, 1989",West Sullivan,Industrial and organizational psychology,Colorado State University-System Office,Software Engineer,Devgiri Forgings
James Smith,"January 20, 2025",South Ashburnham,Business economics,Automeca Technical College-Aguadilla,Sr.DevOps Engineer,KiwiTech
Terri Pennington,"July 30, 2001",West Point,Accounting,Spring Hill College,Engineering Ops / Program Manager Staff,Royaloak Incorporation
Steven King,"March 16, 1940",Empire,Nuclear engineering,Washington Barber College Inc,Network Consulting Team Lead,ERA's Lucknow Medical College & Hospital
Spencer Haynes,"November 10, 2008",Red Jacket,Architecture,Josef's School of Hair Design Inc-Fargo West,Senior Product Manager,Karam Industries
Karen Thomas,"March 23, 1969",Plain Dealing,Elementary education,The Salon Professional Academy-Tonawanda,Associate Director,DISYS
Teresa Horton,"January 20, 1985",Arlington,Nursing,Mid-America College of Funeral Service,Staff UI Developer,SI-UK
Steven Jensen,"December 7, 1996",Strathmore,Biology,Fairleigh Dickinson University-College at Florham,Program Manager,GMM Pfaudler
Alex Lamb,"July 2, 2005",Hendrum,Cognitive science and biopsychology,Martin Methodist College,Sales Strategy and Planning  Next Generation Meetings,Bausch & Lomb
Justin Perez,"September 9, 1970",Cosby,Cosmetology services and culinary arts,Santiago Canyon College,Senior Software Engineer,Lotte India Corporation
Robert Gross,"January 28, 1945",Bucyrus,Miscellaneous engineering technologies,Clarksburg Beauty Academy and School of Massage Therapy,Architecture Validation Engineer,Decimal Point Analytics
Kevin Smith,"September 10, 1965",Luxora,Biological engineering,Manhattan Hairstyling Academy,Commercial Insurance Agent,Roto Pumps
Barbara Turner MD,"September 18, 1963",Grand Junction,Pharmacy pharmaceutical sciences and administration,Remington College-Lafayette Campus,Consulting Engineer,NeST Digital
Allen White,"September 20, 1963",Ramos,Ecology,Four County Career Center,Advanced Technical Support Engineer,Peninsula Land
Shannon White,"April 8, 1966",New Waverly,Computer programming and data processing,Skinworks School of Advanced Skincare,Sales Engineer,JConnect Infotech
Terry Mills,"December 2, 1988",Correll,Mechanical engineering,Ramapo College of New Jersey,Site Reliability & Domain Engineer - AV,Keihin Fie
Kenneth Howell,"October 5, 1995",Selbyville,Computer programming and data processing,University of California-Berkeley,Senior Developer Advocate,Him Teknoforge
Mark Brown,"July 9, 2003",Clarksville,Plant science and agronomy,Gallipolis Career College,Principal Program Manager,Nutanix
Trevor Shepherd,"July 3, 1979",Huntersville,Miscellaneous agriculture,Sebring Career Schools-Huntsville,Co-Founder,Paul Merchants
Frederick Finley,"July 2, 1973",Clarence Center,Mass media,Empire Beauty School-Warwick,Network Engineer III,V2 Retail
Mark Peters,"July 18, 1992",Lake Wissota,Physics,Western Connecticut State University,Director  Software and DevOps Engineering,Aamby Valley City
Karina Vasquez,"March 6, 1987",Lyons,Miscellaneous social sciences,Jean Madeline Aveda Institute,Principal Software Engineer (Tech Lead) (Salesforce IoT Cloud  Health Cloud),Akorn
Emily Romero,"December 26, 2012",Paisano Park,Aerospace engineering,Mirrer Yeshiva Cent Institute,DevOps Engineer,PCS Technology
Karen Griffin,"November 1, 1932",Sewanee,Soil science,Southeastern Oklahoma State University,Lead DevOps Architect/Consultant [At Raytheon],Sanjay Gandhi Postgraduate Institute of Medical Sciences
David Aguirre,"June 7, 1990",Picture Rocks,General medical and health services,Associated Technical College-Los Angeles,Helpdesk Analyst II,Fidelity National Financial
Sandra Haney,"April 26, 1968",Sheridan,Communication technologies,The University of Texas System Office,Regional Sales Manager,Enrich Agro Food Products
Adam Gillespie,"August 21, 2007",Waterflow,School student counseling,Hairitage Hair Academy,Enterprise Account Director,SCOPE T&M
Elizabeth Thomas,"August 16, 1935",Galena,Community and public health,Fortis College-Richmond,Systems Engineering,Acko General Insurance
Olivia Randolph,"November 29, 2025",Lake Crystal,Physics,Southwest Baptist University,Senior Director Product Management - Enterprise Networking Group,Sahyadri Industries
Robert Hopkins,"November 3, 2003",Miamisburg,Public policy,Pacific States University,Sales Application Engineer,Fitelo
Jessica Fisher,"September 30, 2025",Townville,Pre-law and legal studies,Quincy University,Principal Cyber Security Engineer,UPS Supply Chain Solutions
Rhonda Willis,"November 23, 1987",Foosland,Humanities,Mid-Atlantic Christian University,Front End Software Engineer,Central Institute of Mining and Fuel Research
Kenneth Washington,"October 30, 1967",Blakely,Journalism,Purdue University-Main Campus,Cybersecurity,Winjit Technologies
Patricia Ray,"December 4, 1989",Oakhurst,Electrical engineering,Franklin Technology-MSSU,Software Developer,Global Cloud Xchange
Charles Gonzales,"March 18, 2023",Roberts,Educational psychology,New Beginning College of Cosmetology,Network Security Architect,Gera Developments
Jonathon Kim,"December 20, 2009",Hume,Health and medical preparatory programs,Miller-Motte Technical College-Chattanooga,Broadband Senior Product Manager,Azmeel Contracting
Kyle Gross,"December 2, 1936",New Trenton,Computer programming and data processing,Broadview University-Salt Lake City,Software Engineer,Diverse Lynx
Erica Johnson,"September 6, 1953",Ortonville,Communication technologies,Paul Mitchell the School-Tampa,Software Engineer II,Portescap
Lisa Cervantes,"November 8, 1981",Narragansett Pier,Zoology,Sharon Regional Health System School of Nursing,Senior Software Engineer,Natco Pharma
Christina Murray,"May 16, 1952",Joanna,Miscellaneous engineering,National College-Youngstown,Platform Strategy & Development for Cisco Services,Sterling Biotech
Victoria Garcia,"January 17, 1949",Goldstream,Operations logistics and e-commerce,California Lutheran University,Senior Technical Product Marketing Manager,National Health Mission
Mark Conner,"March 22, 1997",Bettendorf,Management information systems and statistics,Kishwaukee College,Account Management / Sales,Jewelex India
Tiffany Gray,"May 20, 1949",Wilson,Studio arts,The Hair Design School-E Greensboro,Talent Acquisition Senior Recruiter,Source One Management Services
Danielle Hamilton,"September 23, 2006",Rosholt,Computer networking and telecommunications,Velvet Touch Academy of Cosmetology,Software Engineer,Singareni Collieries Company
Ronald Villegas,"May 15, 1970",Mohrsville,Statistics and decision science,University of North Alabama,Senior Systems Engineer,Volvo IT
Margaret Shaw,"June 6, 1937",Royal Oak,Industrial and manufacturing engineering,MiraCosta College,Data Scientist,Visible Alpha Solutions
Tonya Jones,"September 27, 1959",Victor,Electrical engineering,Bennett Career Institute,Distinguished Engineer,LA Technologies
Joshua Clayton,"May 1, 2017",Mystic Island,Marketing and marketing research,Kaplan College-Stockton,Test Engineer,Bonace Engineers
Denise Scott,"January 19, 1952",Reading,Humanities,Gordon College,Senior Director  Partner Marketing & Business Development,SAT n paper
Kyle Burke,"July 9, 1974",Luzerne,Cosmetology services and culinary arts,Pacific School of Religion,Senior Partner Account Manager - AT&T Channel,Relevantz Technology Services
Michael Walker,"September 15, 1970",Hot Sulphur Springs,Computer and information systems,Adult and Community Education-Hudson,Software Engineer,Titan Company
Gerald Allen,"June 16, 1986",Haydenville,Nursing,California State University-Long Beach,Data Center Specialist - Public Sector,Kirloskar Electric Company
Michael Soto,"June 5, 1975",Eek,Operations logistics and e-commerce,Empire Beauty School-Queens,Systems Engineer - CCIE Voice 26058,Vindhya Telelinks
Amanda Conley,"July 8, 2009",Mecosta,Communication disorders sciences and services,New York Theological Seminary,Senior Interactive Developer,Prione Business Services
Clifford Poole,"January 11, 1978",Bellaire,Pharmacy pharmaceutical sciences and administration,Bar Palma Beauty Careers Academy,Senior Product Engineer,Peninsula Land
Jonathan Malone,"December 7, 2018",Reeder,Marketing and marketing research,Green Country Technology Center,Program Manager  Software Services Entitlement and Compliance PMO,Lohia Auto Industries
Courtney Williams,"February 8, 1979",Burlington,Cognitive science and biopsychology,Felician College,Adjunct Faculty,Galfar
Edward Hill,"March 1, 1951",Arlington,Pre-law and legal studies,Trinity College of Puerto Rico,Software Engineer,Gopalan Enterprises
Russell Downs,"October 11, 1978",Normal,Advertising and public relations,Allied Health Institute,Principal Product Manager  Mobile Products,Him Teknoforge
Donna Reese,"September 23, 2009",Spirit Lake,Social science or history teacher education,Helene Fuld College of Nursing,Senior Software Engineer,TechMojo Solutions
Daniel Miller,"July 3, 1948",Cameron,Electrical engineering technology,D. A. Dorsey Educational Center,Software Engineer,Trayee Business Solutions
Lori Little,"July 25, 2023",Bessemer,Political science and government,Indiana State University,Account Executive,Arcon TechSolutions
Jacqueline Davis,"October 30, 1942",Bluffs,Multi/interdisciplinary studies,Gene Juarez Academy of Beauty-Branch Campus,Enterprise Account Executive  SouthEast,Applied Materials
Eric Short,"March 6, 1952",Springdale,Intercultural and international studies,Academy of Healing Arts Massage & Facial Skin Care,Senior Account Executive,FMC
Erik Small,"June 17, 1961",Chebanse,Oceanography,National American University-Overland Park,Solutions Consultant,Enrich Hair And Skin Solutions
Heather Thomas,"June 9, 1940",Yanceyville,Miscellaneous engineering technologies,Lacy Cosmetology School-Lexington,Enterprise Sales Executive - Energy,Modern Business Solutions
Cristian Mendoza,"September 17, 1987",Olivet,General education,Regency Beauty Institute-Peoria,Territory Account Manager,Sri Sri Ravishankar Vidya Mandir
Lucas Reynolds,"April 11, 1988",Surprise,Medical assisting services,Northern Arizona University,Software Engineer,Gail Gas
Phillip Lowery,"March 25, 1971",Calhoun,Business management and administration,Johnson University,Smart Home Pro,Nifco India
Roger Johnson,"November 3, 1971",Hickory,Human services and community organization,ITT Technical Institute-Douglasville,Global Program Manager (contract),Tripjack
Austin Walker,"August 1, 2002",Goodwin,Multi-disciplinary or general science,Southeast School of Cosmetology,Hardware Engineer,Medhaj Techno Concept
Daniel Steele,"March 22, 1999",Maumee,Teacher education: multiple levels,ITT Technical Institute-Tampa,Senior Principal Hardware Development Engineer,Reliance Power
Jade Allen,"July 7, 1931",Emmitsburg,Management information systems and statistics,Arkansas State University-System Office,Technical Marketing Engineer,DELLA LEADERS CLUB
Lisa Caldwell,"February 12, 2010",Petersburg,Miscellaneous psychology,Everest College-Gardena,Senior Product Manager,AccSource KPO
Michael Gonzalez,"September 28, 1931",Clinton,Cognitive science and biopsychology,Biola University,Director Technical Marketing,Kantar
Matthew Ewing,"February 22, 1950",West Falmouth,Community and public health,Tennessee Technology Center at Newbern,Senior Business Development Manager,JGC Corporation
Lori Alvarez,"November 8, 2005",Mechanicsburg,Pre-law and legal studies,CUNY Bernard M Baruch College,Software Engineer Staff,Ven Consulting
Ana Thomas,"February 6, 1939",Silver Cliff,Molecular biology,Missouri Western State University,Senior Information Technology Project Manager,Deep Industries
Paula Hull,"January 30, 1996",Pickerington,Treatment therapy professions,Davidson College,Global Infrastructure Manager,Nalco
Daniel Vincent,"April 2, 1943",Rich Hill,Environmental science,Clarion County Career Center Practical Nursing Program,President and Owner,Shrinath Rotopack
Thomas Bowman MD,"August 25, 1987",Cecil,History,Regency Beauty Institute-Plano,Staff SW Engineer,Srei Equipment Finance
Rebecca Lee,"August 2, 2008",New Stuyahok,Educational psychology,Chippewa Valley Technical College,Senior Manager - Sales and Services IT,Sajjan India
Brittany Johnson,"February 28, 1955",Demorest,Biochemical sciences,Monroe 2-Orleans BOCES Center for Workforce Development,Business Change Manager,MGM Medical College & Hospital
Janice Kelly,"November 18, 1944",Unionville,Multi-disciplinary or general science,College of Southern Nevada,Senior Verification Engineer,SunTec Business Solutions
Katherine Thomas,"March 2, 2008",Parrott,Geography,Concorde Career College-Aurora,Systems Engineer,Walter Bushnell
Terry Brown,"April 28, 1977",Morgan's Point Resort,Zoology,Carrington College-Tucson,Senior Procurement Manager - Marketing,Tynor Orthotics
Amber Walker,"May 1, 1993",Campobello,International business,Crowder College,Director  Product Management,Schaeffler India
Angela Colon,"April 26, 2006",Josephine,Physical sciences,Carver Career Center,Founder,Transact Global
Erik Wilson,"November 6, 1996",Hobson,Applied mathematics,Brensten Education,Cyber Security Advisor & Student Mentor,Skypro Technologies
Jane Reese,"April 25, 1978",Vineland,Cognitive science and biopsychology,Winthrop University,Process Improvement Business Analyst,R.V.R. PROJECTS
Hector Bryant,"July 28, 1993",Auburn Lake Trails,Geological and geophysical engineering,Unity College,Principal Product Manager,KPMG Global Services
Garrett Riley,"December 19, 1995",Remington,Plant science and agronomy,University of Massachusetts-Lowell,Technical Leader,Maveric Systems
David Wiggins,"July 28, 2023",Alma,General social sciences,Winthrop University,Software Development Engineer,IFAS Edutech Private Limited
Krista Davis,"January 2, 2013",Ridge Wood Heights,Miscellaneous psychology,ITT Technical Institute-Charlotte South,Senior Developer,United Colors of Benetton
Donald Roberts,"November 26, 1974",Lynwood,Drama and theater arts,Yale University,Senior Software Engineer,Satin Finserv
Samantha Roy,"August 12, 2023",Avery,United states history,Harris School of Business-Upper Darby Campus,Software Engineer,Oorja Technical Services
Christine Carr,"March 12, 1955",Saddlebrooke,Accounting,Empire Beauty School-Kennesaw,Team Lead - Mobile Device & Wireless,Deluxe Entertainment
Matthew Moon,"October 27, 2003",Hecker,Human resources and personnel management,Metro Business College-Rolla,Senior Java Developer,Bansal Wire Industries
Eddie Davis,"June 10, 1971",Bay View,Actuarial science,Francis Marion University,Developer Evangelist/Senior Staff Engineer/Engineering Manager   IoT cloud development platform,S. M. Auto Engineering
Stephen Parks,"January 22, 2023",Whitten,Communications,Moler Barber College,QA Automation Engineer II,Crompton Greaves Consumer Electricals
Jorge Duncan,"May 13, 1936",Waller,Electrical engineering technology,School of Automotive Machinists,Solution Architect -,Arvind Technocrats & Engineers LLP
Erica Baker,"March 18, 1958",Waynesboro,Health and medical preparatory programs,Hair Design Institute at Fifth Avenue-New York,Principal Software Engineer,Trigyn Technologies
Brendan Walton,"October 4, 2024",University Heights,Computer networking and telecommunications,Hiwassee College,Automation Lead,Mark's
Colton Roth,"July 10, 1970",Gloucester Point,Nutrition sciences,South University-Accelerated Graduate Programs,Principal Director Product Marketing Service Provider & Data Center Switching Routing and Automation,Pradan
Tammy Fernandez,"May 2, 2013",Worden,Criminal justice and fire protection,West Virginia University at Parkersburg,Software Engineer,Hi-Tech Arai
Colleen Blanchard,"March 21, 2013",Dadeville,Economics,York County School of Technology-Adult & Continuing Education,Senior Software Engineer,Micromatic Grinding Technologies
Anthony Garrison,"November 2, 2001",Eagan,Physical sciences,AmeriTech College-Draper,IT Software Developer,Pathkind Diagnostics Private Limited
Robert Benson,"October 24, 1961",Montgomery,Miscellaneous business & medical administration,Allen College,Director of Engineering,Aircel
Allen Mejia,"July 18, 1968",Bryantown,Multi-disciplinary or general science,Modern Hairstyling Institute,Information Governance  Privacy  Security  & Data Protection | Senior Project Manager (PM) and PM,B.P. Poddar Hospital & Medical Research
Nicholas Rush,"October 17, 1957",Radium Springs,Human services and community organization,Taylor Technical Institute,Software Engineer,Unison Pharmaceuticals
Joshua Scott,"April 14, 1991",Payson,Information sciences,Cosmetology School of Arts and Sciences,Software Development Engineer,RattanIndia Power
John Miller,"May 25, 1971",Berry,Computer administration management and security,Paul Mitchell The school-Austin,Senior Software Engineer,Central Academy School
Vincent Schaefer,"July 11, 1953",Dilley,United states history,Atlantic Institute of Oriental Medicine,Senior MTS,Hindustan Copper
Alex Cameron,"April 20, 1939",Osage,Mathematics,Everest College-Melrose Park,Technical Solutions Architect,DULSCO
Michael Dennis,"March 28, 1959",Monterey,General social sciences,Southwest Acupuncture College-Boulder,DevOps | Build and Release Engineer,BlackBuck
Lisa Lopez MD,"September 2, 1934",Central Pacolet,Nuclear engineering,Everest Institute-Bensalem,Senior S/W Engineer,Prione Business Services
Maria Williams,"January 13, 2009",Dadeville,Accounting,BJ's Beauty & Barber College,Senior Software Engineer,Capital Finserve
Stephanie Dominguez,"February 28, 1946",Jeffersonville,Computer and information systems,Coker College,Senior Systems Engineer  Sales ION/Cloud/SDN,Integrated Wireless Solutions
Mr. Raymond Lawson,"September 17, 1971",Gladstone,Fine arts,San Joaquin Valley College-Temecula,Senior Program Manager,Hughes Systique Corporation
Tracey Brooks,"September 21, 1960",Campbell,United states history,Kent State University at Tuscarawas,Senior Director of Engineering,Enzene Biosciences
Jennifer Vasquez,"June 15, 2025",Houghton,Biochemical sciences,Unitech Training Academy-Houma,Director Product Management,Senco Gold
Samantha Reynolds,"February 21, 1933",Woodville,Accounting,Academy of Somatic Healing Arts,Head of Customer Success,IB Group
Kelly Dominguez,"November 18, 2020",Jauca,"Nuclear, industrial radiology, and biological technologies",University of Cincinnati-Main Campus,Senior Technology Leader(Data Architecture) & Group Manager,AJ Hospital and Research Centre
Scott Lawrence,"July 9, 1946",Orrick,Soil science,Angelina College,Software Engineer,Nexa
Maria Fisher,"February 19, 1950",Medicine Lodge,Chemistry,Everest College-McLean,Head of DevOps Engineering,Toyoda Gosei Minda
Valerie Ford,"December 21, 1979",Laflin,Molecular biology,North Florida Community College,Software Engineer Technical Lead / Solutions and System Architect,PNB Housing Finance
Russell Reynolds,"June 6, 2023",Panama,Science and computer teacher education,Hillyard Technical Center,Account Executive,Tata Digital
Yolanda Johnson,"February 19, 2005",Clifton,Miscellaneous psychology,Washington & Jefferson College,Manager IT   Software Distribution Team,Samsonite
Joshua Henderson,"September 21, 2021",Hayfield,Geological and geophysical engineering,Everest College-Earth City,Technical Account Manager,SYSKA LED Lights
Brandi Beck,"March 12, 2025",Fernley,Social psychology,Cuyahoga Community College District,WW Marketing Manager - Microsoft 365 Partner programs,Oasis
Lisa Archer,"July 3, 2020",Plentywood,Petroleum engineering,Adult and Community Education-Hudson,OS Kernel Software Engineer,DM Wayanad Institute of Medical Sciences
William Jackson,"March 18, 2006",Mocksville,History,Everest Institute-Eagan,Staff Software Engineer,Toyota Kirloskar Auto Parts
Lauren Nguyen,"January 7, 1937",Lewisburg,N/a (less than bachelor's degree),Universal Technical Institute of California Inc,Head of Network Architecture and Co-Founder,Fitness First
Aaron Reed,"July 9, 1967",Soledad,Chemical engineering,Century College,Software Engineer,Dotsquares
Kenneth Webb,"August 20, 1991",Chesapeake City,Engineering technologies,Carrington College California-Pleasant Hill,Director Network Engineering,Brinks Arya India
Anita Price,"November 26, 1995",Winchester,Architectural engineering,National American University-Austin,Software Engineer,Centillion Networks
Angela Trevino,"June 19, 1934",Crystal Springs,Architectural engineering,Northland College,Software Engineer,Advanced Micro Devices
John Gomez,"November 23, 1970",Castor,Construction services,Vocational Institute of Florida,Associate Director,Komal Tex Fab
Anne Martin,"October 19, 1933",Tusculum,Food science,Celebrity School of Beauty,Software Development Engineer,Bharat Institutions
Kendra Wang DVM,"February 18, 1945",Garfield,Liberal arts,San Francisco State University,Head of Global Sports Partnerships,Sfj Business Solutions
David Silva,"November 1, 2024",Santa Venetia,Intercultural and international studies,Mid-Del Technology Center,Customer Focused Technical Support Eng Staff,TRF
Jennifer Young,"June 2, 1940",Enchanted Oaks,Miscellaneous psychology,Embry-Riddle Aeronautical University-Prescott,Site Reliability Engineer,Presto Infosolutions
Randy Cannon,"September 12, 1946",Lakewood Village,Industrial and organizational psychology,Midwest College of Oriental Medicine-Racine,Director   Systems Engineering,Daksh eServices
William Morales,"January 29, 1938",Upper Exeter,Geography,Lakeside School of Massage Therapy,Senior ASIC/Layout Engineer,Paper boat
Scott Meza,"October 7, 2024",Church Hill,Art history and criticism,Hopkinsville Community College,IT Security Engineer,Farbe Firma
Jason Colon,"June 16, 1972",Chevy Chase,Engineering technologies,Bayshire Academy of Beauty Craft Inc,Senior Product Marketing Manager,Marksans Pharma
Susan Barnes,"October 20, 1978",Palos Park,Secondary teacher education,"Southeastern Technical Careers Institute, Inc.",Security Engineering Manager,ATC Telecom Infrastructure
Matthew White,"August 4, 1949",Gardiner,N/a (less than bachelor's degree),ITT Technical Institute-Lathrop,Technical Solutions Architect - WW Enterprise Networking Sales,Aggne Global IT Services
Phillip Kent,"January 17, 1946",Encinitas,Mass media,Southern University at New Orleans,Principal Product Manager,Rucha Group Of Industries
Charles Turner,"May 29, 1966",Millers Falls,Social science or history teacher education,Athens Technical College,Design Verification Engineer,Government of Odisha
Jeffery Davis,"February 1, 1967",Fowlerton,Educational administration and supervision,Emily Griffith Technical College,Services Product Manager at Cisco,Collage
Christopher Hanna,"August 16, 1996",Marengo,Fine arts,Anthem College-Kansas City,Software Engineer,Roche Diagnostics
William Mcmillan,"October 30, 1960",Drummond,Metallurgical engineering,Brown Mackie College-Phoenix,Regression Systems Administrator,Radiant Cash Management Services
Chris Martin,"December 5, 1936",Brook Park,Nuclear engineering,Evans Hairstyling College-St George,Senior Software Engineer  Tech Lead,The Louis Berger Group
Mr. Martin Morales,"March 11, 1939",Polonia,Sociology,Green Mountain College,Global Product Marketing  Customer Service Management,WWF-India
Stephen Mckee,"September 22, 2014",Charlestown,Psychology,Manatee Technical Institute,Channel Lead,Sadbhav Engineering
Bethany Gonzalez,"November 26, 2000",Woodland,Geological and geophysical engineering,Divers Academy International,Software Development Manager,Biorad Medisys
Robert James,"February 13, 2016",Walnut,Mass media,Western State University-College of Law-Argosy,Design Verification Engineer,Apollo 247
Dana Hernandez,"April 10, 1966",Fruitvale,Cosmetology services and culinary arts,Janus University,Engineering Program Manager  Core Hardware Group,Fourth Dimension Solutions
Deborah Stewart,"April 9, 2012",Plymouth,Naval architecture and marine engineering,Career Networks Institute,Senior Manager  Systems Engineering - Strategic Accounts,Delta Electronics
Jeffrey Stanton,"January 10, 1950",Lineville,Communications,The Robert B Miller College,Lead Technical Developer,Credit Suisse
Kevin Huerta,"September 28, 1946",Drakesboro,General engineering,National College-Willoughby Hills,Software Engineer,Datavail Infotech
April Collins,"August 1, 1956",Grafton,Mathematics teacher education,Paul Mitchell the School-Nashville,Signal Integrity Engineer,Seoyon E-hwa Automotive
Aaron Barnett,"February 18, 1940",Unionville,International relations,Seymour Beauty Academy,Site Reliability Engineer,SDG Software
Cindy Martin,"December 2, 2003",Denver,Miscellaneous agriculture,Alden's School of Cosmetology,Software Engineer,Herman Miller
Elizabeth Taylor,"February 13, 2016",Berlin,Computer and information systems,Barton County Community College,Senior Software Engineer,Om Enterprises
Lori Martinez,"September 13, 2012",Village of Oak Creek,Management information systems and statistics,Trinity Lutheran College,Senior Manager / Principal Member of the Technical Staff SRE,CI Infotech
Mark Black,"June 1, 1986",Cohassett Beach,Natural resources management,Carrington College California-Stockton,Senior IoT Network QA & Escalation Engineer @ Cisco,Tata Communications
Charlotte Roy,"March 18, 1960",Cave City,Miscellaneous agriculture,Continental School of Beauty Culture-West Seneca,Mixed Signal Silicon Validation Engineer,Easy Home Finance
Michael Miles,"February 23, 1974",Rossmoyne,Miscellaneous health medical professions,University of St. Thomas,Cyber Security Named Account Manager,GVPR Engineers
Susan Sullivan,"October 24, 2024",Clearlake Riviera,Language and drama education,Marylhurst University,Product Manager,Kissht Finance
Kenneth Becker,"June 19, 2015",Buras,Advertising and public relations,The Fila Academy,Senior Principal Software Engineer,Global Consumer Products
Anthony Terry,"December 21, 1994",Elizabethtown,Computer and information systems,The University of Virginia's College at Wise,Hardware Engineer,Asti Electronics India
Jonathan Snyder,"October 11, 1955",Blythewood,Natural resources management,North Carolina Wesleyan College,Director  Americas Sales Operations,Sargam Electronics
Matthew Peters,"January 7, 1991",Gold Beach,Transportation sciences and technologies,South Dakota School of Mines and Technology,Software Development Engineer II,Bitwise Solutions
Tammy Mcdaniel,"October 11, 1963",Bell Gardens,Educational administration and supervision,Universidad Politecnica de Puerto Rico-Hato Rey Campus,Senior Site Reliability Engineer,Dynamic Techno Medicals
Phillip Byrd,"July 28, 1993",McLaughlin,Natural resources management,Calumet College of Saint Joseph,CTO Software  IOT Cloud,K D Hospital
Eric Fitzpatrick,"August 1, 1958",Ellsinore,Medical technologies technicians,Le Cordon Bleu College of Culinary Arts-Las Vegas,Data Scientist/Senior Data Analysis Consultant,Kelly Services
Jessica Bell,"November 6, 1953",Waldo,Agriculture production and management,Mid-America Christian University,Senior Product Manager,Kd Logistics
John Williams,"May 22, 2020",Century,Visual and performing arts,Houston Training Schools-Southwest,Software Engineer 2,Fidelis Technology Services
Scott Thomas,"November 15, 1998",Mount Auburn,Miscellaneous fine arts,Long Island Business Institute,Systems Engineer (Network Security),IMC
Keith Knox,"January 22, 1970",Piqua,French german latin and other common foreign language studies,Chesapeake College,Security Software Engineer,Rainbow Childrens Hospital
Kelly Haynes,"September 23, 1998",Crocker,Secondary teacher education,Simmons Institute of Funeral Service Inc,Senior Staff Software Engineer,MODI HYUNDAI
Patricia Le,"January 6, 1969",Perham,Miscellaneous social sciences,American Institute of Beauty,Senior Network Engineer,Capline Services
Jennifer Leon,"October 10, 2000",Picture Rocks,Counseling psychology,Globe University-Madison East,Big Data Developer - Adobe device graph,Radical Minds
Michael Lindsey,"December 13, 2003",Round Lake,Animal sciences,American Career Institute-Wheaton,Senior Software Developer,Special Technical Services
Keith Gonzalez,"December 13, 1937",Sparks,Science and computer teacher education,Empire Beauty School-Bloomington,Systems Engineer,Maccaferri
Rita Taylor,"June 6, 1985",Taylorsville,Language and drama education,King's College,SVice President and General Manager  Hi-Tech Business Unit,Sulekha.com
Tracie Wiley,"April 2, 1975",Roslyn Estates,Criminal justice and fire protection,Sanford-Brown College-Houston North Loop,Senior Hardware Design Engineer,Dr. Reddy's
Erin Stewart,"December 22, 1964",Bath Corner,Other foreign languages,Salem Community College,Senior Network Engineer,Amantya Technologies
Keith Long,"October 30, 2008",Repton,Physical fitness parks recreation and leisure,Penn Commercial Business/Technical School,Technical Support Engineer II,Simpolo Vitrified
Christina Washington,"April 22, 1980",Tonawanda,French german latin and other common foreign language studies,Marinello Schools of Beauty-Burbank,Select Account Manager,Ace Designers
Michael Wiggins,"December 8, 1993",Max,Interdisciplinary social sciences,Meredith College,Senior Manager  Advanced Services - Federal,Maharashtra State Electricity Distribution Company
David Andrews,"September 7, 2003",Benítez,Nuclear engineering,Concorde Career Institute-Orlando,Lead Software Engineer,KrazyBee
Mr. Jacob Moore,"August 19, 1951",South Valley,Miscellaneous health medical professions,Dominican College of Blauvelt,Regional Sales Manager,International Travel House
Jose Jordan,"June 2, 2024",San Saba,Electrical engineering,Capri College-Dubuque,Architect,Satguru Travels and Tour Services
Maria Ward,"March 20, 2002",Blaine,Elementary education,Rappahannock Community College,Security Analyst,Nibav Lifts
Robert Bauer,"April 25, 1960",Sims,Physical fitness parks recreation and leisure,Lewis-Clark State College,Senior Platform Developer,Impelsys
Donna Snyder,"December 11, 1947",Kirkman,Geological and geophysical engineering,BIR Training Center,Senior Web Architect,Golden Tulip Hotels
Shannon Walker,"December 1, 1937",Somersworth,Statistics and decision science,Everest College-Alhambra,Systems Engineer,Knack Global
Hannah Raymond,"October 18, 1967",Wedgefield,Medical assisting services,ITT Technical Institute-Norwood,Named Account Manager  US Healthcare,Bioworld Merchandising
Sandra Becker,"December 11, 1996",Dunlap,Miscellaneous biology,Bryant & Stratton College-Wauwatosa,Site Reliability Engineer,KPIT Technologies
Carmen Jordan,"February 4, 1985",Danforth,Biomedical engineering,Cortiva Institute-Pennsylvania School of Muscle Therapy,Senior Program Manager and Operations Center Manager,Namaste
Joe Gordon,"April 19, 2007",Ashland,Social psychology,Cornell University,Staff Software Engineer,Jaipur Vidyut Vitran Nigam
Deborah Patel,"April 24, 1972",Macedonia,Mining and mineral engineering,Clark State Community College,Senior Software Engineer,ITCONS e-Solutions
Paul Fisher,"June 21, 1993",Plains,Music,Sanford-Brown College-Atlanta,Diagnostics System Verification Engineer,NSK
Jordan Hughes,"August 24, 1980",Old Saybrook Center,Social work,Franklin Academy,Member Of Technical Staff,Meditrina Hospital
Danielle Alvarado,"June 18, 1977",West Babylon,Computer science,Conway School of Landscape Design,Technical Leader,RV Solutions
Michelle Thomas,"April 11, 1937",Downsville,Miscellaneous education,Blue Cliff College-Shreveport,R&D Engineer SW Quality,Rio Tinto
Tiffany Flores,"January 28, 1947",Palisade,Miscellaneous social sciences,Northeast Community College,SLED Account Manager,Arvind Lifestyle Brands
Chad Dominguez,"May 16, 1962",Calvert,Miscellaneous biology,Sanford-Brown Institute-Cranston,Cloud Engineer,Vhb Medi Sciences
Ryan White,"May 2, 2024",North Gates,Physical sciences,Tarrant County College District,Implementation Consultant / Manager,Interra Information Technologies
Erin Stewart,"December 22, 1964",Bath Corner,Other foreign languages,Salem Community College,Senior Network Engineer,Amantya Technologies
Caitlyn Clark,"June 11, 2014",Geneseo,Architectural engineering,Lycoming College,Market Research Analyst,Himatsingka Seide
Lori Gutierrez,"August 13, 1966",Parkway,Intercultural and international studies,Yosemite Community College District Office,Business Anaylst for Advance Services,Speciality Restaurants
Cynthia Morris,"May 22, 2021",Mount Pleasant,"Nuclear, industrial radiology, and biological technologies",Medix School-Fortis College,Site Reliability Engineer  Team Lead | R&D,WAKEFIT INNOVATIONS
Amanda Thomas,"September 6, 1989",Arapahoe,Industrial and manufacturing engineering,Florida Institute of Technology-Florida Tech Online,Site Reliability Engineer,Trivium Education Services
Brent Harris,"December 21, 2019",White Oak,Military technologies,Centura Institute,Consulting Engineer  Data Center and Virtualization,Pratibha Industries
Kyle Jimenez,"June 2, 1967",Long Grove,Engineering technologies,InterCoast Colleges-Orange,Systems Engineer,Axis Securities and Sales
Mrs. Heather Christensen,"November 15, 1978",Beason,Hospitality management,Blessing Rieman College of Nursing,Vice President  Global Enterprise South,Huhtamaki
Michael Walters,"February 6, 1966",Monserrate,Materials engineering and materials science,Cornell College,Partner & Managing Director,Desnor Destination
Christine Meza,"March 31, 2010",Columbine Valley,Early childhood education,IVAEM College,Senior Product Manager,Motherson Sumi Wiring
Marissa Dorsey,"July 31, 2004",Rose City,Nutrition sciences,Carrington College-Phoenix,Executive Assistant to VP/CTO  Service Provider,Deloitte Digital
Mary Scott,"April 12, 2003",Bells,Forestry,Miller-Motte Technical College-North Charleston,Software Engineer,Putzmeister Concrete Machines
Anna Poole,"July 28, 1989",North English,Fine arts,Harcum College,Enterprise Account Executive,FAIRWAY ENTERPRISES
Melissa Bishop,"December 18, 1947",Webb City,Materials engineering and materials science,Salem College,Performance Engineer,Visteon
Paul Chaney,"May 21, 1951",Belle Plaine,Electrical engineering,Savannah Law School,Senior Software Engineer,Airtel Africa
Tracey Reynolds,"March 10, 1996",Ketchum,Applied mathematics,Remington College-Memphis Campus,Data Architect / Application DBA,CPM India Sales & Marketing
Meghan Hernandez,"May 8, 1993",Amity Gardens,Miscellaneous psychology,Capri College-Davenport,Senior Solutions Marketing Manager,BCH Electric
Kyle Nguyen,"February 25, 1991",Alda,Naval architecture and marine engineering,University of Phoenix-Omaha Campus,Regional Leader (Americas)  Central Solutions Team,Mymd Healthcare
Julie Thompson,"November 3, 1950",Midway,Science and computer teacher education,Jose Maria Vargas University,DevOps Developer,SRM Institute of Science and Technology
Karen Bradley,"November 10, 1935",Lyman,Special needs education,Colorado Mesa University,Software Engineer - II,Village Financial Services
Terry Brown,"April 28, 1977",Morgan's Point Resort,Zoology,Carrington College-Tucson,Senior Procurement Manager - Marketing,Tynor Orthotics
Elizabeth Fleming,"January 18, 1958",La Quinta,Computer and information systems,Premiere Career College,Senior Account Executive,Innova Captab
Tiffany Phillips,"November 20, 1937",Monango,Music,Star Career Academy-Syosset,Senior Technical Marketing Engineer,RMC Readymix
Peter Zhang,"August 9, 1962",Brunswick,Other foreign languages,Cottey College,IT Solutions : Data Center Infrastructure  Virtualization  Storage  Backup & Recovery,AVRA Laboratories
Angel Griffith,"February 25, 2013",Cayuga,Engineering and industrial management,National Graduate School of Quality Management,Content Marketing Manager  LinkedIn Learning Solutions,Banswara Syntex
Kimberly Walker,"February 6, 1961",Poplar,Art and music education,Broken Arrow Beauty College-Broken Arrow,Software Engineer,Ambuja Cements
Debra Salazar,"July 11, 1932",Hoffman,Psychology,San Diego Christian College,Sales Engineer,The Judge Group
Timothy Dunlap,"March 10, 1959",Hebron,Biology,Metroplex Beauty School,Software Engineer,Gsp Power Projects
Samantha Santana,"August 17, 2025",Golden,Miscellaneous agriculture,ASM Beauty World Academy,Network Development Engineer,University of Engineering and Management
Blake Mitchell,"June 15, 2017",Westport,Naval architecture and marine engineering,Bacone College,Senior Design Verification Engineer,Globe Capital Market
Gabriella Jones,"January 18, 1963",Hungry Horse,Physical sciences,Regency Beauty Institute-Manassas,Software Engineer,Maxval Ip Services
Dawn Allen,"April 7, 1950",Lake Montezuma,Computer and information systems,Vet Tech Institute of Houston,Senior Automation Engineer,A.t.e. Enterprises
David Wilson,"July 10, 2025",Stewartstown,Sociology,Center for Massage & Natural Health,Data Scientist,Spear Logistics
Andrew Potter,"April 6, 1934",Paloma Creek,Nuclear engineering,Unitech Training Academy-West Monroe,Distinguished CPaaS Sales Engineer,Pearl Polymers
Douglas Lopez,"December 28, 2005",Hardin,Drama and theater arts,Saint Edward's University,Senior DevOps Engineer,Nagata India
Erin Jacobs,"October 16, 1995",Atkinson,Counseling psychology,Paul Mitchell the School-Colorado Springs,Executive and Internal Communications  Chief Information Security Officer,Reliance Projects & Property Management Services
Lori Jordan,"May 10, 2009",Port Wentworth,Nutrition sciences,New York Film Academy,Lead System Architect,Aptean
Laura Atkins,"April 27, 1965",Mansfield,Advertising and public relations,College of Southern Maryland,Director  Digital Marketing Platforms and Capabilities,Claritus Management Consulting
Audrey Jackson,"August 6, 1960",Ettrick,Composition and rhetoric,Annenberg School of Nursing,Director  Enterprise Solutions Engineering,Cedcoss Technologies
Susan Bryant,"September 19, 2024",Coon Rapids,Cognitive science and biopsychology,Central Oregon Community College,Director  Collaboration Practice,HH Global
Jeremy Briggs,"May 31, 2009",Bay Point,Composition and rhetoric,Central Baptist College,Software Engineer,SA Technologies
Alyssa Morales,"December 2, 1969",De Soto,Management information systems and statistics,Iverson Institute,Senior Payroll Manager- Asia Pacific Region,Azentio
Benjamin Mclaughlin,"May 3, 1992",Mounds,Miscellaneous education,South Puget Sound Community College,Solution Engineer,Hindustan Unilever
Kelly Romero,"August 7, 2018",Cook,Miscellaneous engineering,Hazleton Area Career Center,Finance Analyst - FCM  XaaS  Large Complex Deals,Four Seasons Hotel
Joseph White,"August 26, 1944",North Charleston,Other foreign languages,Ripon College,Senior Program Manager - Business Intelligence / Master Data Management,Elin Electronics
Kevin Oliver,"October 12, 1956",New Era,Teacher education: multiple levels,Butte Academy of Beauty Culture,Senior Analyst,Icertis
Jennifer Parks,"November 14, 1993",Alpha,Mining and mineral engineering,Troy University,President,Getronics
Heather Simpson,"March 29, 2016",Big Spring,Geology and earth science,The Salon Professional Academy-Anderson,Senior Manager Software Engineering,Bhash Software Labs
Edward Barton,"June 24, 1979",Hillsboro,Health and medical preparatory programs,Maharishi University of Management,Senior Business Technology Analyst,Miracle Software Systems
Alexander Zavala,"May 25, 2018",Corbin City,Philosophy and religious studies,Everest Institute-Bissonnet,Board Member,Synechron
Nicholas Arellano,"March 22, 1987",Hampton,Ecology,Northshore Technical Community College,Organizer,Propshop
Thomas Waters,"December 16, 1964",Henderson,Naval architecture and marine engineering,Universal Technical Institute - Dallas Fort Worth,Board Member,Seven Seas Hotel
Jennifer Greene,"December 5, 2000",West Haven,Human resources and personnel management,Howell Cheney Technical High School,Software Engineer,Nitco
Wayne Barnes,"October 2, 1996",Manhasset Hills,Art history and criticism,Argosy University-Denver,Engineering Operations,Foodhall Future Group
Debra Miller,"June 6, 1946",Boonsboro,Computer programming and data processing,Lake Washington Institute of Technology,Co-Founder,Engineers India
Lori Madden,"August 27, 1943",Maguayo,Physical and health education teaching,Columbus College of Art and Design,Principal Software Engineer,CreditAccess Grameen
Donald Freeman,"December 14, 1960",Sulphur Springs,Communication disorders sciences and services,Baker College of Auburn Hills,Senior Software Engineer,Tractors and Farm Equipment
Stacey Snyder,"December 26, 2003",Skiatook,Cognitive science and biopsychology,Velvet Touch Academy of Cosmetology,Senior Design Network Engineer,PressureJet Systems
Joseph Chapman,"September 5, 1934",Shaw Heights,Physiology,Georgia Southern University,Data Scientist,Nureca Limited
Cody Bailey,"December 5, 2000",Hickory Creek,Physiology,Prism Career Institute-Philadelphia,Software Engineer,CADS Software
Michele George,"October 15, 1998",Solon,Mathematics and computer science,Harding University,Site Reliability Engineer,Ninjacart
Margaret Torres,"March 21, 1951",Albion,Community and public health,Ann Arbor Institute of Massage Therapy,Software Engineer,Spykar Lifestyles
Angela Ward,"January 8, 1983",Fuquay-Varina,N/a (less than bachelor's degree),Lynndale Fundamentals of Beauty School LLC,System Software Engineer,Aker Solutions
Kenneth Watts,"February 18, 2005",Altamonte Springs,Botany,Michigan School of Professional Psychology,Senior Network Design Engineer,Ceat Specialty Tyres
Juan Davis,"March 28, 1978",Blackey,Information sciences,Saint Anthony College of Nursing,Software Engineer,Triveni Turbines
Jackie Morgan,"March 7, 1945",Mobridge,Computer engineering,Westminster College,Executive Vice President of Engineering  Sales Cloud,Soch Apparels
Jordan Nelson,"September 4, 1939",Baraboo,Social work,Wards Corner Beauty Academy-Norfolk,Senior Product Marketing Manager,EASTMAN EXPORTS GLOBAL CLOTHING PVT.LTD
Barbara Graham,"February 26, 1930",Aguadilla,Miscellaneous psychology,Johnson C Smith University,Software Developer,Radiant Enterprise
Jennifer Vargas,"August 10, 2024",Luxemburg,Commercial art and graphic design,North Georgia College & State University,Director of Product Management,ARB Bearings
Candace Mitchell,"November 23, 2024",Chester,Miscellaneous social sciences,Pennsylvania State University-Penn State Dubois,Data and Technology Analyst,Tata Teleservices
Ashley Meyer,"November 19, 1938",Friendship,International relations,Rhode Island College,Software Engineer,Caratlane Trading
Sean Warren,"August 31, 1932",Algoma,Community and public health,Seacoast Career School-Manchester Campus,Principal Engineer  Software Development,Gold Plus Glass
Caitlin Howard,"August 4, 1991",Hanaford,Miscellaneous health medical professions,Cleveland Institute of Dental-Medical Assistants-Mentor,Technical Services Engineer,SSP India
Victor Davis,"February 10, 1957",Iago,Treatment therapy professions,Fullerton College,Software Engineer,Honda
Jacob Miller,"February 14, 1988",Waterford,Human services and community organization,La James International College-Ft Dodge,Data Engineering Manager,Wipro Infotech
Kelli Williamson,"March 6, 2011",Belleair Beach,Communication disorders sciences and services,University of Wisconsin-Whitewater,Software Engineer,CBSE
Alicia Krueger,"August 19, 2005",Grand View,Plant science and agronomy,Anne Arundel Community College,Senior Product Manager,DMI DRAEXLMAIER MANUFACTURING
Crystal Wallace,"July 14, 1997",Wilder,Engineering technologies,Medvance Institute-West Palm,Acquisitions Integration Lead  Commercial Finance,Andhra Petrochemicals
Douglas Trevino,"October 27, 1950",College Corner,Statistics and decision science,University of Phoenix-Austin Campus,Distinguished Engineer,Escorts Construction Equipment
Joseph Norris,"January 24, 2018",Sabillasville,Physical sciences,Trident Technical College,Network Implementation Engineer,Tyco Fire & Security
Bonnie Barnes,"December 12, 1987",Ivy,Computer and information systems,Long Island Business Institute,Software Engineer,L&T Infrastructure Development Projects
Paula Evans,"April 17, 1965",Horicon,Secondary teacher education,Flair Beauty College,Software Engineer,Wave Infratech
Melissa Gates,"October 11, 1936",Townville,Teacher education: multiple levels,Belmont College,Network Support Engineer,Avineon India
Robert Stokes,"May 19, 1984",St. Anthony,Other foreign languages,ITT Technical Institute-Tarentum,Product Manager,Wishfin
Lauren Thomas,"June 22, 1990",Wyeville,General business,East Georgia State College,Senior Software Engineer,Lumina Datamatics
Jillian Wilson,"November 2, 1933",New Hope,Nursing,ITT Technical Institute-Atlanta,Venture Manager | Next Generation Products,Zerodha
Joseph Heath,"November 22, 1987",Shirley,Miscellaneous engineering technologies,Rolla Technical Institute,Software Automation Test Engineer,Dr. Amin Controllers
Misty Garcia,"July 13, 1995",Meridian,English language and literature,Northeastern Technical College,Software Engineer,Tirupati Medicare
Angela Gray,"May 17, 1969",Kingsford,Management information systems and statistics,Herkimer County BOCES-Practical Nursing Program,Software Development Engineer II,The Lalit
Steven Lee,"March 3, 1938",Newbern,Fine arts,Vatterott College-Berkeley,Director  Demand Generation,Magma HDI General Insurance
Mark Weaver,"May 23, 1986",Hudson Bend,General education,Albany Technical College,Marketing Technology Manager,OVT India
Darrell Curry,"June 12, 2017",Soudan,Language and drama education,Wesleyan University,Principal Architect II; SDN Practice Lead,CLP India
James Richardson,"March 23, 1969",Powderly,Agriculture production and management,Cortiva Institute-Boston,Software Developer Labview & IT Tech.,Call 2 Connect
Veronica Huang,"November 15, 1979",Fellsmere,Multi-disciplinary or general science,Design Institute of San Diego,Development Manager / Team Leader of Analytics,SmartStream Technologies
Glenn Gallegos,"December 26, 1950",Dwight Mission,Computer and information systems,Westchester School of Beauty Culture,Product Manager | Search as a Service,Brihanmumbai Electric Supply And Transport
Dr. Michael Evans,"June 24, 2013",Tarrytown,Petroleum engineering,Kiamichi Technology Center-Durant,Manager of Network Operations,SACHA Engineering
Ruben Woodard,"November 17, 1970",East Petersburg,Electrical engineering,John Paolo's Xtreme Beauty Institute/Goldwell Product Artistry,CCIE,Ryan
Donna Wright,"May 12, 1939",Conrad,Botany,Oregon State University-Cascades Campus,Senior Business Analyst,F1 Info Solutions Services
Robert James,"February 13, 2016",Walnut,Mass media,Western State University-College of Law-Argosy,Design Verification Engineer,Apollo 247
Gary Salazar,"November 22, 2011",Waleska,Journalism,University of Arkansas at Pine Bluff,Senior Software Engineer,Xylem Water Solutions
Ashley Robinson,"January 8, 1967",Stallion Springs,Mechanical engineering related technologies,Montreat College,Security Engineering Manager,EVRY India
Desiree Fox,"March 23, 2000",Aitkin,Social work,University of Central Oklahoma,Certified Technical Trainer,Mahindra Tractors
Adam Spencer,"March 19, 1992",Scotchtown,Multi-disciplinary or general science,University of Central Arkansas,Site Reliability Engineer,VHB Life Sciences Limited
Tiffany Townsend,"February 29, 1936",Mount Vernon,Linguistics and comparative language and literature,Spa Tech Institute-Ipswich,Marketing Manager  Japan and Korea,TJSB Sahakari Bank
Crystal Mullen,"October 30, 2005",Plymouth Meeting,Biochemical sciences,University of Phoenix-Springfield  Campus,Senior Programmer/Financial Analyst,UNext
Kevin Lee,"March 24, 1952",Stockbridge,Applied mathematics,Dawn Career Institute Inc,Senior Program Manager  Platform UX,Algoworks Technologies
Amanda Arroyo,"October 18, 1996",Mount Sterling,Art and music education,Vanguard College of Cosmetology-Baton Rouge,Supplier Commodity Manager,Fourrts
Maria Case,"May 9, 2014",Nadine,Economics,Sh'or Yoshuv Rabbinical College,Human Resources Generalist,Paradise Food Court
Gavin Howell,"July 19, 1996",Poquoson,Food science,Eastern Oklahoma State College,Software Engineer,Dhanlaxmi Bank
Henry Dunn,"June 5, 2011",Como,Liberal arts,Talmudic College of Florida,Software Engineer,Twin Health
Shelia Moore,"July 29, 1942",Carrizo Hill,Agriculture production and management,New Community Workforce Development Center,Senior Analyst  Research & Development,Basix
Tina Harper,"February 10, 1940",Gabbs,Health and medical administrative services,Cambria-Rowe Business College-Indiana,Director of Marketing Analytics & MarTech,Amrutanjan Health Care
David James,"June 16, 2010",Seaside Park,General education,Pennsylvania State University-Penn State York,Consulting Network Engineer at Apple Inc.,Meditab Software
Stephen Wood,"February 8, 2015",Hicksville,Agricultural economics,Virginia College-Tulsa,Recruiter,Kotak Mahindara Life Insurance
Nicholas Richardson,"December 21, 1997",Wilkes-Barre,Communication technologies,National American University-Denver,Senior Portfolio Manager,KMC Constructions
Jessica Harper,"June 13, 2014",Morris,Biomedical engineering,American Institute of Technology,Network Engineer,Expertrons
Blake Mitchell,"June 15, 2017",Westport,Naval architecture and marine engineering,Bacone College,Senior Design Verification Engineer,Globe Capital Market
Travis Hobbs,"May 24, 1965",Lamar,Industrial and organizational psychology,Casal Institute of Nevada,Program Manager,Big Bazaar
Angel Butler,"June 6, 2001",Kremmling,Geology and earth science,Educational Technical College-Recinto de san Sebastian,Instructor,Bosch Power Tools
Michael Olsen,"January 5, 1949",Coldwater,Public administration,Heritage College-Wichita,Senior Solutions Consultant,NGA HR
Daniel Wagner,"December 22, 1955",New Market,Zoology,Centura College-Norfolk,Digital Personalization & Experimentation,Dodsal Engineering & Construction
Michelle Schultz,"December 26, 1987",Mullin,Geology and earth science,Regency Beauty Institute-Westminster,Senior Technical Product Manager,Sany Heavy Industry
Howard Golden,"July 3, 1952",Dell,Library science,Arizona State University,Site Reliability Engineer,Axa Parenterals
Steven Hull,"October 11, 1943",Parma,Industrial production technologies,Fullen School of Hair Design,BI Architect,Nandan Petrochem
Matthew Wang,"December 23, 1983",Ridgely,Art history and criticism,Palomar College,Director - KKR Capstone,Roulunds Braking
Mark Maddox,"April 1, 1958",Crump,General medical and health services,Rocky Mountain University of Health Professions,Incident Analyst,Sagar Cements
Juan Parker,"January 6, 1955",Mountain,Physiology,Astrodome Career Centers,Senior Director of Marketing Strategy & Trade,DFM Foods
Daniel Vaughn,"July 22, 1930",Cantril,Mechanical engineering related technologies,Kiamichi Technology Center-Hugo,Manager,o9 Solutions
Ryan Waters,"February 10, 2000",Stuart,Miscellaneous agriculture,Aviation Institute of Maintenance-Houston,Network Security,A2Z Infraservices
Paul Burton,"February 22, 1948",Dupont,Studio arts,Baker College of Flint,Senior Software Engineer,IndusInd Bank
Alexander Martin,"December 22, 2000",Paia,Journalism,Capital Community College,Solutions Architect,NIMS University
Amanda Campbell,"September 7, 1934",Clare,Civil engineering,Columbiana County Career and Technical Center,Senior AWS /DevOps Engineer,Grundfos Pumps
Virginia Watson,"October 17, 1996",Rock Port,Architecture,Rhode Island College,Cloud and Software Solution Architect,Mjunction Services
Michael Roberts,"April 19, 2018",Wausau,Criminal justice and fire protection,University of the Pacific,Financial Analyst,Benteler Automotive
Ryan Landry,"June 10, 2005",Abram,Environmental engineering,Arlington Medical Institute,Software Engineer,Philips Domestic Appliances India
Walter Romero,"September 24, 1977",Redvale,Engineering and industrial management,Professional Training Centers,Front End Developer,DAIMLER TRUCKS ASIA
Rachel Jensen,"June 24, 2009",Beaver,Health and medical preparatory programs,Modern Beauty School Inc,Senior Software Engineer,Sterling Hospitals
Aaron Carlson,"May 1, 1973",Jupiter,General agriculture,Florida State University,Software Engineer,MBD GROUP
Robert Ali,"April 25, 1938",North Druid Hills,Social work,Sonoma State University,Technical Solutions Architect,Yahoo
Christine Montgomery,"July 13, 1941",Country Club Hills,Engineering mechanics physics and science,Valley Beauty School,Sales Engineer,Rithwik Projects
Scott Wood,"January 5, 1979",Elk Creek,Business management and administration,Tufts University,Technical Services Engineer - Tier II,Swan Enterprises
Regina Mitchell,"September 15, 1966",Greers Ferry,General business,Alamo Community College District Central Office,Major Account Manager,Hiranandani Financial Services
Katherine Mcdonald,"February 10, 1940",Sunset,Oceanography,West Los Angeles College,Senior Network Engineer,Gujarat Ambuja Exports
Melanie Saunders,"June 26, 1985",Harrisonburg,Human resources and personnel management,Star Career Academy-Syosset,Software Engineer,Amnex Infotechnologies
Katelyn Kim,"November 28, 2025",Elbe,Mining and mineral engineering,Sanford-Brown College-Portland,Senior Client Manager,Appcino Technologies
Tammy Ramos,"April 19, 1954",Arendtsville,Drama and theater arts,Stewart School,Project Manager,Amoli Organics
Justin King,"December 25, 1988",Callaway,Oceanography,Elite Cosmetology School,Recruiter,Sterling Generators
Tyler Andrews,"November 10, 2010",Oakland,Social science or history teacher education,Lincoln College of Technology-Indianapolis,Customer Focused Technical Support Engineer - 4 - M / T / MX / PTX,Sri Sri Ravishankar Vidya Mandir
Michelle Harmon,"February 24, 1950",Imperial,Criminal justice and fire protection,McKendree University,Network Engineer,ETA Engineering
Kristin Bailey,"November 13, 2003",Cañon,Industrial and organizational psychology,West Hills College Lemoore,President,Affordable Robotic and Automation
Michael Bennett,"November 18, 1974",Plain Dealing,Linguistics and comparative language and literature,Cedarville University,Data Architect / Application DBA,Parason Machinery
John Mendez,"July 30, 2016",Cedar Ridge,Film video and photographic arts,American Sentinel University,Senior Network  Engineer,Mukand Limited
Francisco Johnson,"November 6, 2000",Shady Hills,Engineering mechanics physics and science,Ross Medical Education Center-Portage,Senior Software Test Engineer - Infotainment Division,iBall
Mr. Justin Green III,"September 7, 1989",Heath,Nutrition sciences,Boston Architectural College,Solutions Integration Architect,Appy Pie
Scott Ayers,"October 12, 1941",Downs,Medical technologies technicians,Chicago Theological Seminary,QA Engineer,Gmr Airport Developers
Kimberly Price,"May 23, 1977",Clarkson Valley,Sociology,Aveda Institute Denver,Software Engineer,HDB Financial Services
Joanna Carpenter,"October 2, 1952",Proctor,Health and medical administrative services,Worcester Polytechnic Institute,Software Engineer III,Onicra Credit Rating Agency
Alejandra Fernandez,"May 17, 2008",Carson,Industrial and manufacturing engineering,South Texas Vocational Technical Institute-San Antonio,Area Leader Midwest Operation and Director Customer Experience,Pierian Services
Greg Osborne,"December 16, 1930",Golden Valley,Electrical engineering,Daymar College-Bowling Green,Camera Systems Engineer,Ziff Davis Performance Marketing
Paul Fisher,"June 21, 1993",Plains,Music,Sanford-Brown College-Atlanta,Diagnostics System Verification Engineer,NSK
Christina Smith,"February 21, 1945",Caro,Applied mathematics,Oklahoma State University Institute of Technology-Okmulgee,Principal Sourcer and Website Administrator,Axiscades
Joseph Ward,"July 18, 2020",Waukon,Drama and theater arts,Paul D Camp Community College,Product Manager,Eqic Dies & Moulds Engineers
Charles Gonzales,"March 18, 2023",Roberts,Educational psychology,New Beginning College of Cosmetology,Network Security Architect,Gera Developments
Jennifer Flores,"June 11, 1933",Moweaqua,Applied mathematics,University of Phoenix-Omaha Campus,Sales/System Engineer,Hero Housing Finance
Colton Martinez,"January 11, 1945",Almedia,Hospitality management,Arcadia University,Senior Director  Systems Engineering/Office of the CTO,Khivraj Motors
Christine Carr,"March 12, 1955",Saddlebrooke,Accounting,Empire Beauty School-Kennesaw,Team Lead - Mobile Device & Wireless,Deluxe Entertainment
Monique Diaz,"April 26, 2008",Cricket,Biology,Seacoast Career School-Manchester Campus,Software Development Engineer In Test,Rds Project
Gary Myers,"December 8, 1952",Pilot Rock,Mathematics teacher education,Lynchburg General Hospital School of Nursing,Cybersecurity Lab Engineer,Alpha Corp
Brandy Casey,"February 16, 1953",Cawker City,Mathematics,Beebe Medical Center Margaret H. Rollins School of Nursing,Vice President Product Management,Employees State Insurance Corporation
Kathryn Shields,"May 14, 1941",Aiken,General medical and health services,University of California-Berkeley,Senior Director  Digital & Social Media Marketing,Gmmco
Holly Rivas,"September 28, 2016",Abeytas,Computer networking and telecommunications,ITT Technical Institute-Louisville,MTS 3,Godrej Infotech
Eric Howe,"November 30, 1940",Partridge,Miscellaneous social sciences,National American University-Austin,Founder and CEO,Altimetrik
Larry Curtis,"April 24, 1989",Faith,Business management and administration,Unitech Training Academy-Lake Charles,Senior Product Manager,GAO Tek
Alicia Grant DVM,"March 15, 1992",Baltimore Highlands,Materials science,Northeastern University,Technical Lead/Manager,Automotive Axles
Meagan Charles,"January 14, 2009",North Gates,Art history and criticism,Elegance International,Senior Recruiter - World Wide Public Sector - Solution Architects,QUICK HEAL TECHNOLOGIES
Vincent Rosario,"October 16, 1959",Ravenel,Communications,University of Mary Washington,Principal Applications Engineer,Rane Engine Valve Limited
Brandon Miller,"February 16, 1984",Edwardsville,Mathematics teacher education,Tarrant County College District,Associate Product Manager,Pentagon System and Services
Matthew Dominguez,"April 30, 2023",Helen,Finance,Bridgemont Community and Technical College,Senior Product Success Manager,Aggreko
Nicole Roberson,"April 27, 1996",Merchantville,Mathematics and computer science,University of Bridgeport,Senior Director  Business Development,MosChip Technologies
Katherine Miller,"December 5, 1949",Manila,International business,Automeca Technical College-Caguas,DevOps consultant,Coding Ninjas
Rachael Perkins,"October 3, 1939",Beaumont,Nuclear engineering,Skin Institute,Frontend Developer,RGBSI
Kevin Miller,"December 20, 1957",Tylertown,Geography,New Life Business Institute,Program Manager,Adani Gas
Kelly Hubbard,"August 31, 1961",Juneau,History,Oakland University,Senior Oracle EBS Technical Consultant,Life Insurance Corporation of India
Faith Smith,"September 4, 2003",Westcliffe,Botany,Diesel Driving Academy-Shreveport,Senior Solution Architect,ETA ASCON Group
Timothy Lee,"May 10, 1984",Deer Park,Journalism,Franklin Pierce University,Principal Software Engineer,NTT DATA
Samuel Lee,"October 16, 2020",Carnuel,Computer and information systems,Paris Junior College,Lead Systems Engineer,Kef Infrastructure India
Sean Cisneros,"April 16, 1976",Darlington,Industrial and organizational psychology,Calumet College of Saint Joseph,Software Engineer,DataMetica
Brittany Allen,"February 22, 1954",Finleyville,Social work,Dabney S Lancaster Community College,Senior Systems Engineer,Scymes Services
James Rivers,"April 4, 2004",Anchor Bay,Molecular biology,Renaissance Academie,Senior Product Manager  DNA Center/Software Defined Networking,Ankur Seeds
Brooke Schwartz,"July 6, 1998",Enfield,Agricultural economics,Everest College-Torrance,Western Region Lead Architect/Network Practice Lead,Harbinger Systems
Jennifer Mills,"March 14, 1939",Bremen,Court reporting,Fortis College,Field Systems Engineer,Cure foods
Ashley Brown,"May 20, 1932",Río Lajas,Finance,Wesleyan University,SENIOR INFORMATION SECURITY CONSULTANT,Miles Education - CPA & CMA Review (Hyderabad)
Danielle Nelson,"April 15, 2004",Rocky Point,Visual and performing arts,Veeb Nassau County School of Practical Nursing,Software Engineering Intern - Data,Antino Labs
Vicki Fry,"May 20, 2025",Pickering,Computer engineering,Earlham College,Big Brother,M Square Media
Kelly Beck,"July 15, 1993",Tropic,Genetics,Park Avenue School of Cosmetology,Product Manager,Winsome Textile Industries
Pamela Weaver,"December 22, 1988",Ronan,Industrial and organizational psychology,White Earth Tribal and Community College,Technical Lead,Lemon Tree Hotels
Thomas Floyd,"April 21, 1982",St. Ignace,Architecture,Urshan Graduate School of Theology,Technical Marketing Engineer,CriticalRiver
Samantha Carter,"December 7, 1942",Pecan Hill,Early childhood education,Aviation Institute of Maintenance-Manassas,Software Developer,Mantra Technologies
William Cooper,"November 28, 1944",Neabsco,Electrical engineering technology,Pinnacle Institute of Cosmetology,Content Marketing Director,Trinity Engineers
Jessica Martinez,"April 20, 1970",Culebra,Sociology,Vinal Technical High School,Software Development Engineer,Webhelp
Nicholas Rollins,"January 6, 1942",Oldtown,Film video and photographic arts,Trinity Washington University,Senior Software Engineer,Bloombrain Learning Solutions
Pamela Hicks,"December 26, 1957",Coats Bend,Mass media,Shear Excellence Hair Academy,University Relations Recruiter,Khanna Paper Mills
Christopher Robbins,"October 25, 1948",Rockwell,Counseling psychology,Kutztown University of Pennsylvania,Senior Software Engineer,eBay
Ruth Harris,"December 4, 1974",Finley,Metallurgical engineering,Fortis College-Phoenix,Software Engineer,Kingdom of Dreams
Deborah Small,"December 22, 1935",Eunola,Ecology,Brookline College-Oklahoma City,Network Engineer,Wicked Ride Adventures
Erin Ortega,"April 1, 1946",Taylors Falls,Communication technologies,Scioto County Career Technical Center,Solutions Architect,Kerakoll
Craig Daniels,"January 15, 1941",Samoa,Pharmacy pharmaceutical sciences and administration,Lexington Theological Seminary,Principal Enterprise Architect,Amol Pharmaceuticals
Tamara Riddle,"February 19, 1932",Leland,Mathematics teacher education,The Academy Waukesha,Senior Software Engineer,Institute of Chemical Technology
Stanley Benson,"February 16, 1984",Auburn,Astronomy and astrophysics,Charzanne Beauty College,Data Center Technical Solutions Architect,KEM Hospital
Sara Evans,"March 7, 1963",Holly Pond,Political science and government,ITT Technical Institute-Youngstown,Network Support Engineer,Enquero
Candace Stuart,"November 9, 1988",Gary City,Industrial and organizational psychology,Texas State Technical College-West Texas,Product Manager  SRTG,Sud Chemie
Jacob Brown,"April 12, 2013",Bloomfield,Miscellaneous health medical professions,American School of Technology,Senior Manager  Sales Operations  Global Security Sales Organization,Federal Mogul Powertrain
Donna Stephenson,"August 17, 2018",Milan,Actuarial science,Regency Beauty Institute-Nashville,Sales Engineer,USV
Linda Dean,"June 17, 2007",Feather Sound,Marketing and marketing research,Western Shores Institute Inc,Senior Software Development Engineer in Test,Samsung Display
Kimberly Nunez,"March 2, 2023",Twin Lakes,Food science,Everest College-Kansas City,Principal Software Engineer,Classplus
Brittney Hernandez,"June 2, 1998",Martinsville,Linguistics and comparative language and literature,St James Mercy Hospital School of Radiologic Science,Chief of Staff to VP  Cloud Virtualization Group,RR kabel
Matthew Barrett,"March 25, 2007",Blackwater,Music,Hebrew College,Software Engineer,Deccan Cements
Elizabeth Lawrence,"February 18, 1991",Teasdale,Aerospace engineering,Regency Beauty Institute-Peoria,Technical Marketing Engineer - Network Functions Platform,Varroc Polymers
Kim Nelson,"November 4, 1939",Urbandale,Pharmacology,University of Massachusetts-Boston,MTS1 Network Security Engineer,Jio Platforms
Ryan Hardy,"December 14, 1971",Rossie,Transportation sciences and technologies,University of Phoenix-Metro Detroit Campus,Senior Systems Engineer  NSX,Hyundai Engineering and Construction
Kevin Cruz,"November 15, 2016",Golovin,United states history,Cannella School of Hair Design-Chicago,Software Engineer,Health Insurance TPA of India
Jose Abbott,"January 19, 2014",Maricopa,Theology and religious vocations,City College-Fort Lauderdale,Optical Systems Engineer,Glaze Trading India
Caitlin Harris,"March 23, 2008",Sierra Brooks,Commercial art and graphic design,ITT Technical Institute-Oakland,Senior Leader in Program Management & Business Operations,Al Naba Services LLC
Jose Lawrence,"December 10, 1951",Rotonda,Petroleum engineering,Empire Beauty School-Boston,Site Reliability Engineer,SAN Engineering & Locomotive
James Jones,"July 12, 1964",Alford,Art history and criticism,Sterling College,Lead Site Reliability Engineer,UMSL
Kelly Moore,"September 25, 1986",Gilead,Multi-disciplinary or general science,Empire Beauty School-Nashville,Mechanical Product Engineer,Accu Pack Engineering
Jennifer Mills,"March 14, 1939",Bremen,Court reporting,Fortis College,Field Systems Engineer,Cure foods
Donna Taylor,"March 21, 1944",Lima,Public administration,Daymar College-Bowling Green,Security Analyst,Sony
Eileen Valdez,"November 4, 2025",Martin,Pre-law and legal studies,National Personal Training Institute of Colorado,Senior Security Engineer,Nv Group
David Hall,"December 6, 1982",Del Muerto,N/a (less than bachelor's degree),Columbia College,Site Reliability Engineer,PERSOLKELLY
Joel Mclean,"December 27, 1947",Upland,Business management and administration,Don Roberts School of Hair Design,Senior Staff Software Engineer,Galfar
Joseph Spencer,"June 7, 1936",Murdock,Medical technologies technicians,Entourage Institute of Beauty and Esthetics,Systems Engineer - Global Enterprise Theater - Automotive,Škoda Auto India
Ronnie Powers,"May 30, 1997",Edgewood,Metallurgical engineering,Career Point College,Principal Consultant  CCIE#18504,Kotak Mahindra General Insurance
Ellen Wright,"March 13, 1982",Mesa Verde,School student counseling,Everest College-Everett,Senior Business Intelligence Analyst,Jaya Shree Textiles
Jeremy Mitchell,"December 22, 1938",Sun Lakes,Environmental engineering,Huertas Junior College,FOH engineer,Conde Nast India
Craig Morrison,"April 16, 1996",Draper,Interdisciplinary social sciences,Le Moyne College,Lead Architect,Nettur Technical Training Foundation
William Ray,"June 24, 1949",Rogers,Management information systems and statistics,Platt College-Tulsa,Senior Product Manager,DB Schenker
April Copeland,"April 21, 1989",Galveston,Communication technologies,Thomas Edison State College,Manager  Strategic and Enterprise Inside Sales - West Region,Surevin Bpo Services
Christine Torres DDS,"November 11, 1991",Rockwell,Treatment therapy professions,Danville Area Community College,System Engineer (HPC),Edureka
Melinda Patterson,"March 13, 1984",Webber,Public policy,Orange Coast College,Recruiting Lead  Enterprise Sales,Delhi Transport Corporation
Alexis Harris,"September 5, 1983",Jacksonville,Miscellaneous fine arts,Furman University,Software Engineer,Athena BPO
Edward Burgess,"September 28, 1964",Vernonia,General medical and health services,Lourdes University,Assistant Vice President of Information Security/Risk Officer,NTN NEI Manufacturing
Tyler Richard,"August 18, 1936",Wellston,Clinical psychology,Regency Beauty Institute-Mesa,Head of Global Sales Operation,RMSI
Justin Stone,"October 1, 2023",Corn Creek,Microbiology,Cloyds Beauty School 1 Inc,Senior Software Engineer,CREW(P)LTD
Lydia Horn,"September 19, 1991",St. Olaf,Human resources and personnel management,University of North Texas,Business System Analyst,IMMCO
Carol Ingram,"September 27, 1930",Waterloo,Naval architecture and marine engineering,Virginia College-Richmond,Product Designer II,Dr. Balabhai Nanavati Hospital
Patrick Chan,"June 9, 1961",Forreston,Environmental engineering,Medical Institute of Palm Beach,Customer Engineer,Patanjali Foods
Melissa Brewer,"May 3, 1949",Vivian,Pharmacy pharmaceutical sciences and administration,ASM Beauty World Academy,Product Marketing - Enterprise Networks - DNA Center Ecosystem,Fourth Dimension Technologies
Jessica Long,"May 6, 1989",Hungerford,Medical technologies technicians,University of Phoenix-Atlanta Campus,Manager - GM Product Cybersecurity for Infotainment,Indian Terrain Fashions
Mrs. Heather Christensen,"November 15, 1978",Beason,Hospitality management,Blessing Rieman College of Nursing,Vice President  Global Enterprise South,Huhtamaki
Bradley Miller,"May 7, 2003",Emory,Physiology,Ross Medical Education Center,Human Resources/Recruiter,St Stephens Hospital
James Anderson,"May 11, 1958",Tontogany,Agricultural economics,Capri School of Hair Design,DevOps Engineer,Scymes Services
Melinda Cervantes,"August 21, 1961",Perkinsville,Fine arts,Oklahoma City University,Team Lead,Axis Sales
Lisa Good,"October 21, 2025",Mitchellville,Naval architecture and marine engineering,Dallas Theological Seminary,Digital Marketing Manager,V2Solutions
Margaret Harper,"May 5, 1931",Amelia,Geology and earth science,Olivet College,Regional Sales Manager,Citrus Hotels
Victoria Hobbs,"June 20, 1947",Wichita Falls,Animal sciences,Connecticut Center for Massage Therapy-Groton,Technical Marketing - Enterprise and Datacenter Switching,CPC Diagnostics
Shawn Santos,"May 16, 1950",Wilmington,Management information systems and statistics,Franklin College,Customer Insights and Analysis Manager,Mehta Cad Cam Systems
Dustin Mendez,"September 21, 1959",Bargersville,Management information systems and statistics,Texas Tech University System Administration,Software Engineer,Ircon International
Christina Bates,"August 11, 1998",Great Falls,Physical fitness parks recreation and leisure,Gustavus Adolphus College,Network Services Manager,Unilog Content Solutions ( P)
Charles Johnson,"November 1, 1937",Florida,Court reporting,Liberty University,Network Support Engineer,Shilpa Steel and Power
Antonio Johnson,"August 11, 1931",Low Moor,Sociology,Princeton University,Senior Business Systems Analyst,Johnson & Johnson
Samuel Russell,"January 23, 1980",Quantico,Mass media,University of Alaska System of Higher Education,iOS and Web Developer,MNC Group
Shannon Cowan,"December 27, 1988",Three Springs,Geography,Victoria's Academy of Cosmetology,Senior Field Marketing Manager Latinoamerica & Caribe,Wibmo
Jennifer Miranda,"May 24, 1960",Florence,Film video and photographic arts,Edgewood College,Enterprise Networks-Product Sales Specialist-Enterprise Accounts   R/S/W,Central Institute of Mining and Fuel Research
Elizabeth Jenkins,"August 12, 1937",Guthrie,Counseling psychology,George C Wallace State Community College-Selma,Staff Software Engineer,Apollo Telehealth Services
Adam Sanchez,"July 15, 2013",Manilla,Other foreign languages,Chesapeake College,Information Governance  Privacy  Security  & Data Protection | Senior Project Manager (PM) and PM,Simple Energy
Rebecca Kaufman DDS,"February 2, 1992",Manchester,Science and computer teacher education,Beth Medrash Govoha,Technical Support Manager,Roto Pumps
Deborah Webb,"February 21, 2023",Bloomfield,Geological and geophysical engineering,International Business College,CPU Verification Engineer,TVS Eurogrip
Elizabeth Wilson,"November 10, 1967",Eastwood,Treatment therapy professions,Institute of Audio Research,Senior Software Engineer,Alliance Group
Amber Butler,"June 14, 1965",Magna,Art and music education,Ponca City Beauty College,Offer Acceleration Manager,AISATS
Joy Reid,"December 13, 1978",Ravenden,Multi/interdisciplinary studies,College of the Albemarle,Software Engineer,Parsons Nutritionals
Scott Nichols,"June 13, 1930",Ivyland,Miscellaneous engineering,Atlanta Institute of Music,Senior Data Engineer @GoDaddy,YLG Salon & Spa
Amanda Hernandez,"September 6, 2016",Dwight Mission,Visual and performing arts,The College of New Jersey,Principal Engineer I,Mobile Premier League
Michele Ayala,"May 30, 2022",McClure,Public administration,Paul Mitchell the School-Orlando,Technical Sourcer,Alice Blue Commodities
Jorge Harris,"December 23, 1984",Leslie,Geological and geophysical engineering,Everest College-Seattle,Data Scientist,Genisys Group
William Howard,"April 28, 1965",Riverdale,Anthropology and archeology,Consolidated School of Business-York,Client Solutions Architect,L&T Energy Hydrocarbon
Brittney Martin,"November 6, 2016",Nashua,Miscellaneous social sciences,Southwest University at El Paso,Staff Software Engineer,Enova Facilities Management LLC
Katherine Alvarez,"March 25, 1983",Dora,Studio arts,Virginia College-Montgomery,Software Development Engineer II,Jain Amar Clothing
Diana Hernandez,"July 29, 1995",Star Valley Ranch,Miscellaneous biology,Miami University-Middletown,Lead Security Engineer,TP Central Odisha Distribution
Jennifer Warren,"May 20, 1956",Winslow,Multi/interdisciplinary studies,Tennessee Technology Center at Elizabethton,Software System Engineer,Shivam Autotech
Joseph Rogers,"July 11, 2015",Ogdensburg,Health and medical preparatory programs,Daymar College-New Boston,Senior Analyst / PO,Alcon
Brenda Perkins,"March 25, 1996",Belgrade,Pre-law and legal studies,Louisiana State University-System Office,Senior Staff Engineer,HP Global e-Business Operations
William Jenkins,"August 20, 1996",Addy,Communication technologies,Southern Careers Institute-Harlingen,Senior Principal Solutions Architect,KSB Tech
Luis Wells,"June 24, 2024",Louisville,History,Paine College,Senior Network Engineer (Contract),Kinetic Green Energy And Power Solutions
Donna Ibarra,"September 10, 2019",Pajonal,Miscellaneous business & medical administration,Renaissance Academie,DevOps Engineer,Gandhi Automations
Louis Rose,"May 3, 1944",Albany,Molecular biology,William Jessup University,America and EMEA Senior Network Planning and Qualification Manager (JSD Manager),NoBroker
Jill Taylor,"March 23, 1935",Livingston Wheeler,Nutrition sciences,Epic Bible College,CPU performance architect,Exotel
Samantha Petersen,"April 9, 1976",Hope,Mathematics and computer science,Empire Beauty School-Monroeville,Head of Product & Co-founder,Cascade Revenue Management
Lisa Cervantes,"November 8, 1981",Narragansett Pier,Zoology,Sharon Regional Health System School of Nursing,Senior Software Engineer,Natco Pharma
Jenna Larson,"May 12, 1956",Sylvan Lake,Social psychology,The College of Office Technology,Software Engineer,KisanKraft Machine Tools
Kristen Gonzales,"January 11, 1941",Dry Creek,Miscellaneous agriculture,Soma Institute-The National School of Clinical Massage Therapy,Cyber Operations Officer,Xpo Logistics
Joseph Jimenez,"October 3, 1967",Nehawka,Family and consumer sciences,The Hair Design School-Union,Android Developer,Cuemath
Bobby Howard,"April 6, 2015",Laurel,Industrial and manufacturing engineering,Northwest Nazarene University,Senior Client Account Manager- Trusted Cyber Security Advisor,Collman Services
Denise Gonzalez,"January 23, 1942",Dripping Springs,Criminology,Empire Beauty School-Malden,Software Engineer,House Of Diagnostics
Scott Smith,"July 17, 2025",Acres Green,Animal sciences,University of Arkansas at Little Rock,Enterprise Account Executive,Shreya Life Sciences
Jennifer Dominguez,"August 22, 1949",Somerset,Commercial art and graphic design,International Academy of Design and Technology-Chicago,Senior Enterprise Integration Engineer / IT Architect,PIX Transmissions
John Miller,"May 25, 1971",Berry,Computer administration management and security,Paul Mitchell The school-Austin,Senior Software Engineer,Central Academy School
Evelyn Galvan,"March 6, 1976",Wheaton,Physical and health education teaching,Kaplan University-Omaha Campus,Manager  Product Operations,Krystal Integrated Services
Denise Johnson,"May 9, 1962",Mason Neck,Agriculture production and management,University of Michigan-Flint,Area Manager  Network Transformation,Caparo Engineering India
Donald Franklin,"May 8, 1937",Waltonville,Visual and performing arts,Northwestern Oklahoma State University,Software Engineer,Time Technoplast
Amber Miller,"October 10, 1959",South Houston,Astronomy and astrophysics,Aveda Institute Chapel Hill,Systems Reliability Engineer (SRE),Ameyo
Sean Thomas,"November 6, 1977",Poyen,Astronomy and astrophysics,Nevada Regional Technical Center,Software Development Engineer,Fortune Park Hotels
Stacey Bruce,"February 1, 1969",Humnoke,Operations logistics and e-commerce,Hudson Valley School of Massage Therapy,Sales Manager - Global Account Development,MNC Group
David Peters,"June 1, 2020",Ambia,Cosmetology services and culinary arts,University of North Dakota,Client Solutions Architect - MSS,Dynamic Engineering
Monica Madden,"June 22, 1996",Harvey,Ecology,Regency Beauty Institute-Peoria,Senior DevOps Infrastructure Engineer,LEAP India Private Limited
Stacy Stein,"May 24, 2008",Manchester,International relations,Kanawha Valley Community and Technical College,Business Development Leader &  Senior Client Executive,Centex Exports
Laurie Vargas,"August 15, 2010",Rowena,Finance,Kiamichi Technology Center-Atoka,Tools Developer,ESIC Medical College and Hospital
Betty Vazquez,"March 29, 2024",Roberts,Natural resources management,Manchester Beauty College,Product Manager IoT,Isgec Heavy Engineering
Mark Dalton,"October 7, 1963",Columbia Falls,Communications,Colegio Educativo Tecnologico Industrial Inc,Cloud and Backup Support Engineer,Miracle Software Systems
Mr. Andrew Foster,"August 22, 1984",Gothenburg,Astronomy and astrophysics,San Joaquin Valley College-Modesto,Product Manager,Phoenix Contact
Jeffery Thompson,"March 31, 1948",Gahanna,"Electrical, mechanical, and precision technologies and production",National American University-Overland Park,Associate Director  Partner  Marketing Science,Patel Motors
Jennifer Sanchez,"November 11, 1946",Munford,Commercial art and graphic design,The Richard Stockton College of New Jersey,Facilities Coordinator,Meyer Organics
Donald Mays,"August 1, 1978",Pinos Altos,Genetics,Inver Hills Community College,Partner and Managing Director,Star Wire India
Tammy Fernandez,"May 2, 2013",Worden,Criminal justice and fire protection,West Virginia University at Parkersburg,Software Engineer,Hi-Tech Arai
Kim Vincent,"April 2, 1934",Lexa,General education,Rensselaer BOCES-School of Practical Nursing,Business Analyst,Manappuram Finance
John Franco,"April 30, 1949",Yoder,Miscellaneous biology,Mount St. Mary's College,Software Engineer,JMC Projects
Tonya Richards,"August 21, 1935",Diamondhead,Other foreign languages,Tramy Beauty School,Principal Systems Engineer - Storage,Firepro Systems
Michael Morris,"February 7, 2019",Ingram,Social science or history teacher education,Sierra College of Beauty,Professional Services Consultant and Technical Support Engineer,NSK
Aaron Munoz,"March 30, 1930",Timber Pines,Commercial art and graphic design,DeVry University's Keller Graduate School of Management-Tennessee,Software Development Manager / Senior Electrical Engineer (EMC/EMI),Radius Global Solutions
Mark Conner,"March 22, 1997",Bettendorf,Management information systems and statistics,Kishwaukee College,Account Management / Sales,Jewelex India
Charlene Black,"August 24, 2014",Barrelville,Nutrition sciences,Harrisburg Area Community College-Harrisburg,Senior Software Engineer,Amazon Distributors
Stanley Le,"July 17, 1971",Cardwell,General medical and health services,Cuyahoga Valley Career Center,Senior Site Reliability Engineer,Chaitanya Projects Consultancy
Dawn Werner,"September 13, 1971",Beaufort,General medical and health services,Everest Institute-Hialeah,Student,Primus Techsystems
Danielle Jenkins,"November 6, 2001",Hansboro,Computer programming and data processing,Education and Technology Institute,Senior Principal Software Engineer,Botree Software International
Brittany Underwood,"February 14, 2003",McCool Junction,Industrial production technologies,Presentation College,Town of Holly Springs Councilwoman 2017-2021,Arabian Industries
Brandon Stewart,"September 25, 2011",Marcus,Mathematics,Brio Academy of Cosmetology-Niantic,Senior Developer,ICG Medical
Thomas Chang,"May 4, 1986",Flowing Springs,Computer engineering,RWM Fiber Optics,Systems Engineer,Danske IT
Charles Yang,"November 9, 1989",Alex,Biomedical engineering,Albert I Prince Technical High School,Software Engineer,Aries Agro
Aaron Webb,"July 23, 1948",Ojus,Theology and religious vocations,Pima Medical Institute-East Valley,"EVice President Digital and Technology - delivering the leading digital platform for 5,300 US retailers.",Ray Engineering
Amanda Meadows,"June 25, 1980",Orlinda,Miscellaneous engineering,The College of Saints John Fisher & Thomas More,Senior System Software Engineer,CEVA Logistics
Richard Munoz,"January 6, 1948",South Park Township,Transportation sciences and technologies,Princeton Theological Seminary,Solutions Consultant,Halonix Technologies
Rebecca Lambert,"August 29, 1963",Staten Island,Physical and health education teaching,EDP School of Computer Programming,Software Engineer,Gyproc
Michelle Santana,"June 18, 1976",Duffield,Fine arts,Chadron State College,Salesforce.com Product Manager,Incred Finance
Jennifer Reynolds,"March 26, 2001",Crivitz,Interdisciplinary social sciences,Rabbinical College of Long Island,Pre-MBA Associate  Growth Strategy,Tata Institute of Social Sciences
Kimberly Lutz,"December 9, 2006",Yates City,Miscellaneous psychology,South Central Career Center,Information Security Manager,Talwalkars Better value Fitness
Emily Gamble,"October 12, 1999",Edina,Communication disorders sciences and services,Medvance Institute-West Palm,Staff Technical Support Engineer,Clairvoyant India
Diane Brown,"April 11, 1950",San Lorenzo,Architectural engineering,West Hills College Coalinga,AWS DevOps Engineer,Param Renewable Energy
Jill Martin,"January 29, 1994",Sidman,Hospitality management,Inter American University of Puerto Rico-San German,Senior Consultant,Pathfinder Business Analysis
Jennifer Brown,"June 30, 1946",Lafayette,Metallurgical engineering,Saint John Fisher College,Sales Engineer,United Biotech
Virginia Watson,"October 17, 1996",Rock Port,Architecture,Rhode Island College,Cloud and Software Solution Architect,Mjunction Services
Edward Greene,"February 14, 1991",Barboursville,Astronomy and astrophysics,University of Phoenix-Jersey City Campus,Engineering Manager | Cloud Computing for Autonomous Technologies,Escorts Railway Equipment Division
Johnny Cox,"May 8, 1979",Fairfield,Nutrition sciences,Jefferson Regional Medical Center School of Nursing,Cyber Security Analyst II,SIP Academy
Shelley York,"February 10, 1945",Maypearl,Naval architecture and marine engineering,Seattle Pacific University,Senior Software Engineer,Mount Talent Consulting
Leslie Hernandez,"April 1, 1964",Franklin,Aerospace engineering,Ross Medical Education Center-Portage,Test Consultant 3,Narayana Health
Vanessa Maddox,"November 2, 1937",Apple Creek,Advertising and public relations,Florida Atlantic University,Communicator,SECON Private Limited Bangalore INDIA
Paul Saunders,"January 31, 1947",Fieldon,Multi-disciplinary or general science,Franklin College,Product Marketing Manager,INOXCVA
John Anderson,"May 23, 1930",Table Grove,Art and music education,Empire Beauty School-Portsmouth,PMM Lead,Anand Rathi: Online Stock Trading & Advisory
Karen Wolf,"March 9, 1967",Millsap,Business management and administration,Traxlers School of Hair,Service and Support Manager,ITM Group of Institutions
Kyle Andrade,"April 19, 2012",Potlatch,Petroleum engineering,Newbridge College-Santa Ana,Adjunct Professor,GMR Hyderabad International Airport
Harold Garrett,"June 1, 1966",Colony,United states history,College of Business and Technology-Flagler,Advanced Services Engineer,Viveks
Jonathan Cortez,"March 10, 1998",Seelyville,Industrial and organizational psychology,Concorde Career College-Garden Grove,Senior Business Systems Analyst - FSO,Apis India
Marc Mitchell,"May 9, 1998",Fort Atkinson,Educational psychology,Lincoln Christian University,Product Operations - Project Manager,Logelite
Barbara Dudley,"January 28, 1986",Hopkins,Art and music education,Orange Park International School of Beauty,Financial Analyst,Total Shipping & Logistics
Joel Gonzales,"November 17, 1996",Grover,Oceanography,Cedar Valley College,Information Security Engineer,Lion Services
Heather Hernandez,"March 18, 2021",Madison Heights,Philosophy and religious studies,Concorde Career Institute-Jacksonville,Principal Engineer,Biotech Vision Care
Candace Mcdonald,"August 12, 2019",Fredericktown,General agriculture,Sharon Regional Health System School of Nursing,Senior Director  Partnerships Solutions & Go-to-market  Global Partnerships,Tata Memorial Centre
Brandon Edwards,"March 31, 1985",Springdale,Engineering and industrial management,Interactive Learning Systems-Houston,Front End Developer,SirionLabs
Pamela Aguirre,"December 31, 1967",Palmhurst,Educational psychology,CET-Gilroy,Product Manager,Hexagon Capability Center
Travis Day,"August 21, 1930",Sisquoc,Animal sciences,University of Nevada-Las Vegas,Senior Software Engineer,Impressions Services
Whitney Ochoa,"October 12, 1995",Pondsville,Engineering and industrial management,Johnson University,Principal Consultant,Protiviti Consulting
David James,"June 16, 2010",Seaside Park,General education,Pennsylvania State University-Penn State York,Consulting Network Engineer at Apple Inc.,Meditab Software
Kimberly Turner,"November 7, 1985",Blandburg,Mass media,Covenant Theological Seminary,Senior Software Engineer,ExxonMobil
Eric Lowery,"July 19, 1969",Eielson AFB,Nursing,Green Country Technology Center,Senior Software Engineer,Enco Engineers Combine
William Hodge,"March 13, 1948",Waikoloa Village,Operations logistics and e-commerce,Lakewood School of Therapeutic Massage,President-CEO,Minda Vast Access Systems
Juan Harrison,"February 23, 1967",Hingham,Communication disorders sciences and services,Prince Institute Southeast,Software Engineer II,Khadims
Emma Stevenson,"August 3, 1999",Riverside,Metallurgical engineering,Albany Medical College,Software Engineer,ERA's Lucknow Medical College & Hospital
Nathan Freeman,"September 2, 2006",Ney,Operations logistics and e-commerce,Texas College of Cosmetology-San Angelo,RYT200 Certified Yoga Teacher,Mercurius Advisory Services
Erika Moore,"December 28, 2004",Willow Park,Science and computer teacher education,Rockford Career College,Systems Engineer,Stonex
Gerald Hensley,"May 22, 1993",Lozano,Forestry,Everest College-Fort Worth South,Enterprise Solutions Developer,café Coffee day
Michael Haas,"November 6, 2007",Fox Lake,Microbiology,High Plains Technology Center,Solutions Engineer,Nordex India
Margaret Lowe,"September 4, 2001",Greenup,"Nuclear, industrial radiology, and biological technologies",Howard Payne University,Senior Manager  Strategy & Business Development - Networking and Security Business Group,Privat Hospital
Benjamin Watts,"June 16, 2012",St. Martins,Pharmacy pharmaceutical sciences and administration,California Baptist University,Principal Firmware Engineer,Dr. Amin Controllers
Juan Gilbert,"March 27, 1964",Edinburg,Art and music education,Westside Tech,Staff Product Engineer – Unmounted Semiconductor Laser Bar,Uttam Strips
Madeline Boyle,"January 25, 1967",Laddonia,Miscellaneous fine arts,Concorde Career College-Garden Grove,Engineer,Muthoot Microfin
Matthew Lucas,"January 19, 1970",Pitts,Food science,Regency Beauty Institute-Tinley Park,Global Inside Sales Representative - Fortune 500,Prolific Systems & Technologies
Robert Hopkins,"November 3, 2003",Miamisburg,Public policy,Pacific States University,Sales Application Engineer,Fitelo
Jennifer Avila,"July 29, 1977",Olmito,Communication disorders sciences and services,Quest College,Facilities Project Coordinator,Ziqitza Health Care
Gordon Hahn,"April 19, 1986",Deercroft,Miscellaneous biology,Touro University Worldwide,Software Developer,Urbanpro
Deborah Reed,"March 13, 2010",Archer City,Industrial and manufacturing engineering,Rogers Academy of Hair Design,Senior Manager  Research & Strategy,The Mission Hospital
Michael Underwood,"April 18, 1958",Enid,Natural resources management,Mercer University,Director Alliances,Mac Chem Products
Victoria Lewis,"April 13, 1995",Hanska,Teacher education: multiple levels,Sanford-Brown Institute-Iselin,Global Account Executive,Centelon
Colin Fletcher,"June 19, 1947",Grover,Microbiology,Digital Film Academy,Lead Software Engineer  Technical Program Manager,Cordlife Sciences India
Jeanne Mills,"January 6, 1994",Wessington,Interdisciplinary social sciences,Antioch University-System Administration,Engineering Manager,Fujiyama Power System
Debra Perry,"February 4, 1939",Struble,Mathematics,Chamberlain College of Nursing-Arizona,Senior IP Program Manager,ObjectWin Technology
Kim Sanchez,"August 5, 1945",La Plata,English language and literature,Model College of Hair Design,Senior Software Engineer,SONATRACH
William Blake,"August 4, 1995",Cameron,"Electrical, mechanical, and precision technologies and production",John Paolo's Xtreme Beauty Institute-Goldwell Pro,International Payroll Manager,Talwandi Sabo Power
Dominique Hall,"November 25, 2022",Boston,History,American University of Health Sciences,Program Manager,McNROE
Jill Barajas,"February 23, 1993",Chaseburg,Applied mathematics,Mississippi Delta Community College,Software Engineer,Sahajanand Laser Technology
Jesse Hinton,"August 4, 2001",Big Water,Military technologies,Cincinnati State Technical and Community College,SDN Developer @CloudLabs,ABCI Infrastructures
Allen Stanley,"May 22, 1942",Montrose Manor,Mechanical engineering related technologies,Traxlers School of Hair,Senior Software Engineer  Avionics,Bal Bharati Public School
Mark Beard,"July 9, 2001",Geneva,Industrial production technologies,Sierra Valley College of Court Reporting,Senior Software Engineer,THDC
Henry Brooks,"July 9, 1983",Hysham,Biology,Continental School of Beauty Culture-Mattydale,Software Engineer 2,Arki Techno Consultants
Carrie Rodriguez,"June 15, 1996",Norway,Miscellaneous business & medical administration,Brensten Education,Network Engineer,Pradhan Mantri Kaushal Kendra
Susan Rivera,"July 13, 1952",Gakona,International relations,Refrigeration School Inc,Senior Field Marketing Manager,Richa Global Export
Robert Ramirez,"May 25, 1935",West Freehold,Secondary teacher education,Lincoln College of Technology-Marietta,Principal Engineer,Abaris Healthcare
Janice Bailey,"August 9, 1988",Berwyn,Medical technologies technicians,National University College-Arecibo,Technical Lead,Joyalukkas
Sharon Miller,"April 8, 1987",McKenney,Pre-law and legal studies,Waynesburg University,Senior Manager  Client Services,Kalyan Toll Infrastructure
Angela Vaughn,"March 11, 2012",Coldstream,Computer science,Stevens Institute of Business & Arts,Channel Marketing Communications Manager,Al-Yamama Group
Courtney Morgan,"September 1, 2023",Alpaugh,Applied mathematics,InterCoast Colleges-Elk Grove,Regional Sales Manager,JRG Automotive india
Claudia Brown,"December 21, 1978",Onarga,Mathematics teacher education,International Baptist College,Director  Workforce Data and Analytics,Lumens Technologies
Samuel Bowman,"November 20, 2019",Encino,Hospitality management,Craven Community College,Senior Data Scientist II,BDR Pharmaceuticals International
Bianca Kim,"May 12, 2013",Sun,Soil science,Star Career Academy-Newark,Devops Lead,Calsonic Kansei Motherson Auto Products
Anthony Werner,"March 25, 2003",Briar,Art and music education,University of Phoenix-Fairfield County Campus,Senior Technical Program Manager,ZunRoof Tech
Sarah Proctor,"November 11, 1941",New Iberia,Science and computer teacher education,Tennessee Technology Center at Knoxville,Production Engineer,Kosan Crisplant
Mr. Andrew Foster,"August 22, 1984",Gothenburg,Astronomy and astrophysics,San Joaquin Valley College-Modesto,Product Manager,Phoenix Contact
Michael Glover,"March 29, 1986",New Paris,Human services and community organization,Southern University Law Center,Network Engineer,BML Munjal University
Christian Park,"October 27, 1965",Bensley,Actuarial science,Berks Technical Institute,Field Marketing Specialist,Keyideas Infotech
David Espinoza,"June 19, 1955",Carlsborg,Computer programming and data processing,Dongguk University Los Angeles,Software Engineer,Manitou Equipment India
Luke Carpenter,"February 19, 2012",West Peavine,Biological engineering,Southwest Technology Center,Senior System Software Engineer,Taikisha Engineering India
Michael Barnes,"March 11, 2013",Loughman,Business management and administration,Hudson Valley Community College,Data Architect and Software Engineer,Scope International
Hayden Fuller,"November 14, 1996",Harristown,Music,California University of Pennsylvania,Digital Marketing Manager  Roche Tissue Diagnostics,Lohia Group
Nicholas Richardson,"December 21, 1997",Wilkes-Barre,Communication technologies,National American University-Denver,Senior Portfolio Manager,KMC Constructions
Mrs. Jacqueline Jackson,"June 12, 1989",Platte City,Astronomy and astrophysics,Dallas Baptist University,Director Of Engineering,Arvind Fashions
Tina Ellis,"February 12, 1983",Richland,United states history,Sisseton Wahpeton College,Front End Software Engineer,Dr ITM
Christopher Black,"July 1, 2001",Kittrell,Human resources and personnel management,Community Services Division-Alliance City,Software Engineer,Nexa
Sherri Charles,"December 30, 1968",Edgard,Physiology,Valley Grande Institute for Academic Studies,Consultant,Shilpa Medicare
Jodi Thomas,"March 1, 1947",Albertville,Sociology,New England Tractor Trailer Training School,Software Engineer IV,MetLife
Rebekah Cole,"July 28, 1948",Riverwoods,Court reporting,Farmingdale State College,DevOps Technolgy Manager,TresVista
Carrie Petersen,"April 15, 1977",Plaucheville,Engineering technologies,Cambria-Rowe Business College-Johnstown,Software Engineer,Sunera Technologies
Mason Johnson,"September 29, 1999",Bloomington,Special needs education,Bainbridge Graduate Institute,Senior Software Engineer in Data Center Group,Omega Healthcare
Frank Lawrence,"August 11, 1995",Kirksville,Biology,Minnesota School of Business-Lakeville,Product Manager  Learning@Cisco  Security Curriculum,Japfa Comfeed
Dalton Clark,"September 2, 1989",Gainesville,Nuclear engineering,Concorde Career Institute-Miramar,Product Marketing Engineer - Intern,Dangote Cement
Sean Mendez,"May 18, 1979",Trowbridge,Miscellaneous business & medical administration,North-West College-Riverside,Information Security Engineer,GXO
Sharon Williams,"April 23, 1930",Micanopy,Biological engineering,Oklahoma Christian University,Systems Engineer,I P Integrated Services
Robert Miranda,"January 8, 2005",Bell,Physiology,Regency Beauty Institute-South Bend,Director of Implementation Services,Marquis Technologies
Dr. Katherine Nguyen,"April 15, 1990",Shadeland,Miscellaneous education,Tennessee School of Beauty of Knoxville Inc,Vice President of Products,L&T Energy Hydrocarbon
Deborah Wood,"September 28, 1999",Kent,Teacher education: multiple levels,Hollywood Institute of Beauty Careers,Senior R&D Software/Data Engineer,Cliantha Research
William Ortiz,"March 10, 2013",Oakvale,General engineering,Kaplan College-Midland,Software Engineer,Arcon TechSolutions
Michelle Owen,"June 6, 1963",Galt,Information sciences,Simpson College,IT Resident,SS Supply Chain Solutions
Sonia Reyes,"August 26, 1933",East Petersburg,Visual and performing arts,Remington College-Little Rock Campus,Software Engineer,Aeries Technology
Craig Harris,"June 29, 1961",Mineola,Plant science and agronomy,St. Cloud Technical and Community College,Linux System Engineer,Sterling Gtake E-Mobility
Jose Smith,"September 26, 1971",Doylestown,Physical fitness parks recreation and leisure,International Technical College,NPI Operations,Bharat FIH
Jeremy Chambers,"February 3, 1993",Arlington,Multi/interdisciplinary studies,Mercyhurst University,Oracle Application Technical Consultant,Wise Finserv
Michelle Mcdowell,"March 6, 1987",Plush,Hospitality management,Charter Oak State College,Student Web-text Python Programmer,Mahendra’s Institute
Becky Shepherd,"July 15, 1940",Lompico,Language and drama education,Kettering College,Senior Engineer,Sony
Mark Page,"April 13, 1992",Washington,Philosophy and religious studies,Ohio Center for Broadcasting-Valley View,Global IOT Industry Marketing Lead,Pontika Aerotech
Robert Lane,"May 30, 1991",Mohave Valley,Cognitive science and biopsychology,University of Phoenix-Kansas City Campus,Senior Incident Manager,Powerica
Christopher Anderson,"March 23, 1970",Bystrom,Environmental engineering,Globelle Technical Institute,Lead Android Engineer,Geltec
Susan Conley,"June 15, 1983",Glencoe,Agricultural economics,Taylor University,Solutions Engineer,Digital Aptech
Terri Cisneros,"April 17, 1996",Calypso,Mining and mineral engineering,Universidad Del Este,Technical Solutions Architect,Nkgsb CO-OP Bank
Kyle Watkins,"August 14, 2012",Wedowee,History,New York Medical College,UX/UI Designer,RITES
Tyler Velazquez,"July 24, 1999",Sagamore,Early childhood education,Mt Hood Community College,Front-End Developer,Interface Microsystems
Theresa Woods,"February 26, 1959",Palisades Park,English language and literature,Indiana State University,Software Engineer,Radical Minds
Alicia Obrien,"August 21, 1984",San Jose,Naval architecture and marine engineering,Jefferson County Dubois Area Vocational Technical Practical Nursing Program,Marketing Manager,Netxcell
Jeffery Johnson,"February 9, 1939",Corrigan,Social science or history teacher education,Pasco-Hernando Community College,Software Engineer,P&R Infraprojects
Charles Chavez,"June 30, 2006",Forestburg,English language and literature,Mountain Empire Community College,Technical Support Engineer,Visteon
Michael Lyons,"October 8, 1969",Lost Creek,Communication disorders sciences and services,Triangle Tech Inc-Bethlehem,Software Engineer,Ge India Industrial
Steven Martin,"February 18, 2005",Creola,Engineering technologies,CALC Institute of Technology,Inside Sales Associate,Sri Aurobindo Society
Margaret Harper,"May 5, 1931",Amelia,Geology and earth science,Olivet College,Regional Sales Manager,Citrus Hotels
Kevin Gilbert,"December 6, 1935",Gadsden,Metallurgical engineering,Premiere Career College,Pharmacy Automation Engineer,Kellogg Brown and Root
Michael Cruz,"November 30, 2019",Leachville,Nutrition sciences,Blue Cliff College-Fayetteville,Senior Technical Marketing Engineer,Layam Flexi Solutions
Nancy Gaines,"August 30, 1958",Upper Santan Village,Film video and photographic arts,Paul Mitchell the School-Wichita,Senior Product Manager,Jamia Hamdard University
Madison Poole,"November 18, 1970",Loretto,Miscellaneous business & medical administration,DeVry University-Ohio,Senior Staff Engineer,Zynova Shalby Multispecialty Hospitals
Kelly Kent,"March 29, 1939",Alba,Geosciences,Connecticut Institute of Hair Design,Product Manager,MNC AUTOMATION
David Wallace,"March 24, 2007",Moreland Hills,Other foreign languages,Texas School of Business-North,Software Architect/Designer/Developer,Mettl
Chad Evans,"October 24, 1947",West Liberty,Humanities,Central Career Institute LLC,UI Developer,Keltron
Kevin Lee,"March 24, 1952",Stockbridge,Applied mathematics,Dawn Career Institute Inc,Senior Program Manager  Platform UX,Algoworks Technologies
Wayne Gray,"May 14, 1940",Sloan,Philosophy and religious studies,University of California-Riverside,Project Manager,NTL Electronics India
Paul Lawrence,"August 4, 1989",Schulter,Operations logistics and e-commerce,Anthem Institute-Parsippany,Director of Network Engineering,DSM Infocom
Kristina Monroe,"July 9, 1931",Leisure World,Industrial and organizational psychology,Kaplan College-Arlington,Senior System Support Engineer,Delhi Institute of Digital Marketing (DIDM)
Catherine Frazier,"October 28, 2019",Crab Orchard,Nutrition sciences,Ryder Memorial School for Practical Nursing,Manager  Network Planning & Strategy,Sfc Solutions
Jeremy Hunter,"March 26, 2002",Marion,International relations,Federico Beauty Institute,Vice President of Business Development,Shalimar Paints
Bryan Thomas,"July 31, 2008",Parkerfield,"Nuclear, industrial radiology, and biological technologies",ITT Technical Institute-Green Bay,Senior Software Engineer,Dimension India Network
Anita Luna,"September 12, 1994",Waterville,Animal sciences,Cameron University,Manager  Marketing and Executive Communications,Enlist Management Consultants
Karen Morales DDS,"October 12, 1940",Helen,Engineering and industrial management,National American University-Independence,Senior Account Executive,Fidelis Technology Services
Lori Steele,"May 20, 2024",Scotia,Nuclear engineering,Fielding Graduate University,Software Engineer III,M Baazar
Bryan Moore,"September 10, 2002",Mountain Pine,Engineering and industrial management,FastTrain of Miami,Director of IT,Government of Madhya Pradesh
Eric Henry Jr.,"November 19, 2012",Susanville,Applied mathematics,Dallas Nursing Institute,Network Engineer,Modicare
Madison Wilson,"November 14, 1996",Lilesville,Architecture,Greenfield Community College,Senior Systems Engineer,Seth Anandram Jaipuria School
Jennifer Miller,"February 2, 2002",La Minita,Accounting,St Joseph's Medical Center School of Radiography,Senior Software Engineer/Architect - Customer Cloud Service,NBFC
Jeffrey Carter,"March 10, 2010",Bloomingdale,Multi-disciplinary or general science,Lincoln College of Technology-West Palm Beach,Software Engineer,Rentokil Initial
Brian Burton,"March 21, 2009",Belle Fourche,Architectural engineering,Brown Mackie College-Louisville,Senior Member Of Technical Staff,Schindler Group
Adrian Levine,"December 14, 1997",Tuppers Plains,Food science,Marian Court College,Lead Technical Architect,Creditas Solutions
Philip Huff,"August 8, 1959",Alanson,Special needs education,Academy of Massage Therapy,Senior Director  Technical Program Management,Kundan Group
Tammy Larson,"October 15, 1980",Wilton,Neuroscience,Tennessee Technology Center at Ripley,Systems Engineer (Network Security),Hi Tech Projects
Jennifer Graves,"December 9, 1960",Port Ludlow,Treatment therapy professions,Virginia College-Spartanburg,CSG Senior Product Manager,Realty Assistant
Ashley Hall,"June 7, 1946",Higden,Educational administration and supervision,Taylor Andrews Academy-St. George,Consulting Engineer Global Proof-of-Concept labs,GD Goenka University
Brenda Smith,"February 8, 1952",Omar,History,Utah College of Massage Therapy Inc-Utah Valley,Cloud Security,Jade Global
Cathy Thomas,"December 8, 1964",Easton,Language and drama education,El Camino Community College District,Leap Associate,Wellknown Polyesters
Linda Atkinson,"October 28, 2008",Seneca,Criminal justice and fire protection,FastTrain of Jacksonville,Principal Architect,WinWire Technologies
Margaret Chandler,"August 14, 2014",St. Joseph,Nutrition sciences,Center for Natural Wellness School of Massage Therapy,Principal Software Engineer Architect,D Light Energy
Debra Blackburn,"May 31, 1984",Purple Sage,Architecture,Ohio Wesleyan University,Software Engineer,Elixr Labs Technologies
Anthony Cook,"April 6, 1952",Gladstone,English language and literature,Pat Goins Ruston Beauty School,Design Verification Engineer,PrimeXBT
Erin Ramirez,"September 12, 1957",Darlington,Linguistics and comparative language and literature,Clark College,Systems Engineer,Oracle Financial Services Software
Dr. April Mendoza,"May 12, 1979",Salinas,General education,Midway College,Staff Software Engineer,WIL Car Wheels
Tammy Cox,"April 7, 1964",Panama City Beach,Mechanical engineering related technologies,Everest University-Orange Park,Data Scientist,GE
Dr. Daniel Sweeney,"September 18, 1955",Ellendale,Computer administration management and security,Bridgeport Hospital School of Nursing,Senior Solution Architect,R L Fine Chem
Dustin Potter,"February 14, 1961",Aleknagik,Studio arts,Professional Institute of Beauty,Account Executive,Sky Gourmet Catering
Jody Rogers,"August 30, 1976",La Rose,Nuclear engineering,Loma Linda University,Director  Product Marketing,Monomark Engineering
Phillip Kent,"January 17, 1946",Encinitas,Mass media,Southern University at New Orleans,Principal Product Manager,Rucha Group Of Industries
Alyssa Hopkins,"September 28, 1964",Coleman,Industrial and organizational psychology,Mountain State College,Senior Software Test Engineer,Akzo Nobel India
Amy Baker,"September 4, 1954",Ponderay,Family and consumer sciences,The Creative Circus,Vice President - Consulting,Ujjivan Financial Services
Chad Bennett,"June 11, 2021",Dermott,Computer networking and telecommunications,Everest Institute-Hialeah,Customer Success Manager,Jana Small Finance Bank
Sherri Charles,"December 30, 1968",Edgard,Physiology,Valley Grande Institute for Academic Studies,Consultant,Shilpa Medicare
Richard Case,"August 22, 1932",Fayetteville,Cognitive science and biopsychology,Duquesne University,Digital Analyst,Videocon d2h
Donna Reese,"September 23, 2009",Spirit Lake,Social science or history teacher education,Helene Fuld College of Nursing,Senior Software Engineer,TechMojo Solutions
David Moreno,"September 28, 1966",Memphis,General social sciences,Nichols Career Center,Business Systems Analyst  Sales Systems  Sales Operations,Manya Education
Luke Dixon,"October 3, 2013",Clyde,Miscellaneous engineering,Lytles Redwood Empire Beauty College Inc,Software Engineer,Medha Servo Drives
Kyle Moore,"February 8, 2020",Mount Vernon,Theology and religious vocations,B M Spurr School of Practical Nursing,Director  Collaboration Technology Group,Sterling Holiday Resort
Michelle Ortega,"January 19, 2000",Thayne,Commercial art and graphic design,Indiana Wesleyan University,Senior Staff Automation Engineer,HelpAge India
Nancy Larson,"August 7, 1939",Challis,Nursing,Kaplan College-San Diego,IT Analyst,LiquidHub
Kiara Preston,"July 10, 1975",Park View,United states history,Ross Medical Education Center-Niles,Field Service Engineer,Yamaha Music India
Michael Sloan,"January 25, 1975",Des Moines,Drama and theater arts,San Francisco Art Institute,Member of Technical Staff,Syneos Health
Angela Blake,"October 13, 1979",Center,Economics,Northwest College,Senior DevOps Engineer,Zepto
Christopher Dalton,"August 11, 2015",Garden Grove,Miscellaneous fine arts,Blessing Hospital School of Radiologic Technology,Distinguish Engineer  Senior M2M/IoT Architect  Verizon Labs,Plr Projects
Trevor Lopez,"January 12, 1983",Larkspur,Military technologies,Chester College of New England,Business Analyst Global Procurement Services,RCS Technologies
Sherri Guzman,"March 24, 1981",Maple Rapids,Information sciences,Savannah School of Massage Therapy Training,Senior Salesforce Developer,Epsilon Carbon
Mary Reyes,"July 9, 1972",Mooresville,Public administration,Bold Beauty Academy,Mobile Software Engineer,Wavelabs Technologies
Virginia Cunningham,"August 16, 2019",Blue Mountain,Anthropology and archeology,Paul Mitchell the School-Tampa,Solution Architect,Zensar Technologies
Joshua Garcia,"April 16, 1967",Homestead,Teacher education: multiple levels,Rasmussen College-Illinois,Machine Learning Engineer/Software Engineer,Happy Forging
Mitchell Anderson,"December 18, 1999",Reminderville,Aerospace engineering,ITT Technical Institute-Portland,Software Engineer,Fitness First
Melissa Lee MD,"March 1, 1979",Angels,Nuclear engineering,Elite Academy of Beauty Arts,Meraki Consulting Systems Engineer,FIITJEE
Tracy Chavez,"February 14, 2013",Indian Springs,Social work,DeVry University-Virginia,Senior QA Engineer,Electrolab
James Johnson,"February 8, 1955",Prescott,Social science or history teacher education,Miller-Motte Technical College-Gulfport,Senior Staff Software Engineer,MT Educare
Janet Graves,"August 22, 1979",Barrelville,Chemistry,Brown Mackie College-Greenville,Senior Product Manager,LUX Industries
Daniel Henderson,"June 6, 2012",Bates City,Genetics,New Concept Massage and Beauty School,Information Security Associate,Cygnet Infotech
Leslie Diaz,"May 30, 1953",Fraser,Biomedical engineering,Technical Career Institutes,Senior Solutions Architect,Parker Hannifin
Bryan Davis DVM,"February 10, 1955",St. Petersburg,Mass media,American Institute of Interior Design,Security Solution Architect Consultant (Data Network Security / SDN / SDSN / Cloud /SD-WAN),Suven Life Sciences
Amy Walters,"March 23, 2001",Nile,Pharmacy pharmaceutical sciences and administration,CCIC Beauty College,Senior Network Security Officer,Ksk Energy Ventures
Angela Parker,"September 27, 2012",Baldwyn,Miscellaneous social sciences,The Santa Barbara and Ventura Colleges of Law-Ventura,President,PETROCON ENGINEERS AND CONSULTANTS
Kelly Lee,"May 31, 1997",Rochester,Philosophy and religious studies,Sinclair Community College,IBM Cloud Software Developer Apprentice,Dayal Fertilizers
Olivia Carter,"March 14, 2016",Covenant Life,Art and music education,California State University-Los Angeles,Senior Software Engineer(Software defined security),REPCO HOME FINANCE
Rebecca Perez,"July 15, 2000",Wilsall,Science and computer teacher education,Bob Jones University,Full Cycle Recruiter,Rao IIT Academy
Penny Fernandez,"February 10, 1954",Cross Village,Operations logistics and e-commerce,Everest University-North Orlando,Engineering Manager,Pinnacle Industries
Elizabeth Taylor,"February 13, 2016",Berlin,Computer and information systems,Barton County Community College,Senior Software Engineer,Om Enterprises
Destiny Duncan,"July 29, 1966",Tuba City,Counseling psychology,American Academy of Acupuncture and Oriental Medicine,Senior Security Engineer,Aeon Credit Service
Donald Freeman,"December 14, 1960",Sulphur Springs,Communication disorders sciences and services,Baker College of Auburn Hills,Senior Software Engineer,Tractors and Farm Equipment
Cindy Williams,"October 27, 1951",Colfax,Humanities,Long Island Beauty School-Hempstead,Senior Software Quality Assurance Engineer - II,Trivitron Healthcare
James Nicholson,"March 26, 1979",Hamilton Square,Theology and religious vocations,Southeast Texas Career Institute,Data Scientist,Ssipl Lifestyle
John Williams,"May 22, 2020",Century,Visual and performing arts,Houston Training Schools-Southwest,Software Engineer 2,Fidelis Technology Services
Tina Martinez,"October 25, 1933",Fort Irwin,Early childhood education,Moler-Pickens Beauty Academy,Business Development & Strategy,Coolberg Beverages
Anne Martin,"October 19, 1933",Tusculum,Food science,Celebrity School of Beauty,Software Development Engineer,Bharat Institutions
Tammy Morris,"July 9, 2009",Van Vleck,"Nuclear, industrial radiology, and biological technologies",Nicolet Area Technical College,Senior Solutions Architect,CarDekho
Penny Fernandez,"February 10, 1954",Cross Village,Operations logistics and e-commerce,Everest University-North Orlando,Engineering Manager,Pinnacle Industries
Jeremy Fernandez,"November 21, 2000",McConnelsville,Nursing,Artistic Nails and Beauty Academy,Data Strategist/Architect,Jaypee Hotels
Robert Watkins,"October 3, 2001",Munford,Physical fitness parks recreation and leisure,Aveda Fredric's Institute,Captain,Azure Hospitality
Amber Williams,"July 5, 1994",Spring City,Communication technologies,Academy di Firenze,Systems Engineer,GE Aviation
Tanner Mitchell DDS,"October 20, 2009",Mineola,Business management and administration,West Virginia Junior College-Charleston,Senior Software Engineer,HLL Lifecare
John Lowe,"March 25, 1938",Heidelberg,General agriculture,Saint Meinrad School of Theology,Senior Developer,PRERANA MOTORS
Kathryn Brown,"September 17, 1965",Jonesboro,Genetics,Gallaudet University,Network Engineer - Senior Implementation Specialist,Market Xcel Data Matrix
Jordan Nelson,"September 4, 1939",Baraboo,Social work,Wards Corner Beauty Academy-Norfolk,Senior Product Marketing Manager,EASTMAN EXPORTS GLOBAL CLOTHING PVT.LTD
Adrian Morris,"August 22, 1984",Warfield,Economics,Tiffin Academy of Hair Design,Director of Sales  West,Vishwa Samudra Engineering
Suzanne Bailey,"June 23, 1982",Montecito,Sociology,Protege Academy,Cloud Solutions Architect,Infibeam Avenues
Cindy Bradley MD,"August 27, 1937",Forreston,Hospitality management,Carnegie Institute,Director  Product Management & Strategy,Allianz Partners
Ronald Garcia,"June 23, 1943",Shillington,Drama and theater arts,Shippensburg University of Pennsylvania,Account Director,Alchemist Hospital
Darlene Nelson,"December 21, 1990",Piney Green,Geosciences,Saint Joseph's College-New York,Junior Software Engineer,RSPL Group
Aaron Mayer,"October 2, 1983",Altura,Theology and religious vocations,Massachusetts Bay Community College,Staff Software Engineer,Uniparts Group
Anthony Parker,"February 26, 1931",Murray,Pharmacology,Du Bois Business College-Oil City,Senior Software Engineer,EVRY India
James Cox,"June 9, 1933",Cottonwood,Film video and photographic arts,South University-The Art Institute of Fort Worth,Software Developer,Bhagyalaxmi Rolling mill
Michael Brooks,"September 29, 1965",Homeacre-Lyndora,Treatment therapy professions,The College of Westchester,SDET,Indian Bank
Benjamin Neal,"July 23, 1990",Pioneer,General social sciences,Moore Career College,Founder (Programmer/Product Manager/Marketeer),The Hi-tech Robotic Systemz
Brenda Payne,"June 29, 2023",Fordyce,Music,Florida School of Massage,Embedded Management Plane PlatformSoftware Engineer,SKS Business Services
Lance Simmons,"December 22, 1970",Murdo,Natural resources management,Metropolitan Community College-Business & Technology,Analytics Manager/Lead Data Scientist,AXIS MY INDIA
Travis Tucker,"May 10, 2003",Jonesville,Mass media,University of Western States,Senior Devops Engineer,Central Bank of India
Ashley Shepard,"August 9, 1938",Cecil,Multi/interdisciplinary studies,Hair Fashions By Kaye Beauty College-Indianapolis,Software Engineer - II,Emonics
Jonathan Gallagher,"August 17, 1992",Midtown,Miscellaneous business & medical administration,MGH Institute of Health Professions,Senior Open Source Engineer,Johnson Lifts
Lisa Coleman,"September 3, 1955",Parkway,Geology and earth science,Claremore Beauty College,Business Analyst,Sigachi Industries
Ryan Palmer,"October 24, 1956",Ranchester,Electrical engineering,Southeastern Institute-Columbia,Staff Software Engineer,Lemon Tree Hotels
Elizabeth Sanchez,"January 7, 1960",Kalama,Agriculture production and management,Pat Goins Benton Road Beauty School,Enterprise Systems Engineer,Future Lifestyle Fashion
Emily Middleton,"March 21, 1938",South Haven,Transportation sciences and technologies,Cathedral Bible College,Software Accesssibility Analyst,WorkIndia
Joel Mclean,"December 27, 1947",Upland,Business management and administration,Don Roberts School of Hair Design,Senior Staff Software Engineer,Galfar
Katelyn Harper,"December 13, 2008",Bluetown,"Electrical, mechanical, and precision technologies and production",Institute of Beauty Careers,Senior Manager,IPAC
Thomas Peterson,"September 8, 1973",Napoleon,Microbiology,Westwood College-Annandale,Major Account Manager,Transpek-silox Industry
Eric Colon,"June 15, 1982",Shoreview,Genetics,James A Rhodes State College,Architect  Network Engineering,Walkaroo International
Tyler Pham,"May 8, 2016",Winchester,Chemistry,The University of Texas-Pan American,Project Manager,DSK Toyota
Melvin Flores,"September 11, 1982",Jupiter Inlet Colony,History,Indiana University-Kokomo,Senior Software Engineer,Kips Learning Private Limited
Kelly Walker,"April 16, 1947",Holly Hill,Pharmacology,New College of Florida,Software Engineer,Institute of Chemical Technology
Karen Ross,"March 19, 2013",Stanfield,Mathematics and computer science,International Academy of Design and Technology-San Antonio,Director of Solution Engineering,Rishabh Instruments
Cynthia Harrell,"September 26, 2007",Hideout,Finance,University of Phoenix-Fairfield County Campus,AI Business Consultant & Manager of Zero to Deep Learning,Ami Polymer
Robyn Davis,"June 7, 1969",Red Hill,N/a (less than bachelor's degree),Stenotype Institute of Jacksonville Inc-Orlando,System Engineer,Nkgsb CO-OP Bank
Timothy Jordan,"May 29, 2021",Glencoe,Visual and performing arts,Continental School of Beauty Culture-Olean,Presales Consultant,Dewar's Garage
Annette Weaver,"November 30, 1930",Ashland,Industrial production technologies,Hope International University,Senior Member Of Technical Staff,Feedback Infrastructure Services
Brian Chen,"July 8, 1961",Clark Fork,Petroleum engineering,Trend Setters Academy of Beauty Culture-Elizabethtown,Software Development Engineer,MamaEarth
Dean Harris,"March 16, 2012",Grover,Journalism,Becker College,President/CEO/Vice President of Sales/Consultant,Back Office
Paul Chaney,"May 21, 1951",Belle Plaine,Electrical engineering,Savannah Law School,Senior Software Engineer,Airtel Africa
Robert Thompson,"September 2, 2010",Millwood,Computer and information systems,Yeshivath Beth Moshe,Technical Leader,Globus Spirits
Charles Hawkins,"July 17, 1999",Grandview Plaza,Science and computer teacher education,Western Shores Institute Inc,Partner & Managing Director; Leader North American Energy Practice,Micro Turners
Anne Martin,"October 19, 1933",Tusculum,Food science,Celebrity School of Beauty,Software Development Engineer,Bharat Institutions
Leah Owens,"January 15, 1963",Meadowbrook,Biochemical sciences,Academy of Esthetics and Cosmetology,Senior Software Engineer,Rooman Technologies
Crystal Garcia,"December 2, 1982",Lynnville,Computer administration management and security,Lincoln Technical Institute-Union,Senior Product Manager - Technical  Speech@Alexa,Third wave Coffee Roasters
Julia Long,"November 25, 1951",Crested Butte,Anthropology and archeology,Northwestern Health Sciences University,Lead Product Manager,Mazagon Dock
Joshua Murray,"May 30, 1999",Kendall,Human services and community organization,University of Puerto Rico-Mayaguez,Design Verification Engineer,BYD Electronics
Tyler Salazar,"February 16, 1954",Lee,English language and literature,Brown College-Brooklyn Center,Senior Backend Developer,RSWM
Julie Mata,"July 29, 1964",East Grand Forks,Art history and criticism,University of Phoenix-Pittsburgh Campus,Senior Web Application UI Developer and Designer,Cummins Generator Technologies
Patrick Santana,"May 25, 1999",Waldo,Theology and religious vocations,Victor Valley College,Site Reliability Engineer,Redco International Wll
Travis Dixon,"April 20, 1941",Union City,Statistics and decision science,Abington Memorial Hospital Dixon School of Nursing,Software Engineer,L&T Transportation Infrastructure
Rita Graves,"May 25, 2001",Forney,Atmospheric sciences and meteorology,Minneapolis Community and Technical College,Software Engineer and QA Automation Lead,United Spirits
Heather Morales,"January 19, 1957",Meyers Lake,Computer engineering,The Salon Professional Academy-Melbourne,Senior Systems Engineering Manager  Sales,Ram Kripal Singh Construction
David Nguyen,"September 11, 2021",Home Garden,Mass media,Marinello Schools of Beauty-Las Vegas,Senior Application Analyst -Digital,Dyninno
Nicholas Scott,"February 18, 2018",Marlboro Meadows,Computer networking and telecommunications,Southern California University SOMA,Strategic Planning & Corporate Development,TechNova Imaging Systems
Caitlin Curry,"September 8, 1949",Harvey,Pharmacy pharmaceutical sciences and administration,Unity Cosmetology College,District Manager,Biocon Biologics
Desiree Tyler,"November 5, 1985",Sauk Centre,General agriculture,Bard College,Software Engineer III,Sansera Engineering
Jennifer Evans,"March 31, 1961",Harts,Architectural engineering,Taylortown School of Beauty Inc,Solutions Builder  Solutions Architect,ATC Telecom Infrastructure
Brooke Harmon,"July 15, 2000",Pelion,Nuclear engineering,Professional Massage Training Center,Partner and Managing Director,Bacardi
Patrick Potts,"November 3, 1933",Oak Ridge North,Petroleum engineering,Empire Beauty School-Warwick,Executive Account Manager,Zicom Electronic Security Systems
Kimberly Black,"June 20, 2018",Bristol,Pre-law and legal studies,Saint Leo University,Senior Software Engineer,Cades Studec Technologies
Robert Bailey,"December 20, 2025",Southern Ute,Visual and performing arts,ITT Technical Institute-Charlotte South,Senior Customer Solutions Engineer,Systra Consulting
Jeffrey Holden,"December 20, 1989",Musselshell,Engineering technologies,South University-West Palm Beach,System Engineer,Bajaj Auto
Robin Preston,"April 27, 2004",Heron Lake,Family and consumer sciences,Hopkinsville Community College,Network Support Engineer,Petronas Lubricants
Darren Gonzales,"May 31, 1999",Fremont,Commercial art and graphic design,Crescent City Bartending School,Market Research Manager,Radheya Machining
Sandra Lyons,"January 6, 2008",Allison Park,School student counseling,Colleen O'Haras Beauty Academy,Site Reliability Engineer -Distributed Systems,Txd (india) Technology
Michael Burns,"December 1, 1979",Hillcrest,Miscellaneous social sciences,Ohio State College of Barber Styling,Director Systems Consulting,Bluechip Corporate Investment Centre
Joseph Miller,"June 7, 1998",Kelayres,Electrical engineering technology,Northwest Christian University,Systems Engineering Manager - III,Aqualite India
Denise Ramos,"October 27, 1984",Black,Family and consumer sciences,European Academy of Cosmetology and Hairdressing,Network Engineer,Overseas Health Care
Nathan Willis,"May 18, 2016",St. Clair,Physical and health education teaching,California Maritime Academy,Software Engineer,IIFL Finance
Jason Nixon,"July 24, 1998",Arcadia,Electrical engineering,Institute of Technology Inc,Reviewer,Horiba India
Tracy House,"September 30, 1930",Mineral Wells,Biochemical sciences,The Chicago School of Professional Psychology at Chicago,Enterprise Security Practice Lead,HIL
Michelle Harris,"October 4, 1936",Marrowbone,Biochemical sciences,Advance Beauty College,Partner Sales Manager  Google Cloud,Milk Mantra Dairy
Stephen White,"January 17, 1966",Brinckerhoff,Computer programming and data processing,Renton Technical College,Marketing Analytics & Insights  Senior Manager,Sterling Gtake E-Mobility
Brian Cervantes,"February 3, 1930",Frazer,Liberal arts,ITT Technical Institute-Warrensville Heights,Vice President Product & Partnerships,Easy Home Finance
Richard Schneider,"February 6, 1996",Russell,Oceanography,Genesee Valley BOCES-Practical Nursing Program,Director of Technical Sales,Everest Industries
Dr. Thomas Clark PhD,"January 19, 1946",Syracuse,Engineering mechanics physics and science,Baker College of Jackson,Project Lead & Scrum Master,General Industrial Controls
William Mcmillan,"October 30, 1960",Drummond,Metallurgical engineering,Brown Mackie College-Phoenix,Regression Systems Administrator,Radiant Cash Management Services
Stephanie Grimes,"June 3, 2004",Charles City,Actuarial science,Miller-Motte College-Fayetteville,Analytics Manager/Lead Data Scientist,Unicommerce Esolutions
Sylvia Clark,"March 18, 2021",Kuna,Studio arts,Hair Professionals Career College Inc,Technical Solutions Architect,Bharat Biotech International
Carlos Morrow,"May 8, 1993",Audubon,Science and computer teacher education,University of the Rockies,Network Engineer,Ralson India
Jennifer Moore,"August 19, 1974",Wappingers Falls,Agriculture production and management,Everest University-Jacksonville,Software Developer,Sri Sri Ravishankar Vidya Mandir
Tina Ortiz,"November 8, 1981",Mantua,"Electrical, mechanical, and precision technologies and production",Southern Connecticut State University,Software Engineer,NSHM Knowledge Campus
David Andrews,"September 7, 2003",Benítez,Nuclear engineering,Concorde Career Institute-Orlando,Lead Software Engineer,KrazyBee
Michael Bennett DVM,"August 1, 1983",New Richmond,Other foreign languages,Seward County Community College and Area Technical School,Director - Hosting and Connectivity Svcs/Internal Network Svcs  Business Technology - Infrastructure,Delhi World Public School
Felicia Vargas,"July 1, 1977",Hoople,Oceanography,Broome Community College,Network Engineer,Biocon Limited
Zachary Ferrell,"February 2, 1982",Green Meadows,Geological and geophysical engineering,Saint Ambrose University,Director of Product Management,Rakshit Drugs
Ashlee Ross,"November 17, 2024",Fulton,Educational administration and supervision,Taylor Andrews Academy of Hair Design,Technical Leader / Software Engineer,Parle Products
Christopher Nelson,"August 23, 1953",Satsop,Soil science,ITT Technical Institute-Arnold,Program Manager  Information Security,Sterling Generators
Eugene Price,"December 12, 1979",Creston,Health and medical administrative services,Empire Beauty School-Appleton,Technical Leader - INSBU,Best Corporation
Kristine Carrillo,"December 22, 2014",Morton,Oceanography,La James International College-Ft Dodge,Engineering Lead,Tiwana Oil Mills
Dawn Rivera,"December 4, 1990",Schlater,Miscellaneous fine arts,Pyramid Career Institute,Software Engineer,Kärcher Cleaning Systems
Michele Holland,"October 4, 1987",Dortches,Miscellaneous engineering,Dean College,Software Engineer,Four Seasons Hotel
Tiffany Hansen,"December 20, 1982",Jewett,Family and consumer sciences,Waukesha County Technical College,Senior Software Engineer,Mastek
Jesse Tucker,"January 2, 1948",Port Tobacco Village,Physiology,Concordia University-Portland,Product Manager for Chrome,Automation Anywhere
Daniel White,"August 22, 1970",Busby,General business,Bryant & Stratton College-Bayshore,Global Virtual Sales Account Manager,Expertrons
Veronica Burns,"May 2, 1940",West Alton,Nursing,Career Quest Learning Centers Inc-Lansing,Director  Global Communications Strategy - Enterprise Networking,Alysj jv
Tracey Suarez,"January 2, 2014",Rio del Mar,Microbiology,Kaplan College-Chesapeake,Senior Product Manager,Maharishi Vidya Mandir
Kevin Snyder,"April 10, 1972",Pearsonville,Film video and photographic arts,Kentucky Wesleyan College,Software Engineer,TAJSATS AIR CATERING
Carla Goodman,"October 28, 1948",Mitchellville,N/a (less than bachelor's degree),Newbury College-Brookline,Senior Sales Engineer Enterprise/Healthcare - TN/AL/MS,Tata Cummins
Jeremy Dalton,"May 15, 2009",Cotulla,"Nuclear, industrial radiology, and biological technologies",Eclipse School of Cosmetology and Barbering,Web Developer,Parexel International
Nicholas Anderson,"July 20, 1964",Chili,Early childhood education,Ross Medical Education Center-Brighton,Professor (Visiting) - Digital Engagement & Marketing Strategy,Arabian Fal
Crystal Davis,"December 4, 2016",McDonald Chapel,Physical and health education teaching,Bowling Green State University-Firelands,Solutions Architect,DotPe
Joann Ferguson,"May 13, 1958",Economy,Community and public health,Brooks Institute,Software Development Engineer In Test,SunSource Energy
Cody Hoover,"July 15, 2017",Cowley,General business,Kennesaw State University,Senior Director  Engineering,Markem Imaje
Jeffrey Weaver,"February 17, 1986",Hampton,Neuroscience,Nebraska Indian Community College,Unit Manager Server Engineering,JSW Cement
Chad Hurley,"November 24, 1937",Franklin Square,Ecology,Final Touch Beauty School,Advisory Solution Consultant,Swal Corporation
Laura Robertson,"March 16, 1958",Yorktown,Family and consumer sciences,Regency Beauty Institute-Olathe,Senior Product Manager,Sathavahana Ispat
Matthew Bates,"February 15, 2000",Alhambra,Miscellaneous engineering,Hair Design Institute,Global Customer Advocacy Programs,Kiswok Industries
Brendan Howard,"May 7, 1963",Melville,Miscellaneous engineering,Universidad Adventista de las Antillas,Product Manager,Indoco Remedies
Jon Day Jr.,"November 30, 1943",Rose Hill,Treatment therapy professions,Sisseton Wahpeton College,Principal Product Support Engineer,C&S Electric
Cheryl Turner,"December 25, 2007",Hollis Crossroads,Interdisciplinary social sciences,Southern California Institute of Architecture,Data Science Intern,Bharti Retail
Tina Melendez,"September 12, 1952",Mainville,Materials engineering and materials science,University of Phoenix-Maryland Campus,Full Stack Software Engineer - Early Programs Team,Epsilon Carbon
Brittany Davis,"March 28, 2025",Sacate Village,Metallurgical engineering,Kiamichi Technology Center-Durant,Enterprise Sales - Strategic Accounts,Vashi Integrated Solutions Limited
Rachel Little,"September 11, 1950",Elliott,Studio arts,Emma's Beauty Academy-Mayaguez,Brand Strategy & Media Analytics,Galfar
Jessica Hill,"May 30, 2000",Parkline,International relations,Williams Baptist College,Senior Product Manager,Conduent
David Cervantes,"March 17, 1931",Ester,Computer networking and telecommunications,Gene Juarez Academy of Beauty,Web Developer,Shivalik Prints
Theresa Davis,"July 12, 1995",Watkins Glen,Operations logistics and e-commerce,Arkansas State University-Mountain Home,Global Supply Chain Manager,Medicamen Biotech
Deborah Small,"December 22, 1935",Eunola,Ecology,Brookline College-Oklahoma City,Network Engineer,Wicked Ride Adventures
Madison Wilson,"November 14, 1996",Lilesville,Architecture,Greenfield Community College,Senior Systems Engineer,Seth Anandram Jaipuria School
Crystal Mills,"May 5, 1993",Stantonville,Miscellaneous business & medical administration,East Arkansas Community College,SDET,VLCC
Justin King,"December 25, 1988",Callaway,Oceanography,Elite Cosmetology School,Recruiter,Sterling Generators
Joseph Dougherty,"July 2, 1930",Pine Valley,Mathematics and computer science,College of Hair Design Careers,Senior Software Engineering Manager,Country Holidays Inn & Suites
Brittany Mitchell,"December 14, 1949",Lacy-Lakeview,Commercial art and graphic design,Tennessee Technology Center at Memphis,Senior Software Engineer,Princess Cruises
Savannah Johns,"October 15, 1986",Athens,Hospitality management,Yeshiva Gedolah of Greater Detroit,Consulting Engineer.Collaboration Solutions,Navitasys India
Russell Bates,"September 20, 1937",Hills,Computer science,Paul Mitchell The School Spokane,Software Engineer,Carillion Alawi LLC
Raymond Fischer,"January 14, 2005",Gilbert,Miscellaneous psychology,National College-Canton,Product Manager  DevOps,Beam Suntory
Mark Keller,"December 24, 2013",Vansant,Physiology,Indiana Wesleyan University,Engineering Manager,Way2wealth Brokers
Julie Davis,"January 21, 2013",Huson,Mass media,Massachusetts School of Barbering,Senior Vice President - Customer Assurance,Global Consumer Products
Cheryl Rose,"March 26, 1971",Calvert,Atmospheric sciences and meteorology,Robeson Community College,Engineering Manager   Partnership & Integrations,Chetana Publications
Dr. Jose Gray DDS,"May 18, 2007",Bromley,Music,Emma's Beauty Academy-Mayaguez,Software Developer,SoftAge Information Technology
Jessica Morales,"March 20, 2009",Elizabeth,Plant science and agronomy,International School of Beauty Inc,Software Developer,Corpone Staffing Solutions
James Dudley,"September 15, 1998",Fairview,Human resources and personnel management,Pennsylvania State University-Penn State Dubois,Senior Software Engineer,Biotech Vision Care
Corey Garcia,"June 25, 2009",Vestavia Hills,Business economics,Paul Mitchell The school-Austin,Staff Engineer,Aptiv
Angela Bradshaw,"November 30, 1963",Dacula,Visual and performing arts,Salon Success Academy-Upland,Senior Software Engineer  Tools and Automation (Apple Pay),Annexmed
Desiree Tyler,"November 5, 1985",Sauk Centre,General agriculture,Bard College,Software Engineer III,Sansera Engineering
Breanna Lopez,"July 26, 1943",Darlington,Computer programming and data processing,Carl Albert State College,ETL Developer/ Data Analyst,Indo Rama Synthetics (i)
Alexander Floyd,"June 12, 1977",Idylwood,Communication technologies,Colegio Tecnologico y Comercial de Puerto Rico,Data Engineering Manager,ANEWA Engineering
Brenda Gallegos,"March 23, 2022",North College Hill,French german latin and other common foreign language studies,Maria College of Albany,Product Marketing Manager  Platform,Sayaji Industries
Jacqueline Webb,"February 22, 1944",Beaulieu,Aerospace engineering,Ridge Career Center,Senior Architect  CCIE 25730,Maharashtra Seamless
Anne Chambers,"July 26, 1955",Daleville,Physical and health education teaching,Oliver Finley Academy of Cosmetology,Software Engineer,Atomberg Technologies
Roger Mason,"September 6, 1951",Carnot-Moon,Microbiology,University of Houston-Clear Lake,Service Manager Staff,Uttam Strips
Maria Parsons,"October 1, 1986",Kirkland,Business management and administration,City Colleges of Chicago-Malcolm X College,Hardware Engineer,ASC Infratech
Jennifer Brooks,"November 22, 2023",Cape May Court House,General engineering,The Hair Design School-N Memphis,Strategic Account Executive - Southeast US,Innovaccer
Wendy Oneal,"February 26, 1938",Dania Beach,Philosophy and religious studies,Colby College,Principal Product Manager - Payments,Solugenix India Private Limited
Nicholas Floyd,"December 24, 1972",Middleborough Center,Business management and administration,Trinity College,Manager  Customer Success,Enzen Global Solutions
Emily Salazar,"January 11, 2021",Utica,Liberal arts,New Concept Massage and Beauty School,Technical Lead,Sulzer
Sean Warren,"August 31, 1932",Algoma,Community and public health,Seacoast Career School-Manchester Campus,Principal Engineer  Software Development,Gold Plus Glass
Melissa Mccormick,"October 1, 1964",Laurie,Biomedical engineering,Tint School of Makeup & Cosmetology-Grand Prairie,Consulting Software Engineer,Frontier Business Systems
Beth Garcia,"January 18, 2015",Finger,Physical and health education teaching,Governors State University,Java Developer,Sun Technologies
Lori Krueger,"May 29, 2018",Manton,Science and computer teacher education,Madisonville Community College,Product Director  Intellient Service,Rama University
Erica Moore,"August 11, 1945",Lesage,Hospitality management,American Institute of Interior Design,Sales Engineer,Sentiss Pharma
Kenneth Cox,"November 8, 1963",Olton,General education,Dean College,Network Engineering and Security,Campus Activewear
Alex Cameron,"April 20, 1939",Osage,Mathematics,Everest College-Melrose Park,Technical Solutions Architect,DULSCO
William Fisher,"June 23, 2003",Clarks Green,History,Atelier Esthetique Institute of Esthetics,Fulltime,Platinum One
Rhonda Cervantes,"August 22, 1940",Olds,Film video and photographic arts,Riverside School of Health Careers,Implementation Consultant / Manager,Visen Industries
Beth Schmidt,"December 21, 1985",Empire,Educational psychology,Bridgeport Hospital School of Nursing,Sales Director,Dr. Willmar Schwabe India
Mrs. Kristen Reyes,"December 20, 1990",North Attleborough,Mathematics teacher education,Cannella School of Hair Design-Blue Island,Network Engineer,Best Corporation
Clayton Blankenship,"November 24, 2009",Bloomington,Miscellaneous agriculture,San Diego Mesa College,Director Product Management,Ola Electric Mobility
Gavin Howell,"July 19, 1996",Poquoson,Food science,Eastern Oklahoma State College,Software Engineer,Dhanlaxmi Bank
Jessica Warren,"August 30, 2000",Ramblewood,Mechanical engineering related technologies,Colby College,RF PCB Applications Engineer,Aabasoft
Adam Woods,"July 3, 1952",Buena Vista,Molecular biology,Avalon School of Cosmetology,System Engineer,Hollister Medical
Penny Fernandez,"February 10, 1954",Cross Village,Operations logistics and e-commerce,Everest University-North Orlando,Engineering Manager,Pinnacle Industries
Peter Gilbert,"December 9, 2004",Maurertown,Family and consumer sciences,ITT Technical Institute-Norfolk,Principal Product Line Manager,CBSI
Hannah Anderson,"August 25, 2017",Nora,Commercial art and graphic design,University of Phoenix-North Florida Campus,Staff Software Engineer  Android Systems,Inspiredge IT Solutions
Michael Coleman,"February 7, 2011",Wellston,Industrial and manufacturing engineering,Western Nevada College,Database  Analytics & Artificial Intelligence Outbound Product Management,DLV Software
Jacob Clark,"September 4, 2017",Great Falls,Metallurgical engineering,Skyline College-Roanoke,Business Systems Analyst,Rotork Controls
Toni Galloway,"April 13, 1992",Perrytown,Journalism,Pike-Lincoln Technical Center,Software Developer,HMD Global
Bryan Richardson,"November 14, 1986",Rome,Environmental engineering,Arkansas Northeastern College,President  JetBlue Travel Products,WEBSOL ENERGY SYSTEMS
Patrick Adkins,"November 9, 1941",Portsmouth,Computer engineering,Mitchell Community College,Team Lead Site Reliability Engineer,Impact Guru
Rebecca Olsen,"September 21, 2014",Camp Hill,Health and medical preparatory programs,Maricopa Community College System Office,DevOps Engineer,TELUS Health
Eric Zimmerman,"May 10, 1997",Pindall,History,P B Cosmetology Education Center,Associate - Data Science,Saroj Educational Group
Paul Franco,"March 5, 1947",Copperopolis,Statistics and decision science,Institute of Design and Construction,Senior Software Engineering Manager,Kanakadurga Finance
Christine Mills,"October 6, 1986",Dunes City,Studio arts,Globe University√Madison West,Senior Director of Product Management,Chetana Publications
Christopher Mcmillan,"May 18, 1998",Springfield,Interdisciplinary social sciences,Peralta Community College System Office,Software Engineer,Nipha Exports
Yolanda Wallace,"December 24, 1967",Gorman,Petroleum engineering,College of St Joseph,Cloud Portfolio Lead,Invesco
Lauren Hooper,"October 13, 1980",Roosevelt Park,Miscellaneous engineering technologies,Daemen College,Software Engineer,HP India
Casey Obrien,"July 19, 1952",Lutcher,Human resources and personnel management,St. John's University-New York,Associate Consultant - Network and Security,Dainik Jagran
Ryan Mcmahon,"January 18, 1998",Teresita,Aerospace engineering,Eastwick College,Member of Technical Staff 3,V-Mart
Monica Oconnor,"September 21, 1943",Tecopa,Educational psychology,Allegheny College,cloud engineer,Pitambari Products
David Hunt,"December 21, 2001",Pleasant Valley,Aerospace engineering,AOMA Graduate School of Integrative Medicine,Cyber Security Analyst II,Chhatrapati Shivaji International Airport
Amanda Palmer,"January 20, 1968",Bridge City,Plant science and agronomy,Harris School of Business-Cherry Hill Campus,Intern,Interview Kickstart
Janet Davidson,"March 18, 1994",Frontenac,Finance,Vermilion Community College,IT Software Engineer Senior Manager,Holy Family Hospital
Amanda Robinson,"March 25, 1947",Boone,Mass media,Lincoln College of Technology-Dayton,Clarity PPM Professional,Health Insurance TPA of India
Erin Silva,"April 12, 2018",Battle Creek,Construction services,Cleary University,Product Manager - Analytics,Doshion
Tiffany Gentry,"March 15, 1968",Jennings,Miscellaneous health medical professions,Destination Academy for Spa and Salon Professionals,Systems Engineer,Reliance Life Sciences
Timothy Blair,"January 23, 1942",Junction City,Social psychology,ITT Technical Institute-Oxnard,Senior Software Development Engineer,More Mega Store
Heather Ramirez,"October 31, 1930",Craig,Community and public health,Millsaps College,Senior DevOps Engineer - Atlassian (Jira) Administrator,Super Smelters
Anthony Evans,"September 28, 2003",Warden,Liberal arts,Sebring Career Schools-Huntsville,Network Consulting Engineer,Kirloskar Pneumatic
Kimberly Sanchez,"March 10, 1977",Ashmore,History,College of Hair Design,Senior Range Engineer,Kharafi National
Tracy Atkins,"September 19, 2003",Woodland,History,Salish Kootenai College,Principal Product Manager,Hitek Syndicate
Brandon Pena,"May 10, 2011",Iron Ridge,Information sciences,Thomas Jefferson University,Software Engineer,Orchid Pharma
Joshua Martinez,"July 20, 2001",Argyle,Educational administration and supervision,Lindsey Institute of Cosmetology,GLOBAL CUSTOMER ENGAGEMENT PRACTICE LEADER  CHIEF CUSTOMER OFFICE,Prayagh Nutri Products
Laurie Hoffman,"August 22, 1988",Lynn Haven,Fine arts,Paul Mitchell The School-Knoxville,Senior SW QA Engineer,The Grand New Delhi
Adrian Morris,"August 22, 1984",Warfield,Economics,Tiffin Academy of Hair Design,Director of Sales  West,Vishwa Samudra Engineering
Casey Murphy,"June 24, 1969",Elmira,Special needs education,Pennsylvania State University-Penn State Harrisburg,Senior Java Developer,SNS College of Engineering
Jessica Manning,"January 10, 1930",Fellows,Film video and photographic arts,Lamar State College-Port Arthur,Software Engineer,Lince Soft Solutions
Jeanette Nielsen,"October 1, 1954",La Porte,Anthropology and archeology,Centenary College,Lead Software Engineer,Integrated Enterprises
Vanessa Green,"March 14, 1959",Waihee-Waiehu,Pharmacology,Normandale Community College,Solutions Engineer,Universal Precision Screws
Cathy Smith,"August 7, 1972",Ovid,Humanities,St Joseph's Medical Center School of Radiography,Software Engineer,“Bharat Financial Inclusion Limited”
Catherine Davis,"April 7, 1999",Lakewood,Physical sciences,Santa Barbara Business College-Bakersfield,Manager of Software Development,Praxis home Retail
Kyle Gross,"December 2, 1936",New Trenton,Computer programming and data processing,Broadview University-Salt Lake City,Software Engineer,Diverse Lynx
Jason Torres,"October 6, 1940",Duncan,Forestry,Milan Institute of Cosmetology-Reno,Software Engineer,Grivaa Capital
Joel Cox,"February 22, 1953",Bradley,Physical sciences,Carsten Aveda Institute of New York,Senior Software Engineer,Bosch Power Tools
Megan Burns DVM,"August 13, 1994",Fifth Street,Operations logistics and e-commerce,Arizona College of Allied Health,Senior Data Scientist,IL&FS Engineering and Construction
Jessica Vasquez,"August 3, 2001",Hainesville,Miscellaneous social sciences,Concept College of Cosmetology,Software Developer,Freshers Universe
Aaron Mayer,"October 2, 1983",Altura,Theology and religious vocations,Massachusetts Bay Community College,Staff Software Engineer,Uniparts Group
Jamie Smith,"May 11, 2007",Dellroy,Microbiology,Dade Medical College-Miami,Java DevOps engineer,LCC Projects
John Hernandez,"May 20, 1964",London,Advertising and public relations,Chicago School for Piano Technology (The),Analyltics Consultant,Renault
Daniel Sullivan,"April 20, 1970",Parkdale,Business economics,Horry-Georgetown Technical College,Account Manager,Mymd Healthcare
Linda Fernandez,"November 1, 1931",Ashland,Social science or history teacher education,Stevens Henager College,Channel Partner Account Manager,Lavya Associates HR Services
David Yoder,"March 31, 1960",Newton,Industrial production technologies,St. Cloud Technical and Community College,Senior Technical Program Manager,Zoho
Corey Johnson,"December 12, 1968",Tillamook,Molecular biology,Virginia College-Shreveport/Bossier City,Data Analyst,FCC Clutch
Jason Martin,"July 13, 1983",Fort Pierre,Architectural engineering,Preferred College of Nursing-Los Angeles,Director  Office of the CFO,Sutherland Healthcare Solutions
Kyle Mccarthy,"April 14, 1967",Silver Creek,Language and drama education,Ridley-Lowell Business & Technical Institute,Agile Coach,ABSAS Solutions
Mason Chase,"April 11, 1948",Holiday Hills,English language and literature,Washburn Institute of Technology,Senior Consultant,SVG Express Services
Mary Durham,"March 15, 1997",Pueblo,Medical technologies technicians,Bryant & Stratton College-Southtowns,Software Engineer Staff,Maharaja Agrasen Hospital
Rodney Salinas,"April 15, 2008",Francisville,Operations logistics and e-commerce,Gallaudet University,Senior Technical Product Manager,Madhucon Projects
Michael Hunt,"January 10, 1990",Gloversville,Criminal justice and fire protection,George T Baker Aviation School,DevOPS Engineer,HungerBox
Rhonda Clark,"September 4, 1930",Albertville,Operations logistics and e-commerce,Everest Institute-Decatur,Global Account Manager,Rolls-Royce
Isabel Hall,"April 11, 1988",Gilmore,Computer administration management and security,Penta County Joint Vocational School,DevOps Engineer,AIT Global
Jennifer Reilly,"September 3, 1960",Accoville,English language and literature,DeVry University-Minnesota,Software Development Engineer,Drive India Enterprise Solutions Limited (DIESL)
Erika Daugherty,"June 9, 1930",Whitmore Village,Economics,Asnuntuck Community College,Devops Engineer,Mac Chem Products
Jose Smith,"September 26, 1971",Doylestown,Physical fitness parks recreation and leisure,International Technical College,NPI Operations,Bharat FIH
Jonathan Miller,"August 26, 1952",Copiague,Physics,Empire Beauty School-Lauderhill,Regional DevOps/Cloud Recruiter,BeatO
Chad Escobar,"January 16, 1978",Timber Pines,Oceanography,Kussad Institute of Court Reporting,Senior Software Engineer,Wildcraft
Melissa Gates,"October 11, 1936",Townville,Teacher education: multiple levels,Belmont College,Network Support Engineer,Avineon India
Jack Garcia,"May 2, 1956",Duncan,Electrical engineering technology,Earlham College,Senior Solutions Architect,Vesuvius
Lee Richards,"October 26, 2005",Harwich Center,Medical assisting services,SUNY College of Optometry,Software Engineer,Qcon
William Mcmillan,"October 30, 1960",Drummond,Metallurgical engineering,Brown Mackie College-Phoenix,Regression Systems Administrator,Radiant Cash Management Services
Tracy Mcguire,"April 23, 1940",Linton,Special needs education,Aviation Institute of Maintenance-Orlando,Senior Customer Success Manager  Strategic Customer Engagement,Elite Engineering And Construction
Robin Ortiz,"March 16, 1995",Savageville,Humanities,International Academy of Design and Technology-Orlando,Senior Technical Leader,Orange Health Labs
Barbara Hester,"February 18, 1965",Ranchitos del Norte,Business management and administration,Briarcliffe College,Technical University Recruiter,Cogenthub
Jeffrey Ayala,"March 28, 1975",Aspers,Astronomy and astrophysics,New York Career Institute,Recruiter,Valued Epistemics
Michael Thompson,"October 29, 1933",Camak,Medical technologies technicians,Keck Graduate Institute,Senior Linux System Administrator,Indiabulls Home Loans
Samantha Morrow,"May 23, 2019",Twain Harte,Plant science and agronomy,Professional Career Training Institute,Security Engineer,Clarus Rcm Infotech
Jacqueline Roberts,"December 26, 1964",Middle Village,Sociology,Horizon University,Cloud Support Engineer  BigData/Hadoop Division,BPTP
Gary Salazar,"November 22, 2011",Waleska,Journalism,University of Arkansas at Pine Bluff,Senior Software Engineer,Xylem Water Solutions
David Daniels,"May 2, 1941",Adjuntas,Oceanography,University of Scranton,Principal Software Engineer,Ambuja Cements
Joseph Alvarado,"June 12, 1932",Port Gamble Tribal Community,Materials science,Crossroads Bible College,Program Manager  Contractor for Microsoft Development,Jain Farm Fresh Foods
Ryan Caldwell,"February 18, 1946",Graymoor-Devondale,Natural resources management,Paine College,Solution Architect Manager,Infor Global Solution
Jennifer Phillips,"November 26, 1999",Alexandria,Computer administration management and security,Universal Technical Institute of Massachusetts Inc,Partner and Managing Director,Tech Firefly
Kimberly Walker,"February 6, 1961",Poplar,Art and music education,Broken Arrow Beauty College-Broken Arrow,Software Engineer,Ambuja Cements
Anthony Wells,"September 14, 2020",Hialeah Gardens,Nutrition sciences,James A Rhodes State College,Senior Machine Learning Engineer,Glenmark Life Sciences
Micheal Austin,"November 10, 1958",Bartow,Music,LA Barber College,Executive Communications,Medha Servo Drives
Joshua Clark,"November 29, 1954",Hilbert,Biological engineering,Trinity Christian College,Product Manager,Sky Gourmet Catering
Timothy Morris,"January 26, 1934",Parma,History,Randolph Community College,Data Scientist,Gramophone
Jason Graves,"June 1, 1940",Kenai,Language and drama education,Cisco College,Senior Software Application Engineer,Systra Consulting
Kelly Preston,"January 14, 1961",Pine Manor,Food science,Miami Ad School-New York,Software Engineer,MyCaptain
Ricky Tran,"December 21, 2014",Clear Lake,Environmental engineering,YTI Career Institute-Capital Region,Senior Software Engineering,Overseas Health Care
Linda Bailey,"April 11, 1987",Loreauville,Physical and health education teaching,University of Colorado Boulder,Senior Manager,Walplast Products
Jennifer Carpenter,"August 24, 2016",Clinton,International business,West Virginia State University,Technical Account Manager,HERE Technologies
Ryan Lawson,"October 21, 1963",White House,Nutrition sciences,O'Briens Aveda Institute,Platform Architect,Shiash Info Solutions
Robert Fischer,"September 15, 1992",Hardwood Acres,Miscellaneous agriculture,Dover Business College,Senior Production Designer,Phenom
Laura Davila,"September 2, 1944",Uvalda,Architectural engineering,University of Phoenix-Richmond Campus,Technical Account Manager,Pratian Technologies
Melanie Garrett,"May 27, 1983",Marietta-Alderwood,Geology and earth science,Bucks County Community College,Region Manager - Il/Wis,Troikaa Pharmaceuticals
Bryan Herrera,"October 7, 1975",Blue Earth,Civil engineering,Lynndale Fundamentals of Beauty School LLC,Member of Technical Staff,Fabtech Technologies International
Amber Crawford,"September 18, 1961",Rutherford,Metallurgical engineering,Miller-Motte Technical College-North Charleston,Data Engineer,Zeta
Matthew Farley,"October 24, 1969",Andover,Zoology,DeVry University-Arizona,Manager  Storage Architects/Systems Engineering,Fernandez Hospital
Tony Brooks,"August 9, 1939",Eastpointe,Interdisciplinary social sciences,ITT Technical Institute-Marlton,Software Development Engineer II,Bhansali Engineering Polymers
Allison Mcpherson DDS,"February 4, 1976",Belvue,Economics,Academy of Massage and Bodywork,Software Engineer,Kirloskar Electric Company
Victoria Parker,"February 17, 1986",Abie,Cognitive science and biopsychology,Empire Beauty School-Lauderhill,Software Engineer  AWS Deep Learning,Dainik Jagran
James Howard,"May 1, 1955",San Saba,Advertising and public relations,Rockford University,Director  Product Management,Tatva Chintan Pharma Chem
Desiree Tyler,"November 5, 1985",Sauk Centre,General agriculture,Bard College,Software Engineer III,Sansera Engineering
Gregory Harrell,"December 17, 1958",Valley Stream,Nursing,ITT Technical Institute-Getzville,Enterprise Account Executive,Velocis Systems
Veronica Arnold,"November 6, 1994",Donalsonville,Medical assisting services,Regency Beauty Institute-Wichita,Senior MTS,Brij Gopal Construction Company
Justin Hurley,"April 24, 2023",Summerfield,Cosmetology services and culinary arts,Iona College,Senior Collaboration Engineer,Powerica
Ralph Yoder,"April 30, 1992",Vergennes,Public administration,Ross Medical Education Center-Brighton,Systems Architect,GGS Information Services
Christopher Johnson,"February 25, 1993",Searcy,Philosophy and religious studies,Maple Springs Baptist Bible College and Seminary,Software Engineer,Sathya Agencies
Brittany Johnson,"February 28, 1955",Demorest,Biochemical sciences,Monroe 2-Orleans BOCES Center for Workforce Development,Business Change Manager,MGM Medical College & Hospital
Maria Fisher,"February 19, 1950",Medicine Lodge,Chemistry,Everest College-McLean,Head of DevOps Engineering,Toyoda Gosei Minda
Austin White,"December 26, 1987",Lowell,Forestry,Ridley-Lowell School of Business,Software Developer,Continental Hospitals
Daniel Horne II,"August 23, 2009",Suárez,Transportation sciences and technologies,New Mexico Institute of Mining and Technology,Business Development Manager  Global Sales Enablement,NKG Infrastructure
Jennifer Snow,"April 20, 1994",Dacula,Electrical engineering,Clary Sage College,Senior Software Engineer,Sandvik Mining and Rock Technology
Diana Sloan,"May 29, 2010",Cedaredge,Zoology,Southside Virginia Community College,Software Engineer 2,Meditab Software
Tracy Guzman,"March 18, 1960",Weston,Studio arts,Escuela De Troqueleria Y Herramentaje,Senior Marketing Analytics and Business Intelligence Manager,Vantage Integrated Security Solutions
Reginald Morrow,"May 28, 1983",Yoder,Industrial production technologies,Mary Baldwin College,Director Product Management,Sri Sri Ravishankar Vidya Mandir
Corey Carroll,"February 5, 1934",Sand Hill,Court reporting,Dickinson College,Technical Marketing Engineer,HyFun Foods
Brandon Stewart,"September 25, 2011",Marcus,Mathematics,Brio Academy of Cosmetology-Niantic,Senior Developer,ICG Medical
Vanessa Reed,"July 11, 1943",Westworth Village,Social psychology,Laguna College of Art and Design,Technical Marketing Engineer / Account & Project Management,Futurz Staffing Solutions
Cathy Smith,"August 7, 1972",Ovid,Humanities,St Joseph's Medical Center School of Radiography,Software Engineer,“Bharat Financial Inclusion Limited”
Jean Murillo,"August 7, 1966",Myrtle,Computer science,Montana State University Billings,Senior Voice Engineer,State Street Global Advisors
Frank Cordova,"November 29, 1974",Dauberville,Art history and criticism,Great Oaks Institute of Technology and Career Development,Software Engineer,CSC
Carol Bowman,"January 28, 1978",Potosi,Public administration,Naropa University,System Test Engineer,MFX
Derek Zuniga,"February 2, 2018",Prairieville,Industrial and manufacturing engineering,Colorado Academy of Veterinary Technology,Senior Product Manager  Finance Systems,Takenaka
Gary Wallace,"April 8, 2017",Soquel,Pharmacy pharmaceutical sciences and administration,Knowledge Systems Institute,Engineering Manager  Communications Platform,Merkle Sokrati
Mary Wall,"January 10, 1949",Puckett,Architectural engineering,Stevenson University,Talent Acquisition-Recruiter,Zomato
Kelly Wright,"April 5, 1966",Vici,Geological and geophysical engineering,Saint Cloud State University,Technical Lead,Balmer Lawrie
Bridget Walter,"April 27, 1988",La Porte City,Physical fitness parks recreation and leisure,Skin Science Institute,Senior Field Solution Architect - Security,PEARCE SERVICES
Philip Jackson,"April 2, 1996",Planada,Forestry,Broken Arrow Beauty College-Tulsa,Software Engineer III,Eurofins It Solutions
Sarah Wolfe,"May 11, 2015",Park River,Social science or history teacher education,ITT Technical Institute-Oklahoma City,Software Engineer Manager,Symphony
Anne Obrien,"October 18, 1976",Hagerman,International business,Virginia College-Columbia,Independent Contractor,Texas Instruments
Roy King,"January 8, 1974",Mountain Home,Economics,Wayne County Schools Career Center,Sales Recruiter,BUDDI.AI
Tracey Phillips,"February 27, 2010",Bohners Lake,Social science or history teacher education,Miller-Motte College-Wilmington,Staff Software Engineer,S.c Johnson Products
John Kim,"April 16, 1945",Taos Ski Valley,"Electrical, mechanical, and precision technologies and production",Adult Center for Education,Product Marketing Manager,MITS GLOBAL CONSULTING
Evan Carroll,"September 26, 1952",North Druid Hills,"Nuclear, industrial radiology, and biological technologies",Niles School of Cosmetology,Senior Software Engineer,Coldex Logistics
Amber Williams,"July 5, 1994",Spring City,Communication technologies,Academy di Firenze,Systems Engineer,GE Aviation
Ryan Murphy,"September 19, 1952",Tonka Bay,Aerospace engineering,National Career College,Senior Software Engineer,Bajaj Steel Industries
Rita Graves,"May 25, 2001",Forney,Atmospheric sciences and meteorology,Minneapolis Community and Technical College,Software Engineer and QA Automation Lead,United Spirits
Colton Williams,"May 6, 1940",Lewisville,Studio arts,Mr Bernards School of Hair Fashion Inc,Builder,Department of Agriculture
Michael Elliott,"June 17, 1997",Spencer,Metallurgical engineering,University of Phoenix-Puerto Rico Campus,Software Developer III,G4S
Anna Whitehead,"February 9, 1941",Spring Green,Court reporting,Everest College-Fort Worth South,Software Engineer,Net Access India
Cassandra Frey,"April 21, 2015",Princeton,Theology and religious vocations,Academy of Hair Design,Owner/Technical Director,ICICI Foundation for Inclusive Growth
Angel Rojas,"May 6, 1964",Ainsworth,Agricultural economics,Baptist Memorial College of Health Sciences,Software Engineer,Minda Furukawa Electric
Jennifer Underwood,"November 10, 1976",Neilton,"Nuclear, industrial radiology, and biological technologies",Memorial Hospital School of Radiation Therapy Technology,Software Engineer,Tata Capital
Adrian Dean,"January 2, 2014",Manhattan Beach,Composition and rhetoric,University of Puerto Rico-Carolina,Project Manager,360 Degree Cloud Technologies
Jacob Paul,"June 19, 1975",North Vernon,Intercultural and international studies,Everest College-Hayward,System Engineer,Groupm Media
Antonio Garcia,"December 26, 1982",Alameda,Pharmacy pharmaceutical sciences and administration,University of Hawaii at Manoa,Senior Manager  Acquisition Integration,TVS - SUNDARAM BRAKE LININGS
Amy Wilcox,"May 29, 1930",Williamsburg,Family and consumer sciences,DeVry University's Keller Graduate School of Management-Tennessee,Sales,ESIC HOSPITAL
Andrew Fernandez,"July 8, 1951",Hesperia,Miscellaneous business & medical administration,Triangle Tech Inc-Erie,DevOps Technolgy Manager,Sfc Solutions
Tommy Hood,"May 10, 1941",Desert Edge,Social work,Sanford-Brown Institute-New York,Leader  Marketing Systems and Operations,Allsec Technologies
Lisa Greene,"October 28, 1943",Elkville,Computer administration management and security,American InterContinental University-South Florida,Software Development Engineer,Prince Pipes & Fittings
Judy Lewis,"June 16, 2020",Nashotah,Visual and performing arts,Saint Augustine College,Project Manager  Digital Strategy  Collaboration,Arvind Smartspaces
Brian Bright,"August 15, 1989",Rockingham,Miscellaneous biology,Anthem College-Brookfield,owner,Aequs
James Randall,"February 27, 2020",Wickes,Chemistry,Berkeley College-Woodland Park,Senior Director of Product Management,O2f info Solutions
Leah Rodriguez,"November 15, 1968",Wilton,Film video and photographic arts,College of the Redwoods,Sales Executive (Cloud and SaaS Solutions),Lanco Infratech
Brenda Smith,"February 8, 1952",Omar,History,Utah College of Massage Therapy Inc-Utah Valley,Cloud Security,Jade Global
Dawn Meyer,"May 26, 1987",Sandia Park,Mathematics and computer science,West Hills Community College District,IoT Firmware Developer,Petron Engineering Construction
Amanda Cook,"December 16, 2004",Tresckow,Management information systems and statistics,ITT Technical Institute-Nashville,Software Engineer,Samsung SDS
Colleen Wright,"November 6, 1976",Byesville,Astronomy and astrophysics,Big Sandy Community and Technical College,Senior Software Development Engineer in Test,Walter Bushnell
Donald Flores,"July 3, 2006",Tustin,Nursing,Denver Seminary,Operations Project Manager,Paramatrix Technologies
Brian Hoffman,"January 1, 1982",Avoca,Pharmacology,Hair Design Institute,Principal Engineer - Database and Web Developer,Apache Footwear
Todd Moore,"December 9, 2021",Lynd,Family and consumer sciences,The Hair Design School-E Greensboro,Geospatial Analyst,Wishup
Sara Flores,"November 21, 2015",La Crosse,International relations,New School of Radio and Television,Software Development Engineer,Back Office
Sarah Clements,"February 28, 2006",Rosemead,Commercial art and graphic design,Pennsylvania Gunsmith School,Network Consulting Engineer,Knack Systems
Mrs. Amanda Kelley DDS,"May 3, 1947",Dawson,Miscellaneous social sciences,Strayer University-Ohio,Senior Python Developer,Roki Minda Co
Dennis Martinez,"September 8, 1962",Randall,Statistics and decision science,Brown College-Mendota Heights,DevOps/SRE Engineer,Cybernetik Technologies
Ashley Davis,"November 27, 1966",Richland,Teacher education: multiple levels,Elite School of Cosmetology,Senior Director Product Marketing,Agarwal Packers and Movers Limited
Timothy Olson,"November 25, 2002",Vonore,English language and literature,Winston-Salem State University,Senior R&D Engineer,MARK EXHAUST SYSTEMS
Jillian Carrillo,"July 1, 1970",Wadley,Computer science,West Chester University of Pennsylvania,BroadCloud Product Manager - Engineering,PPG Asian Paints
Riley Knight,"December 7, 1996",Madison,Fine arts,Mid-Atlantic Christian University,Software Engineer II,A-Check Global
Megan Boyd,"March 3, 1963",Sandy Ridge,Journalism,Northern Oklahoma College,Senior Principal Engineer,Codeforce 360
Alyssa Hopkins,"September 28, 1964",Coleman,Industrial and organizational psychology,Mountain State College,Senior Software Test Engineer,Akzo Nobel India
Kayla Burns,"April 2, 1932",North Potomac,Early childhood education,Texas Vocational Schools Inc,Data Center Architect,ObjectWin Technology
Sarah Wall,"July 30, 1973",New Hyde Park,Military technologies,Institute of Beauty Careers,Member Of Technical Staff,Kips Learning Private Limited
Grace Swanson,"June 26, 2007",Coxton,Atmospheric sciences and meteorology,Antioch University-Seattle,Systems Engineer,Nova IVI Fertility
Travis Walters,"March 11, 2019",Flemingsburg,Engineering mechanics physics and science,Tennessee Technology Center at Paris,Software Engineer,Toyota Material Handling
Randall Stokes,"March 14, 1984",Ranchos Penitas West,Miscellaneous education,Syracuse City Schools Practical Nursing Program,Omni-Channel Social Media Manager,K D Hospital
Toni Galloway,"April 13, 1992",Perrytown,Journalism,Pike-Lincoln Technical Center,Software Developer,HMD Global
Mark Williamson,"March 2, 1934",East Atlantic Beach,Medical technologies technicians,Graduate Theological Union,Program Manager,Congruex Asia Pacific
Katherine Phillips,"June 23, 1962",Winlock,Health and medical administrative services,Sanford-Brown College-Farmington,Director  Product Management,Emirates Airlines
Michael Abbott,"May 11, 2021",Millers Falls,Educational psychology,Jonesville Beauty School,Software Engineering Intern,CFlo
Jordan Wilkerson,"June 3, 2025",Concord,Health and medical administrative services,ATI Career Training Center-North Richland Hills,Network Consulting Engineer,Indus Health Plus
Michael Stevens,"November 17, 1950",Smock,Biological engineering,The College of Idaho,Software Engineer II,SONATRACH
Joseph Myers,"July 17, 1940",Rodney Village,Linguistics and comparative language and literature,Windham Technical High School,Product Sales Specialist - Data Center,Themis Medicare
Michael Singleton,"September 30, 2013",Corral Viejo,Theology and religious vocations,Kent State University at Geauga,Director  Pre-sales Engineering | North America East | Data Protection Solutions,Snowman Logistics
Janice Bailey,"August 9, 1988",Berwyn,Medical technologies technicians,National University College-Arecibo,Technical Lead,Joyalukkas
Ricky Luna,"June 2, 2005",Tesuque,Sociology,AmeriTech College-Draper,Major Account Manager III - Fortinet Carrier & Service Provider Group - AT&T Account,Radiant Cash Management Services
Tracy Lopez,"May 4, 1972",Oxbow,Composition and rhetoric,American Institute of Medical Sciences & Education,Founding Consultant,RAK Ceramics
Laura Lucero,"September 7, 1977",Hanover,Botany,New York Institute of English and Business,Senior Engineer,Sfc Solutions
Rebecca Rodriguez,"September 12, 1954",Sportsmen Acres,Miscellaneous agriculture,Vermont State Colleges-Office of the Chancellor,Founder  Managing Partner,Access Healthcare
Alexandra Lyons,"June 13, 1942",Gratton,Mechanical engineering related technologies,Xenon International Academy-Denver,Software Engineer,Nyx-medical Solutions
Pamela Hubbard,"August 1, 2006",Ada,Miscellaneous engineering,Everest College-LA Wilshire,Software Engineer,Indecomm Global Services
Charles Pham,"July 24, 1944",Rush City,General agriculture,Hartford Seminary,Director of Product  Privacy and Data Governance,Zovian Technologies
Jessica Jones,"February 14, 1995",Raymond,Soil science,Notre Dame Seminary Graduate School of Theology,Software Engineer,Fotografik Enterprises
Michelle Jacobs,"July 25, 2024",Bassett,Social science or history teacher education,University of Phoenix-Colorado Campus,Director  Technical Assistance Center,Market Research Future Reports
Brianna Martin,"February 3, 1932",San Buenaventura,Fine arts,Beckfield College-Florence,DevOps Engineer - IBM Cloud for VMware Solutions,Aksh Optifibre
Justin French,"December 12, 1945",New Kensington,Biology,Emporia State University,Director of Product Management,Jaslok Hospital and Research Centre
Kenneth Edwards,"July 10, 1936",Foley,Molecular biology,Capitol College,EDI developer/ Database Administrator,Uniproducts
Elizabeth Jones,"April 26, 1991",Malmstrom AFB,Public policy,Johnson & Wales University-Online,Senior Engineering Manager,Setco Automotive
Andrea Bowman,"June 8, 1970",McGovern,Advertising and public relations,Arthur's Beauty College Inc,Big Data Architect,KLT Automotive & Tubular Products
Kimberly Ryan,"August 23, 1940",Houston,Fine arts,Ross Medical Education Center-Kentwood,Senior Product Manager,Mumbai District Central Co-operative Bank
Alicia Hill,"April 23, 2021",Allenwood,Educational administration and supervision,South Arkansas Community College,software Engineer Staff,Mahindra Agri Solutions
Jennifer Ali,"January 20, 1945",Liscomb,Finance,Flagler College-St Augustine,Regional Sales Director/Business Development - NAP Division,Amazon Pay
Michael Hawkins,"July 30, 2002",Chariton,Physical and health education teaching,Ladera Career Paths Training Centers,Senior System Engineer - NY Finance,Sgs Tekniks Manufacturing
Tyler Stout,"May 11, 1975",Thayer,Geological and geophysical engineering,Indiana Wesleyan University,DV2 (Data Voice Video) Central Region Manager,Kuwait Oil Company
Calvin Keith,"June 15, 1992",Kenmare,Teacher education: multiple levels,Empire Beauty School-Virginia Beach,Enterprise Content Oversight  Experience Design & Content Strategy,Axis Securities and Sales
Robert Skinner,"October 1, 1989",Dwight,"Nuclear, industrial radiology, and biological technologies",Emerson College,Technical Lead,Western Refrigeration
Joseph Durham,"June 8, 1974",Milnor,Naval architecture and marine engineering,Institute for Clinical Social Work,Software Engineer,Marks & Spencer
Cassandra Fry,"April 10, 2020",Hayneville,Studio arts,Southern Careers Institute-San Antonio,Senior Reliability Engineer,Celebrity Cruises
Sergio Andrews,"July 5, 1972",Floodwood,Social science or history teacher education,ITT Technical Institute√Culver City,software developer,Marque Impex
Crystal Hernandez,"February 10, 1973",Northville,Pre-law and legal studies,Rudae's School of Beauty Culture-Ft Wayne,Digital Architect,Test Yantra Software Solutions
Christine King,"January 26, 2001",Wimer,School student counseling,Texas School of Business-North,Infrastructure Network engineer via Kforce,Gurukul School
Stephen Smith,"February 5, 1931",Butte,Environmental engineering,Musicians Institute,Principal Product Manager - Norton IoT,Dozco
Richard Parsons,"April 8, 2014",Millsap,Statistics and decision science,Trinity Lutheran Seminary,Lead Senior Cyber Security Engineer,ATYETI
Bonnie Barnes,"December 12, 1987",Ivy,Computer and information systems,Long Island Business Institute,Software Engineer,L&T Infrastructure Development Projects
Roger White,"February 28, 1957",Woodlawn Heights,Construction services,Unitech Training Academy-Houma,Enterprise Systems Architect & Project Manager,"L&T Construction, Mining and Industrial Machinery"
Jeffrey Benton Jr.,"February 11, 1961",Nederland,Social psychology,North Iowa Area Community College,Technical Leader,Government of Bihar
Amy Mack,"August 7, 1932",Groesbeck,History,Ithaca College,Systems Engineering Manager (GVE),Manav Rachna International University
James Gallagher,"October 7, 2009",Tavernier,General education,City College-Miami,Software Engineer,Gateway Group
Gina Spencer,"March 5, 1953",Diamond City,Pharmacology,The Reading Hospital School of Health Sciences,Application Support Engineer,N K Buildcon
Bethany Morris,"March 19, 1944",Bethania,Human resources and personnel management,Aveda Institute-New York,Technical Lead Software Engineer,Enlist Management Consultants
Miss Kimberly Holloway,"April 29, 1941",Rushmere,Health and medical administrative services,Institute of Therapeutic Massage Inc,Software Engineer,Lokesh Machines
Matthew Leonard,"November 28, 1949",Cameron,Applied mathematics,Institucion Chaviano de Mayaguez,Data Analyst,Shakti Precision Components
Nicholas Arellano,"March 22, 1987",Hampton,Ecology,Northshore Technical Community College,Organizer,Propshop
Ernest Bush,"December 12, 1982",Sidney,Electrical engineering,Spalding University,Software Engineer,Adma Solutions
Kimberly Lewis,"August 28, 2021",Creola,Teacher education: multiple levels,South University-Accelerated Graduate Programs,Cloud Security Sales Development Manager,Isgec Heavy Engineering
Teresa Jacobson,"April 4, 1983",Cascade Valley,Human resources and personnel management,Career Technical Institute,Senior Vice President Solutions and Service Delivery,Galaxy Toyota
Matthew Austin,"August 21, 2018",South Paris,Natural resources management,Kaplan College-Panorama City,Site Reliability Engineer,Mankind Pharma
Gwendolyn Klein,"August 28, 2004",Wasco,Liberal arts,Kentucky Mountain Bible College,TECHNICAL LEADER,Ribbon Communication
Gloria Dunlap,"August 31, 1940",Norris City,Public administration,Virginia Marti College of Art and Design,Advanced Services Consulting Engineer,Avantha Technologies
Shawn Evans,"January 16, 2022",Lakeview,Miscellaneous health medical professions,Empire Beauty School-Bordentown,National Account Manager,TechNova Imaging Systems
Jonathan Hughes,"June 23, 1971",Pettibone,Metallurgical engineering,University of Phoenix-St Louis Campus,Sales Engineer,Ven Consulting
Nathan Blanchard,"June 10, 1998",Forest Hill,Electrical engineering,The Art Institutes of York-PA,Front End Engineer III,Vision Express
Emily Grant,"December 4, 1931",Tallassee,Materials engineering and materials science,Career Development Institute,Staff Software Engineer,GSH Group
James Gregory,"December 20, 2005",Oak Creek,Chemical engineering,Fortis Institute,Technical Leader Software Engineer,Flixstock
Pamela Medina,"December 29, 1930",Sylvania,Engineering mechanics physics and science,Greenfield Community College,Solutions Architect,Dee Vee Projects
Steven Yang,"July 15, 2008",Camp Douglas,Physical sciences,Northwest HVAC/R Training Center,Corporate Sales Manager,Oswal Industries
Michelle Smith,"February 22, 2000",Goliad,Composition and rhetoric,College of Southern Idaho,Devops Lead,Pantaloons
Martin Wilson,"July 20, 1976",Tropic,Ecology,Georgia State University,Senior Network Architect,Pitambari Products
Terry Rivera,"January 2, 1970",Fairless Hills,Teacher education: multiple levels,Victory Trade School,Software Engineer  Applied Machine Learning,Tata International
Nicole Gutierrez,"September 26, 2009",Brushy,Materials engineering and materials science,Augsburg College,Senior Software Engineer,Oswal Industries
Ronald Murray,"May 27, 1944",Edgewood,Computer networking and telecommunications,University of Puerto Rico-Utuado,Industry Go-to-Market Director,Four Points By Sheraton
Raymond Finley,"May 26, 1946",Oneonta,Family and consumer sciences,Regency Beauty Institute-Roanoke,Data Analyst,Apollo Munich Health Insurance
Dr. Kelly Hammond DVM,"January 1, 2005",Anawalt,Drama and theater arts,Clarendon College,Member of Technical Staff,Reliance Power
Sharon Cook,"June 2, 1991",Arlington Heights,Anthropology and archeology,University of Phoenix-Maryland Campus,DESIRED • Director • Product Manager • Technical Project Manager • SR. Product/ Business Analyst,Synokem Pharmaceuticals
David Bryant,"February 21, 1968",Cole Camp,Art history and criticism,Pinnacle Institute of Cosmetology,Software Engineer,ScoreMe Solutions
Victoria King,"January 23, 1977",Asheville,Materials science,Barnes-Jewish College Goldfarb School of Nursing,Applications Sales Manager - HCM  State & Local Public Sector,Paragon Footwear
William Ramos,"August 14, 1946",Commack,Film video and photographic arts,Morehead State University,Software Engineer,Hyoseong Electric
Barbara Moore,"December 16, 2020",Richland,Business economics,Instituto Tecnologico de Puerto Rico-Recinto de San Juan,Lead Network Architect of Watson Cloud,AQuity Solutions India
Toni Whitaker,"April 5, 1962",Mescalero,Metallurgical engineering,Midstate College,Senior Software Engineer,Monotech Systems
Greg Dyer,"December 25, 1970",Verona,Transportation sciences and technologies,Regional West Medical Center School of Radiologic Technology,Senior Software Engineer,MJ Biopharm
Peter Arnold MD,"September 4, 2002",Kimmswick,Secondary teacher education,Regency Beauty Institute-Manassas,Project Leader,SmartSchool Education
Faith Smith,"September 4, 2003",Westcliffe,Botany,Diesel Driving Academy-Shreveport,Senior Solution Architect,ETA ASCON Group
Shannon Hernandez,"July 3, 1963",Jasper,Genetics,Kendall College,Global Services Executive,Vandana Global
Lawrence Martin,"May 13, 2013",Chili,Nursing,Professionals Choice Hair Design Academy,Leadership and Executive Coach,Dar Group
Philip Vega,"May 11, 1989",Rutherford,General engineering,Washington State University,Information Systems Engineer - Common Test Lab. (CTL),AML RightSource
Sarah Shelton,"March 10, 1943",Clarcona,Animal sciences,Cleveland Clinic Health System-School of Diagnostic Imaging,Software Development Engineer (Enterprise Networking),Victora Group
Deborah Garza,"May 20, 1954",Alba,Marketing and marketing research,Poplar Bluff Technical Career Center,Director Of Engineering,Radisson Hotels
Raymond Mccall,"April 28, 1940",Marshalltown,Accounting,Advanced Tech College,Data Science and Deep Learning Group Technical Product Manager,Ars Traffic And Transport Technology
Stacy Garner,"August 31, 1931",Orem,General education,University of Bridgeport,Enterprise Solution Architect (Big Data Platform  ML   IoT  NoSQL  Cloud Computing  Azure),International Certification Services
Stephanie Knight,"July 22, 1973",Ivyland,Metallurgical engineering,Marian University,Deputy Director - Finance and Administration,Imperative Business Ventures
Sara Evans,"March 7, 1963",Holly Pond,Political science and government,ITT Technical Institute-Youngstown,Network Support Engineer,Enquero
Laura Gilbert,"November 23, 1988",Woodland Park,Teacher education: multiple levels,Toni & Guy Hairdressing Academy-Cranston,Sales Engineer,Seinumero Nirman
Daniel Murphy,"July 7, 1962",Sylvan Beach,Clinical psychology,Saint Joseph's College of Maine,Product Manager,Orient Fashions
Ralph Yoder,"April 30, 1992",Vergennes,Public administration,Ross Medical Education Center-Brighton,Systems Architect,GGS Information Services
John Miller,"May 25, 1971",Berry,Computer administration management and security,Paul Mitchell The school-Austin,Senior Software Engineer,Central Academy School
Ashley Waller,"July 21, 2021",Martin,Miscellaneous biology,Lon Morris College,QA Engineer,Goldstone Cements
Alyssa Weber,"February 2, 1968",Ridgecrest,Intercultural and international studies,Institute of Therapeutic Massage Inc,Senior Manager  Global Customer Insights,Maharashtra Natural GAS
Amanda Moody,"January 18, 1997",Brownsville,Family and consumer sciences,Southern New Hampshire University,Principal Product Manager,DGS Technical Services
Sherry Mitchell PhD,"December 17, 1971",Binford,Music,The Academy of Radio and TV Broadcasting,Embedded Software Engineer,Delphi TVS
Elizabeth Graham,"September 29, 1963",Escondido,Liberal arts,Ulster County Community College,Executive Assistant,Texport Syndicate India
Jacob Cabrera,"April 28, 1950",Afton,Astronomy and astrophysics,University of Phoenix-Pittsburgh Campus,Senior System Engineer,Paragon Digital Services
Christine Goodwin,"July 27, 2007",Tabernash,Architectural engineering,Tomorrow's Image Barber Academy of Virginia,CX Product Management  CX Strategy & Portfolio,Pyramid E Services
Levi Meadows,"January 10, 2014",Summersville,General medical and health services,Regency Beauty Institute-Flint,Cloud Solution Architect,Impresario Entertainment & Hospitality
Justin Fowler,"March 16, 1973",Wickett,General medical and health services,Galveston College,Research Scientist - Machine Learning,Efs Facilities Services
Jerry Johnston,"September 5, 1930",Sand Point,Studio arts,Treasure Valley Community College,Software Engineer,Vidal Health Tpa
Susan Zimmerman,"September 30, 1990",Livermore,Elementary education,Medical Professional Institute,Azure Cloud Engineer (PAAS & IAAS),St Regis
Dean Thomas,"March 21, 1978",Bellevue,Biology,Hebrew College,Site Reliability / AWS Dev-ops Engineer,Family Health Plan
Jeffrey Durham,"December 21, 1999",McKenzie,N/a (less than bachelor's degree),Baker University,Software Engineer 4,CBTS TECHNOLOGY SOLUTIONS INDIA LLP
Jack Martinez,"September 13, 1995",Waldo,Mathematics,Florida Institute of Technology,Vice President Technical Marketing Engineering - Enterprise Networking Business,Goldstone Cements
Melissa Lawson,"March 21, 1988",Adamsburg,Early childhood education,Argosy University-Chicago,Project Manager,HealthAssure
Colleen Cruz,"September 3, 1976",Sturgis,Information sciences,Victory Trade School,Manager Software Dev QA,Osource India
Kathleen Randolph,"December 31, 1949",Patterson Tract,Information sciences,South Florida Institute of Technology,Senior Software Engineer,Orix Auto Infrastructure Services
Adriana Parks,"February 18, 2013",West College Corner,Architecture,Miller-Motte Technical College-Madison,Major Account Manager,Rosenberger Electronic
Richard Bush,"January 24, 1979",Ridgway,Materials science,Lake Land College,Software Developer,Iprogrammer Solutions
Nathaniel Wright,"October 26, 2023",Kitzmiller,General social sciences,ITT Technical Institute√Tallahassee,Software Engineer,Coherent Market Insights
Brenda Payne,"June 29, 2023",Fordyce,Music,Florida School of Massage,Embedded Management Plane PlatformSoftware Engineer,SKS Business Services
Christopher Humphrey,"October 21, 1979",Isle of Hope,N/a (less than bachelor's degree),University of Phoenix-Louisiana Campus,Front End Architect & Developer,Bl International
Laurie Vargas,"August 15, 2010",Rowena,Finance,Kiamichi Technology Center-Atoka,Tools Developer,ESIC Medical College and Hospital
Michelle Rivera,"March 11, 2004",North Fond du Lac,General social sciences,Southern Careers Institute-Corpus Christi,Senior Infrastructure Project Manager,Biesse Manufacturing
Erik Keller,"January 1, 1946",Dauphin Island,Electrical engineering technology,Herzing University-Kenner,Manager  Strategy and Innovation,SA Technologies
Rachel Taylor,"December 6, 1999",Allenville,Agriculture production and management,Northwest College,Southeast Enterprise Sales Manager  SONIFI Healthcare,Sterling Software Private Limited
Steven Gardner,"October 26, 1950",Princeton,Civil engineering,University of Massachusetts Amherst,System Engineer,Orion Security Solutions
Mark Harris,"November 2, 1957",Minnetonka,Hospitality management,Lincoln Technical Institute-Fern Park,Director  Digital Marketing & eCommerce | Customer Experience & Brand Awareness,MSys Tech India
Kathy Robinson,"April 18, 1984",Marathon City,General social sciences,Crossroads College,Manager  Customer Research  Apple Online Store,MCM Telecom Equipment
Luis Davis,"August 26, 1972",Hazlehurst,Biomedical engineering,Paramount Beauty Academy,IT Technical Manager,Westside
James Rodriguez,"December 4, 1969",Palmview South,Intercultural and international studies,Aurora St. Luke's Medical Center-School of Radiologic Technology,Principal Software Engineer(Cloud  MEAN stack),Tamil Nadu Electricity Board
Brenda Nicholson,"October 20, 1976",Northgate,Computer and information systems,Hawaii Community College,Consulting System Engineer - Cyber Security,Net Access India
Frank White,"September 26, 1958",Ranger,Oceanography,Jacksonville College-Main Campus,Senior Product Manager  Process Automation  Service Cloud,Emmennar Pharma
Jeffrey Robertson,"July 19, 1942",Williams,Geography,Union University,Network Engineer,Jayabheri Automotives
Donna Stephenson,"August 17, 2018",Milan,Actuarial science,Regency Beauty Institute-Nashville,Sales Engineer,USV
Ruth Brown,"August 26, 1979",Stansbury Park,Geosciences,Newschool of Architecture and Design,Software Engineer,Ess Kay Fabrication
Samantha Morrow,"May 23, 2019",Twain Harte,Plant science and agronomy,Professional Career Training Institute,Security Engineer,Clarus Rcm Infotech
Lisa Hensley,"May 17, 2016",Poulan,Petroleum engineering,School of Professional Horticulture at the New York Botanical Garden,Business Planning  Digital Operations  Supply Chain,Centaur Pharmaceuticals
Heather Bradford,"February 2, 1952",Nettie,Film video and photographic arts,Volunteer Beauty Academy-System Office,Senior System Engineer,Narayana Junior College
Taylor Johnson,"June 21, 1967",Shickshinny,Economics,American Institute of Beauty,Software Engineer,Successive Technologies
Kevin Hansen,"November 20, 1934",Pleasantville,Public policy,Frank Lloyd Wright School of Architecture,Software Engineer,Fingent
Stacey Hernandez,"March 12, 1958",Douglas City,Geosciences,Universal Technical Institute of Massachusetts Inc,Principle Research Engineer,Bahwan Engineering
Sean Clay,"January 12, 1951",Bridgeport,Pharmacology,David Demuth Institute of Cosmetology,Senior Software Engineer,INFOSEC VENTURES
Kristina Webb,"March 16, 2005",Westchase,Forestry,The Beauty Institute,Software Engineer,Winkies
Joseph Clayton,"June 29, 1941",Newman Grove,Nutrition sciences,Signature Healthcare Brockton Hospital School of Nursing,Site Reliability Engineer,Organic India
Hunter Williams,"December 10, 2005",Paxtonville,United states history,Century College,Senior Software Engineer,Amentum
Jonathan Walton,"April 21, 1971",Des Plaines,International relations,Old Dominion University,President,MothersonSumi INfotech & Designs
April King,"May 17, 1949",Peñuelas,Mining and mineral engineering,Regency Beauty Institute-Newport News,Account Manager,Cambridge University Press
Nicholas Terrell,"May 11, 2019",Cape Meares,Humanities,Crafton Hills College,Staff Engineer SQA,LS Automotive India
Allen Rosales,"September 8, 2022",Calabasas,Operations logistics and e-commerce,Virginia College-Savannah,Divisional Recruiter,Ingersoll Rand
Brandy Anderson,"July 10, 2013",Shishmaref,Human services and community organization,Pamlico Community College,Strategic Account Executive,Apollo Medskills
Erin Summers,"March 8, 2008",Grass Valley,Medical technologies technicians,John Brown University,Network Support Engineer,Purnartha Investment Advisors
Anthony Gordon,"July 24, 1952",Kewaskum,Biomedical engineering,Tarleton State University,IT Security Engineer,Godrej Interio
Jeffrey Stephens,"July 25, 1983",St. Lucas,Architectural engineering,Inner State Beauty School,Executive Director,GP Strategies
Michelle Hall,"November 26, 1995",Elkhart Lake,Mining and mineral engineering,Galen College of Nursing-San Antonio,Presales Director - Latin America and Caribbean,Kiran Motors
Calvin Bowers,"March 1, 2015",Garfield Heights,Civil engineering,Inter American University of Puerto Rico-Central Office,Senior Software Engineer,Hindustan Pencils
Jerry Martin,"May 30, 2001",Mulberry,Health and medical preparatory programs,St Lukes Hospital School of Nursing,Senior Software Engineer in Test,Ami Organics
Heidi Newton,"November 15, 1976",Hamtramck,Oceanography,Crossroads Bible College,(Volunteer) IT Consultant  Chiolo Lab  Molecular Biology,Mahendra NextWealth IT
Mark Clark,"December 13, 1986",Huxley,Area ethnic and civilization studies,Washington & Jefferson College,Product Manager,Yokohama Off-Highway Tires
Julie Gillespie,"September 16, 1942",Rosedale,Industrial and manufacturing engineering,Lanier Technical College,Information Security Analyst,Hapag-Lloyd
Ruth Harris,"December 4, 1974",Finley,Metallurgical engineering,Fortis College-Phoenix,Software Engineer,Kingdom of Dreams
Madison Morales,"August 8, 2023",Berkeley,Science and computer teacher education,Delta State University,Senior Data Analyst,G4S
Daniel Vincent,"April 2, 1943",Rich Hill,Environmental science,Clarion County Career Center Practical Nursing Program,President and Owner,Shrinath Rotopack
Phillip Herman,"October 30, 1968",Lawnside,Information sciences,Virginia Wesleyan College,Systems Engineer,United Nations Development Programme
Cole Andersen,"July 27, 1989",Yale,Finance,Vatterott College-Sunset Hills,Senior Software Engineer,Bill Forge
Abigail Mills MD,"June 28, 2000",Tekoa,Plant science and agronomy,Brittany Beauty School,Staff Software Engineer,Shriram Automall
Rebecca Edwards,"August 4, 2024",Holly Hills,Miscellaneous psychology,Assumption College for Sisters,Engineer,Group Pharmaceuticals
Kyle Andrade,"April 19, 2012",Potlatch,Petroleum engineering,Newbridge College-Santa Ana,Adjunct Professor,GMR Hyderabad International Airport
John Francis,"May 1, 1970",Willapa,Microbiology,Everest Institute-Marietta,Staff Optical System Engineer,Target Publications
Kenneth Edwards,"July 10, 1936",Foley,Molecular biology,Capitol College,EDI developer/ Database Administrator,Uniproducts
Allison Fisher,"August 18, 1956",Sharon,Music,Argosy University-Schaumburg,Software Test and Automation Engineer,Cummins Turbo Technologies
Arthur Gonzalez,"November 18, 1931",Dumfries,Miscellaneous psychology,Victoria Beauty College Inc,Senior Consultant,British Council
Christopher Pena,"January 19, 2015",Miamitown,Humanities,Central Carolina Technical College,President,Mega Rubber Technologies
Mr. Carl Rios,"October 21, 1945",Bellmead,General business,Carver Bible College,Senior System Engineer,VFISLK
Cory Hogan,"October 25, 2015",West Glacier,General engineering,Kaplan Career Institute-Charlestown,Software Engineer - iOS,SolarSquare Energy
Hannah Perez MD,"December 18, 1966",Hinton,Miscellaneous biology,Aveda Institute Portland,Virtual Sales Engineer - Cloud Data Services,GE Healthcare
Dakota Vaughn,"July 7, 1958",Providence,Educational psychology,Portland Community College,Member Board Of Directors,CSC Global
Brittany Hoffman,"September 14, 2008",McEwen,Miscellaneous social sciences,Kenyon College,CEO & Founder,Exotel
Angelica Simpson,"December 13, 1970",Cassel,Communication technologies,Gateway Technical College,Regional Manager- National Business Development (Central),Hi Tech Gears
Daniel Merritt,"October 28, 1946",Durand,Social work,Ridge Career Center,Python Developer,Maschio Gaspardo
Karen Henson,"January 25, 1937",Hoople,Advertising and public relations,CollegeAmerica-Phoenix,Director  Customer Engagement  Global Customer Programs - The Americas,Cynoteck Technology Solutions
Anita Smith,"September 10, 1964",San Jose,Family and consumer sciences,Canadian Valley Technology Center,Staff Engineer  Monitoring Infrastructure Development,National Payments Corporation of India
Dr. Jose Garcia,"February 7, 1970",Watson,Naval architecture and marine engineering,Pacific Lutheran Theological Seminary,NLP (Natural Language Processing) Developer,Formidium Corp
Edgar Ramirez,"September 10, 2010",Akiachak,Health and medical administrative services,Atlantic University College,Call Center Representative,S10 Healthcare Solutions
John Massey,"April 16, 1953",Big Bend,Engineering mechanics physics and science,Mech-Tech College LLC,Partner & Managing Director,Bobst India
Keith Horton,"October 19, 1970",Java,Chemistry,North Dakota State University-Main Campus,Program Director | IaaS Engineering - Watson Commerce,Ozonegroup
Maureen Carter,"October 29, 1958",Pine Apple,Statistics and decision science,Atlantic Technical Center,Project Manager,Abu Dhabi National Hotels
Sarah Sosa,"October 16, 2023",Crested Butte,Miscellaneous agriculture,Skyline College,Software Development Engineer,Sunflag Iron and Steel
Madison Richardson,"September 6, 2014",Brentwood,Miscellaneous business & medical administration,Brown Mackie College-Fort Wayne,Consultant System Engineer Security,Knorr-Bremse
Linda Rodriguez,"October 10, 2025",Oakdale,Management information systems and statistics,Sebring Career Schools-Huntsville,Graduate Research Assistant,Centurion University of Technology and Management
Karen Wolf,"March 9, 1967",Millsap,Business management and administration,Traxlers School of Hair,Service and Support Manager,ITM Group of Institutions
Carmen Preston,"March 10, 2022",Derby,Intercultural and international studies,Blue Cliff College-Fayetteville,Sales Engineer,Oracle Financial Services Software
Brooke Harmon,"July 15, 2000",Pelion,Nuclear engineering,Professional Massage Training Center,Partner and Managing Director,Bacardi
Jeffrey Mendez,"January 1, 1958",Toomsuba,Computer engineering,Jones International University,Senior MTS,Roha Housing Finance
Erin Stewart,"December 22, 1964",Bath Corner,Other foreign languages,Salem Community College,Senior Network Engineer,Amantya Technologies
Jonathan Yates,"December 31, 2017",Red Chute,Finance,Moorpark College,IT Senior Security Engineer,Pothys
Lisa Hensley,"May 17, 2016",Poulan,Petroleum engineering,School of Professional Horticulture at the New York Botanical Garden,Business Planning  Digital Operations  Supply Chain,Centaur Pharmaceuticals
Aaron Thompson,"March 31, 1948",Stephenville,Computer science,The Hair Academy,Lead UI Engineer,Pocket FM
Robert Hall,"February 17, 1976",Cedro,Mass media,Cobb Beauty College Inc,Principal Solution Architect,Toothsi
Shirley Suarez,"December 3, 1965",Welda,Applied mathematics,Moore College of Art and Design,Red Team Member,BrightCHAMPS
Roger Greene,"June 6, 2000",Stratton,Operations logistics and e-commerce,Palau Community College,Strategic Sales Engineer/Solutions Architect,Cult.fit
Nicole Edwards,"May 22, 2012",Ithaca,Communication technologies,Bethesda University of California,Member of Technical Staff  (Nicira),Karur Vysya Bank
Lindsay Chavez,"May 23, 2008",North Windham,Computer science,National Conservatory of Dramatic Arts,Senior Software Engineer,TomTom
Lindsey Robinson,"December 23, 1961",Old Bethpage,General agriculture,Carrington College-Las Vegas,Critical Problem Resolution Engineer,Coslight India Telecom
Christina Perry,"March 28, 1988",Rushmore,Mass media,Bellarmine University,Senior Software Engineer,Noccarc Robotics
Hector Griffin,"December 5, 1974",Kelseyville,Miscellaneous psychology,The Academy of Barbering Arts,System Test Engineer,Vesuvius
Douglas Sullivan,"December 12, 1985",Dadeville,Architecture,Macalester College,Software Engineer,Star Engineers India
Jorge Tyler,"February 9, 2012",Village of Clarkston,History,Jones International University,Director  Product Management,Lumino Industries
John Perez,"October 11, 1933",Apalachin,Humanities,Northern Michigan University,Principal Compliance Engineer,Excelra Knowledge Solutions
Jason Jones,"September 24, 2013",Cale,Philosophy and religious studies,Community Technology Learning Center of Portage,SW Engineer,Broadcom
Robert Montgomery,"December 18, 1969",Quartz Hill,International business,Globe Institute of Technology,Senior Product Manager  Technology,Essel Mining & Industries
Deborah Small,"December 22, 1935",Eunola,Ecology,Brookline College-Oklahoma City,Network Engineer,Wicked Ride Adventures
Elizabeth Marks,"January 24, 1960",Dudley,Mathematics teacher education,Empire Beauty School-Arlington Heights,Software Engineer,Optus Infotech
Jacqueline Pierce,"January 30, 1946",Oxford Junction,Clinical psychology,University of Maine at Farmington,Software Engineer,Vijay Tanks & Vessels
Daniel Mercer,"July 21, 1932",Manila,Mechanical engineering,East-West University,Supply Chain Architect/SME,Neel Metal Products
Shelia Dixon,"July 20, 1974",West Fork,Social psychology,Taft College,Commercial Solutions Lead,Teva API
Rodney Nichols,"January 19, 1953",Pikeville,Visual and performing arts,Michigan Institute of Aviation and Technology,Senior Platform Engineer,Sopra Steria
Heather Herman,"December 12, 2014",South River,Nutrition sciences,National Academy of Beauty Arts-St Louis,Senior Corporate Counsel,BSCPL Infrastructure
Juan Evans,"April 20, 2002",Tuscola,Engineering and industrial management,Anthem College-Maryland Heights,Member Of Technical Staff,Banas Dairy
Justin Stone,"October 1, 2023",Corn Creek,Microbiology,Cloyds Beauty School 1 Inc,Senior Software Engineer,CREW(P)LTD
Steven Scott,"November 29, 1986",Warren,Miscellaneous psychology,Lynn University,DevOps Engineer - Consultant,State Street Bank
Miranda Ortiz,"February 18, 1957",North East,Multi-disciplinary or general science,The Art Institute of Salt Lake City,Director Of Engineering,Paharpur Cooling Towers
Dr. Paul Olson,"December 12, 1942",Belpre,Mining and mineral engineering,Fortis College-Phoenix,Programmer Analyst / Site Reliability Engineer,Way2Online Interactive
Michael Mitchell,"August 21, 1951",Jamesport,Civil engineering,Blue Mountain College,Senior voice engineer,Himalaya Wellness
Marcus Poole,"November 12, 2000",Smithville,Miscellaneous fine arts,Pat Goins Benton Road Beauty School,Integration Engineer,Rakon
Haley Johnson,"March 28, 1933",South Heart,Mechanical engineering,Virginia College-Columbia,Software Engineer - Machine Learning,Apar Industries
James Griffin,"July 12, 1944",La Fermina,Film video and photographic arts,J Sargeant Reynolds Community College,Senior Software Development Engineer,Xyz Company
Lance Lynn,"August 17, 2020",Virden,International business,Inver Hills Community College,Software Engineer,Alivira Animal Health
Christopher Walker,"September 21, 1950",Mocanaqua,Environmental engineering,CUNY Brooklyn College,Subrogation Technician,_VOIS
Lauren Higgins,"August 22, 1996",Buckner,Biomedical engineering,ITT Technical Institute√Corona,Senior IT Project Manager  M/A Integration Management Office,Canam Consultants
Nicholas Lowery,"June 26, 2018",Hagerstown,Miscellaneous engineering,Upper Valley Educators Institute,Corporate Development,TCG Lifesciences
Cheryl Petersen,"July 17, 2017",Alvin,Drama and theater arts,Vanguard College of Cosmetology,Financial Data Analyst,Mahaveer Group
Crystal Miller,"June 26, 2019",Loveland,International business,Platt College-San Diego,Senior Network Reliability Engineer,Spice Money
Stacey Hubbard,"February 24, 1963",Trenton,English language and literature,National College-Stow,Senior Director  Program Management  Platform,Fuji Electric
Robin Baker,"December 12, 1934",Prosser,Medical assisting services,Hot Springs Beauty College,Senior Salesforce Developer,RAMADA PLAZA
Danielle Davis,"July 2, 1947",Lovelock,Zoology,Florida College of Natural Health-Maitland,Chief Architect,Honda
Sara Thomas,"June 22, 1974",Cornwells Heights,Drama and theater arts,EDIC College,Manager IT Security at Optum,Hinduja Housing Finance
Christopher Tate,"May 6, 1940",Wichita Falls,Human resources and personnel management,Southern California University of Health Sciences,Senior Manager Of Site Reliability   DevOps  Release & Cloud  Engineering,Object Technology Solutions
Jon Jackson,"April 15, 1955",Stapleton,Food science,DeVry University-Tennessee,Staff Engineer  ML Compiler Team,Paras Buildtech
Colleen Cochran,"September 16, 1954",Grantsville,Operations logistics and e-commerce,University of Nebraska Medical Center,System Engineer,Blue Rose Publishers
Marco Davis,"June 25, 1997",Milledgeville,Geology and earth science,Houghton College,Member of Technical Staff Intern,Setco Automotive
Alexander Shelton,"March 28, 2006",Inverness,Physiology,Myotherapy College of Utah,Information Security Investigations Manager,GVPR Engineers
Kristen Watts,"February 18, 2007",Franklin Center,Educational administration and supervision,International Sports Sciences Association,Technical Marketing Engineer,SPX Flow Technology
Melanie Garrett,"May 27, 1983",Marietta-Alderwood,Geology and earth science,Bucks County Community College,Region Manager - Il/Wis,Troikaa Pharmaceuticals
Zachary Jones,"November 22, 2014",Valparaiso,Engineering and industrial management,Tennessee Technology Center at Livingston,Staff Engineer,Sterling Gtake E-Mobility
Zachary Pearson,"November 20, 1959",Shenandoah Farms,Biochemical sciences,Metro Business College-Arnold,Software Engineer,American Express
William Austin,"October 15, 1944",Fairfax,Physical and health education teaching,Capitol College,Lead Software Engineer,Root Industries
Tina Patel,"November 20, 1991",Pony,Criminology,Paul Mitchell The School-Pasadena,Co-Founder,Rostfrei Steels
Sherry Mitchell PhD,"December 17, 1971",Binford,Music,The Academy of Radio and TV Broadcasting,Embedded Software Engineer,Delphi TVS
Andrea Brown,"December 12, 1992",The Woodlands,Humanities,Big Sandy Community and Technical College,Senior Site Reliability/DevOps Engineer,Meghalaya Cements
Michael Savage,"August 28, 1980",Freedom,Elementary education,International Beauty Academy,Software Developer Intern,Mvs Acmei Technologies
Victoria Keller,"June 15, 1991",South Pottstown,Miscellaneous social sciences,Earlham College,Cybersecurity Sales Specialist,Fitness First
Mr. Michael Williams Jr.,"March 18, 1991",Morro Bay,General engineering,University of Phoenix-Cleveland Campus,Software Developer,Team Computers
Anthony Mitchell,"December 20, 1996",Buffalo,Cognitive science and biopsychology,Seton Hall University,Senior Director of Product Marketing,A-1 Fence Products
Marilyn Page DVM,"April 12, 1989",Rensselaer,Criminology,Washington Barber College Inc,Global Account Manager,Serdia Pharmaceuticals
Mathew Myers,"December 4, 1954",Adams,Anthropology and archeology,University of Phoenix-Shreveport-Bossier Campus,Recruiter,Swiss Re
Gregg Anderson,"February 16, 1991",Crystal Lakes,Court reporting,University of Phoenix-Indianapolis Campus,COMPUTER LAN/WAN NETWORKING,ArcGate
Amanda Morris,"March 11, 1985",Alma,Community and public health,Mesalands Community College,Technical Support Engineer,Kidzee
Ms. Kelly Holder,"March 1, 1995",Charleston,Industrial and manufacturing engineering,PCI Health Training Center,Analytics Director,NTC Logistics India
Ernest Sullivan,"August 28, 1968",Cosmopolis,Visual and performing arts,National American University-Denver,Software Developer,Ubique Systems
Jessica Mora,"September 2, 1971",Roundup,Pharmacy pharmaceutical sciences and administration,Roanoke-Chowan Community College,Corporate Development Manager,TONI&GUY
Laura Middleton,"February 5, 1946",Duncombe,Zoology,Virginia School of Massage,Senior Software Engineer,Healthium Medtech
Christine Meza,"March 31, 2010",Columbine Valley,Early childhood education,IVAEM College,Senior Product Manager,Motherson Sumi Wiring
Andrew Rodriguez,"March 16, 1986",Aberdeen,Sociology,Traxlers School of Hair,Software Engineer,Nuance Transcription Services
Amy Silva,"August 25, 1978",Selma,Atmospheric sciences and meteorology,Phoenix College,Chief Cybersecurity Officer,CDM Smith
Marilyn Henry,"November 6, 2014",Indian Rocks Beach,Forestry,Boston Baptist College,User Experience Researcher,Paras Spices
Elizabeth Villarreal,"February 14, 2017",Moorefield,Statistics and decision science,Birmingham Southern College,Customer Engagement Manager | Service Provider Domain,Komatsu
Mark Page,"April 13, 1992",Washington,Philosophy and religious studies,Ohio Center for Broadcasting-Valley View,Global IOT Industry Marketing Lead,Pontika Aerotech
Edward Weeks,"September 1, 1961",Methuen Town,Medical technologies technicians,MotoRing Technical Training Institute,Senior Technical Account Manager,Reliance SMSL
Mark Stephens,"August 30, 1975",Gilt Edge,Educational psychology,Metropolitan Career Center Computer Technology Institute,Senior Director  Americas Sales Engineering,Rave Technologies
Jon Jackson,"April 15, 1955",Stapleton,Food science,DeVry University-Tennessee,Staff Engineer  ML Compiler Team,Paras Buildtech
Deborah Campbell,"May 25, 1937",Whetstone,Theology and religious vocations,University of Illinois at Chicago,Product Manager,Al Maha Foods International
Joseph Montgomery,"September 13, 1970",Home,General engineering,United Tribes Technical College,EBC Senior Program Manager,Veolia
Henry Taylor,"April 15, 1947",Parryville,N/a (less than bachelor's degree),Allen School-Brooklyn,Regional Sales Manager,OptimHire
Michelle Byrd,"January 5, 1949",Mililani Mauka,Soil science,King's College,Senior Technical leader.services,Smc Insurance Brokers
Daniel Murphy,"July 7, 1962",Sylvan Beach,Clinical psychology,Saint Joseph's College of Maine,Product Manager,Orient Fashions
Erik Keller,"January 1, 1946",Dauphin Island,Electrical engineering technology,Herzing University-Kenner,Manager  Strategy and Innovation,SA Technologies
Kathleen Marsh,"February 19, 1952",Swift Trail Junction,United states history,Lincoln Technical Institute-Cromwell,Systems Engineering Manager - Great Lakes at Palo Alto Networks,Mitsubishi Elevators
Megan Shah,"November 23, 1940",Bluebell,Transportation sciences and technologies,Regency Beauty Institute-Eastgate,Program Manager,CareerNet Technologies
Heidi Matthews,"November 18, 1980",Snowflake,Accounting,Fortis Institute,Program Manager,Manipal Business Solutions
Gary Yu,"June 2, 1990",Hurstbourne,Court reporting,La Belle Beauty School,Principal Architect,Arohan Financial Services
Shannon Ramsey,"July 25, 2014",White City,General education,Fort Scott Community College,Senior Product Manager,KWALITY DAIRY (INDIA)
Dawn Daniel,"August 24, 1951",Welaka,International business,Environmental Technical Institute-Blue Island,Senior Solutions Architect  CCIE#1423,QUICK HEAL TECHNOLOGIES
Connor West,"September 5, 1983",Priceville,Genetics,Lawyer's Assistant School of Dallas,Product Manager,Orion Edutech
Theresa Sandoval,"October 25, 1933",Nipinnawasee,Industrial and manufacturing engineering,Monroe College-Main Campus,Business/Data Analyst,CL Educate
Michael Moon,"July 30, 1978",Flora,Liberal arts,Mid-America Technology Center,Director  Product Management  Security Business Unit,Sgs Tekniks Manufacturing
Brooke Harmon,"July 15, 2000",Pelion,Nuclear engineering,Professional Massage Training Center,Partner and Managing Director,Bacardi
Amanda Jones,"December 5, 1943",Winlock,United states history,Tennessee Technology Center at Jacksboro,Release Engineer,Tricon Infra Buildtech pvt.Ltd
Christopher Butler,"April 21, 1979",St. Ann,Mathematics and computer science,Josef's School of Hair Design Inc-Fargo West,Investor,Affine
Daniel Fox,"July 17, 1981",Woodstock,Naval architecture and marine engineering,Illinois School of Health Careers,Escalation Engineer,Formidium Corp
Andre Jones,"August 9, 1992",North Ogden,Mechanical engineering related technologies,East Central College,Principal Security Architect,CRYSTAL CROP PROTECTION
Rachael Perkins,"October 3, 1939",Beaumont,Nuclear engineering,Skin Institute,Frontend Developer,RGBSI
Christopher Hunter MD,"August 21, 1933",Tipton,Computer programming and data processing,University of Wisconsin-River Falls,Site Reliability Engineer,Pothys
Diana Hays,"April 30, 1943",Ridgecrest,Miscellaneous psychology,Eastfield College,District Sales Manager Northeast SLED,Anvil Cables
Michael Walker,"September 15, 1970",Hot Sulphur Springs,Computer and information systems,Adult and Community Education-Hudson,Software Engineer,Titan Company
Patricia Schwartz,"January 1, 1957",Le Roy,Science and computer teacher education,University of Maine at Machias,Senior Software Engineer,JMC Projects
Marc Brown,"April 9, 1989",Franklin,Physical sciences,Elizabethtown College,Software Engineer,National Environmental Engineering Research Institute
Henry Dunn,"June 5, 2011",Como,Liberal arts,Talmudic College of Florida,Software Engineer,Twin Health
Timothy Howard,"July 20, 1944",San Jose,Agriculture production and management,Helene Fuld College of Nursing,solutions architect,Cyber Infrastructure
Brandy Chavez,"January 17, 1989",New Buffalo,Actuarial science,University of Illinois at Springfield,Consultant,Apna
Carmen Jordan,"February 4, 1985",Danforth,Biomedical engineering,Cortiva Institute-Pennsylvania School of Muscle Therapy,Senior Program Manager and Operations Center Manager,Namaste
Breanna Flores,"September 2, 1983",Freeburn,Art history and criticism,Minnesota School of Business-Shakopee,Director of Product Management,Tata BlueScope Steel
Mr. Joseph Thompson,"June 14, 1999",Henriette,Mining and mineral engineering,Ayers Career College,Cloud Solution Architect (SAP on Azure),Policyboss.com
Kayla Campbell,"November 30, 1993",Mapleton,Pharmacy pharmaceutical sciences and administration,Baylor University,Systems Engineer DFW Area,Vhb Medi Sciences
John Stone,"February 9, 2005",Mason,Health and medical preparatory programs,The University of Texas at Tyler,Senior Software Engineer,Infotree Global Solutions
Melissa Oneill,"November 20, 1939",Northridge,Engineering technologies,North Georgia Technical College,Senior Director Advisory Services - Health and Life Sciences,Infogain
Tina Sanders,"June 22, 1962",Plandome Manor,Physical and health education teaching,Toni & Guy Hairdressing Academy,Manager  Solution Architects,ARSS Infrastructure Projects
Elizabeth Camacho,"May 26, 1989",Buchanan,Engineering mechanics physics and science,Bennett College for Women,Vice President of Product,EqualizeRCM Services
Lisa Nelson,"August 20, 1970",Remington,General medical and health services,Everest University-Lakeland,Product Marketing,Mahatma Gandhi Medical College & Hospital
Donna Stephenson,"August 17, 2018",Milan,Actuarial science,Regency Beauty Institute-Nashville,Sales Engineer,USV
Vickie Kennedy,"December 10, 1985",Alliance,Botany,Everest Institute-Chelsea,S3 Academy - Technical Support Engineer II,PhableCare
Alexander Guzman,"July 29, 1991",West Siloam Springs,Pharmacology,Regency Beauty Institute-Tampa,Lead Senior Computer Scientist,C-Edge Technologies
Matthew Evans,"June 5, 1935",Miami,Industrial production technologies,Urshan Graduate School of Theology,Senior Account Executive,Asian Colour Coated Ispat
Gary Yu,"June 2, 1990",Hurstbourne,Court reporting,La Belle Beauty School,Principal Architect,Arohan Financial Services
Brenda Gallegos,"March 23, 2022",North College Hill,French german latin and other common foreign language studies,Maria College of Albany,Product Marketing Manager  Platform,Sayaji Industries
Alison Walker,"April 11, 2009",Lauderhill,Health and medical preparatory programs,Romanov Academy of Sports Science,Director Business Strategy,Global Consumer Products
Austin Phillips,"October 29, 1943",Naylor,Architecture,Oregon Health & Science University,Engineering Manager / Tech Lead,Pramerica Life Insurance
Danielle Reed,"February 22, 2010",Birchwood,Hospitality management,Medvance Institute,Devsecops Engineer,Thomson Digital
Dylan Clark,"December 7, 1957",St. Paul,Criminal justice and fire protection,Erie Business Center-Erie,Security Solutions Architect,Schenck Process India
Sharon Hicks,"May 14, 1934",Rosemount,Mechanical engineering related technologies,Lenoir-Rhyne University,Staff Accountant,The Oman Construction Co. LLC (TOCO)
Toni Lamb,"March 9, 1969",Urbana,Industrial production technologies,Paul Mitchell The School Gastonia,Senior Technical Marketing Engineer,Federal Bank
Karen White,"November 12, 1998",Dry Tavern,Plant science and agronomy,Lakewood School of Therapeutic Massage,Managing Partner,Pokarna
Daniel James,"April 12, 2003",Arispe,General agriculture,University of Idaho,Hybrid Cloud Solution Architect  Analytics,ClaySys
Mr. John Woodard MD,"March 5, 1957",Glenvar,General medical and health services,Pittsburg State University,Senior Member of Technical Staff Engineer,Western Refrigeration
Jennifer Graves,"December 9, 1960",Port Ludlow,Treatment therapy professions,Virginia College-Spartanburg,CSG Senior Product Manager,Realty Assistant
Jennifer Tran,"July 3, 1994",Spring Valley,Liberal arts,ITT Technical Institute-Hanover,Senior Product Manager (BI & Analytics),Monocept
Rebecca Kaufman DDS,"February 2, 1992",Manchester,Science and computer teacher education,Beth Medrash Govoha,Technical Support Manager,Roto Pumps
Edward Tucker,"January 21, 1961",Maumee,History,Edgecombe Community College,Security Engineer,Healthcare Industry
Raymond Santos,"November 22, 2018",Boyne City,Zoology,Carlson College of Massage Therapy,Senior Systems Engineer,Bank of Maharashtra
Kevin Craig,"May 13, 1963",Galesburg,Environmental engineering,All Beauty College,Business Development Representative,Qualitest
James Pena,"April 20, 1968",Lawnton,"Electrical, mechanical, and precision technologies and production",PCI Health Training Center,DevOps Engineer,Pie Infocomm
Richard Schneider,"February 6, 1996",Russell,Oceanography,Genesee Valley BOCES-Practical Nursing Program,Director of Technical Sales,Everest Industries
Donna Stephenson,"August 17, 2018",Milan,Actuarial science,Regency Beauty Institute-Nashville,Sales Engineer,USV
Larry Dixon,"June 6, 1994",East Marion,Forestry,Central Career Institute LLC,Splunker,Quality Council of India
Robert Chang,"April 27, 1992",Beaverdam,Nuclear engineering,Fashion Institute of Technology,Head of Inclusion & Diversity,Edge Telecom
Teresa Adams,"August 19, 1973",Leisuretowne,Computer networking and telecommunications,City College-Hollywood,Senior Project Manager,Quess IT Staffing Solutions
Laura Sanders,"May 9, 1986",Middleburg Heights,Pre-law and legal studies,Liberty University,Technical Marketing Engineer,Roop Automotives
Amanda Brown,"October 19, 1934",E. Lopez,Operations logistics and e-commerce,Nash Community College,Software Engineer,Rotary Engineering
Deborah Long,"March 25, 1971",Smithland,International business,Aveda Institute Los Angeles,Security Strategist,Ftcash
Paula Lee,"June 3, 2006",Clarkton,Geological and geophysical engineering,Graham Webb International Academy of Hair,Software Engineer,Marquis Technologies
Janice Bailey,"August 9, 1988",Berwyn,Medical technologies technicians,National University College-Arecibo,Technical Lead,Joyalukkas
Michelle Johnson,"July 12, 1930",Belknap,Genetics,Empire Beauty School-Hurstborne,NOC ENGINEER,BEML
Joseph Payne,"September 22, 1999",Ten Broeck,Liberal arts,Angelina College,Technical Leader & Security Architect,Novozymes South Asia
Tanya Russell,"January 26, 1995",Glen Allen,History,American Institute of Technology,Security Developer II,Cyfuture
Paula Hull,"January 30, 1996",Pickerington,Treatment therapy professions,Davidson College,Global Infrastructure Manager,Nalco
Grace Chavez,"September 25, 1982",Schnecksville,Theology and religious vocations,Central Mass School of Massage & Therapy Inc.,Staff Software Engineer,Greemus Software Technologies Private Limited
Jason Thompson,"July 13, 1989",Belmont,Microbiology,Kaplan University-Council Bluffs Campus,Software Engineer,Micron Electricals
Michelle Owen,"June 6, 1963",Galt,Information sciences,Simpson College,IT Resident,SS Supply Chain Solutions
Maria Simmons,"July 19, 2010",Briaroaks,Geological and geophysical engineering,Trinity Lutheran Seminary,COO / Co-founder,ABP Group
Patricia Harvey,"March 20, 1963",Battle Lake,Industrial production technologies,Rogies School of Beauty Culture-Santurce,Technical Support Engineer - Tier II,Calibrated Healthcare Systems
Anna Frey,"July 4, 1932",Paul Smiths,Geological and geophysical engineering,Regency Beauty Institute-Avon,Senior Program Manager (Consultant),Western Coalfields
Max Mcclain,"September 23, 1973",Shallowater,Soil science,Dade Medical College,Systems Engineer,Royal Migration Solutions
Brett Maxwell,"December 10, 1933",Lonsdale,Electrical engineering technology,University of North Texas Health Science Center,Vice President  Digital Marketing  Demand Generation  Marketing Strategy & Operations,Dineshchandra R Agarwal Infracon
Ricky Reid,"June 15, 1969",Roby,Computer science,Aviator College of Aeronautical Science and Technology,Sales Engineer-Channel Enablement,Indostar Capital Finance
Jackie Jones,"December 21, 1984",Morganfield,Zoology,Fortis College,Member of Technical Staff,Apexon
Mr. John Khan,"July 14, 1957",Kapowsin,Engineering and industrial management,Beebe Medical Center Margaret H. Rollins School of Nursing,Security Engineer,Varindera Constructions
Anthony Berg,"March 11, 1997",Lebo,Civil engineering,Avera Sacred Heart Hospital,Senior Software Engineer,TriGeo Technologies
Billy Cross,"September 24, 1946",Rutherfordton,Electrical engineering,Cabrini College,Site Reliability Engineer IV,Bosch Power Tools
Richard Roy,"April 12, 1956",Foristell,Social work,South Texas Vocational Technical Institute-Corpus Christi,Director  Service Sales Midwest Atlantic Area,DDF Consultants
Kimberly Morrison,"September 3, 1995",Baudette,Intercultural and international studies,Lincoln College of Technology-Columbia,Corporate Counsel  Cloud and Managed Services,Integral University
Paul Bentley,"November 11, 2024",Denver,Library science,Lucas Marc Academy,Data Integration and Reporting Consultant,Big Bazaar
Donald Wallace,"September 15, 2017",Hicksville,Aerospace engineering,Daymar College-Bellevue,Salesforce Consultant,Williams Lea
Rebecca Gibson,"March 15, 2017",Sloan,Management information systems and statistics,The Salon Professional Academy,Senior Security Analyst,Nath Bio - Genes
Andrew Phelps,"November 5, 1981",Fort Lawn,Chemistry,Southwestern Community College,Associate R&D Engineer,Conde Nast India
Aimee Fisher,"August 29, 2004",South Carrollton,Zoology,Tribeca Flashpoint Media Arts Academy,Analyst,Antara Senior Living
Judith Myers,"April 9, 1996",Ellenboro,Special needs education,Jones College-Jacksonville,Global Solutions Architect,JNET Technologies
Wayne Wolfe,"August 11, 1958",Sanford,Engineering mechanics physics and science,Lancaster Bible College,Account Executive,Maharani Innovative Paints
Kenneth Watkins,"November 4, 1958",Ahwahnee,Electrical engineering,South University-Montgomery,Software Engineer,Ck Birla Hospitals
Rhonda Willis,"November 23, 1987",Foosland,Humanities,Mid-Atlantic Christian University,Front End Software Engineer,Central Institute of Mining and Fuel Research
Brianna Richardson,"October 9, 1975",East Sonora,Miscellaneous education,Century College,Member Of Technical Staff,Thyrocare Technologies
Adam Gillespie,"August 21, 2007",Waterflow,School student counseling,Hairitage Hair Academy,Enterprise Account Director,SCOPE T&M
Paul Patterson,"July 30, 1987",Nipinnawasee,General social sciences,Nyack College,Software Engineer,Bharat Serums and Vaccines
Kimberly Price,"May 23, 1977",Clarkson Valley,Sociology,Aveda Institute Denver,Software Engineer,HDB Financial Services
Richard Beasley,"January 6, 1991",Blackduck,Biological engineering,Fortis College-Mobile,Software Engineering Intern,Akal Information Systems
Nancy Evans MD,"June 9, 2014",Holton,Communication disorders sciences and services,Carteret Community College,Senior Product Manager,Tech2Globe
Theresa Pena,"September 26, 2022",Owensboro,Teacher education: multiple levels,Fortis College-Salt Lake City,Software Engineer,Pragmasys Consulting LLP
Anthony Price,"December 29, 1946",Odessa,Communication disorders sciences and services,Fortis Institute-Pensacola,Data Engineer,Apisero
Jennifer Poole,"February 24, 1941",Westside,Intercultural and international studies,Coppin State University,Experiential Design // Events + Experiences Team // Google + YouTube,RWS Group
Hector Griffin,"December 5, 1974",Kelseyville,Miscellaneous psychology,The Academy of Barbering Arts,System Test Engineer,Vesuvius
Lance Brown,"October 26, 1998",North Charleston,Cosmetology services and culinary arts,Chamberlain College of Nursing√Administrative Office,Software Engineer - Intel Sports (TrueVR),Layam Flexi Solutions
Kimberly Steele,"July 26, 1997",East Shore,Health and medical preparatory programs,Key College,Account Executive,Dar Group
Ashley Olson,"August 6, 2003",Neabsco,Miscellaneous engineering,St Margaret School of Nursing,Leading Architect,Naandi Foundation
Ronald Mckenzie,"May 11, 1998",Luthersville,Health and medical preparatory programs,Yuba College,Pre-Si SoC Verification Engineer,Sonalika Tractors
Sarah Nelson,"February 13, 2013",Somerset,Communications,Lancaster School of Cosmetology,Senior Network Architect,Mahindra Agri Solutions
Johnathan Davis,"October 15, 1999",Starr,Physiology,South University-Accelerated Graduate Programs,Software Engineer,Aurus
Andrew Dominguez,"April 24, 1976",Rheems,Engineering mechanics physics and science,Eastwick College,Wireless Network Consulting Engineer at Cisco Systems,VK Building Services
Anna Estes,"November 8, 2008",Rockville,Pre-law and legal studies,Hesston College,Systems Engineer,Asahi India Glass
Jessica Fields,"November 15, 1976",South Salt Lake,Geological and geophysical engineering,Lower Columbia College,Software Engineer & Site Reliability Engineer,Paisabazaar.com
Timothy Hayden,"May 11, 1990",Delmita,Nuclear engineering,Maryville University of Saint Louis,Executive Assistant (IT-CISO; VP-PCSS  VP-ePMO/BAT),Urbanpro
Maria Merritt,"April 27, 2018",Lake City,Secondary teacher education,Concordia University-Portland,Director / Co-Founder,Mogli labs
Paul Young,"December 20, 1932",Pacheco,Miscellaneous health medical professions,Charlie's Guard-Detective Bureau and Academy Inc,Software Developer,Cello
Patricia Moore,"June 19, 1966",Fulton,Soil science,Georgia Military College-Warner Robins Campus,Director Digital Practices,Orbit Techsol
Sarah Berry,"September 6, 1955",Parkersburg,Mathematics,Argosy University-Washington D.C.,Customer Support Engineer,McNROE
Dana Dodson,"August 5, 1991",Walton,Computer administration management and security,Tougaloo College,Software Engineer,Autocomp Corporation Panse
Patricia Anderson,"February 9, 1998",New Freedom,Cosmetology services and culinary arts,Everest Institute-Greenspoint,Vice President Sales and Business Development,Gangavaram Port
Kenneth Esparza,"July 7, 1979",La Grange,Communication disorders sciences and services,Renton Technical College,Senior Global PR and Social Media Consultant,PC Jewellers
Eugene Price,"December 12, 1979",Creston,Health and medical administrative services,Empire Beauty School-Appleton,Technical Leader - INSBU,Best Corporation
Jared Madden,"July 4, 2020",Trego,Human resources and personnel management,CVPH Medical Center School of Radiologic Technology,Staff Site Reliability Engineer,RBL Bank
Shelby Wood,"January 18, 2006",Belle Terre,Sociology,Sanford-Brown College-San Antonio,Senior Sales Engineer,Classic Marble Company
John Davidson,"January 16, 2022",Sweetwater,Film video and photographic arts,Fort Peck Community College,Marketing Manager - Public Sector,KGISL
Alejandra Thomas,"June 8, 1946",Vallonia,Health and medical preparatory programs,Woodrow Wilson Rehabilitation Center,Director  Head of Global PayPal.com,Himatsingka Seide
Tonya Ellis,"January 19, 2010",Slaughterville,Molecular biology,Sanford College of Nursing,Software Engineer,Lexmark International
Natalie Blevins,"January 24, 1974",Cedar Point,General business,University of Phoenix-Lafayette Campus,Software Engineer,RJ Corp
Jennifer Graves,"December 9, 1960",Port Ludlow,Treatment therapy professions,Virginia College-Spartanburg,CSG Senior Product Manager,Realty Assistant
Eric Ware MD,"March 13, 1981",Unity,Other foreign languages,Don Roberts School of Hair Design,EVice President & Chief Customer Experience Officer,UNO Minda
Lydia Pham,"October 21, 1991",Amherst,Family and consumer sciences,Black River Technical College,Salesforce Program/Project Manager,Nettur Technical Training Foundation
Scott Morales,"June 16, 1942",Childersburg,Computer engineering,Central State Beauty Academy,Software Engineer,Clarion Technologies
Kristin Brown,"May 7, 1980",Carleton,Social work,Pinnacle Career Institute-South Kansas City,Principle UI/UX Engineer,Ramoji Film City
Wesley Williams,"November 29, 1982",Glenwood Springs,General business,Sanford-Brown College-Atlanta,Senior Marketing Manager  Cloud Service Providers,Ministry of Defence
Kurt Daniels,"November 22, 2011",Snellville,Advertising and public relations,Escuela De Troqueleria Y Herramentaje,Associate Director  Program Management,UnitedHealth
William Mason,"March 1, 2015",Macdona,Multi-disciplinary or general science,Westchester School of Beauty Culture,Cloud Devops Engineer,Sterling Infosystems
Makayla Reynolds,"January 27, 1993",Uehling,English language and literature,MCed Career College,Principal Director Product Marketing Service Provider & Data Center Switching Routing and Automation,Princeware
Stacey Clements,"January 18, 1940",Rosharon,Engineering mechanics physics and science,Vogue Beauty School,IT Program Manager,Girl Power Talk
Lisa Lawson,"July 23, 1936",Harrington,Business management and administration,Herzing University-Minneapolis,Manager,Optimus Pharma
Sarah Wilson DVM,"May 18, 1965",Gilbert,Agricultural economics,ITT Technical Institute-Portland,Director Product Management,Sundaram Clayton
Jermaine Barnes,"May 31, 2011",Emerald,Management information systems and statistics,Waynesburg University,Senior Technical Program Manager,Maruti Ispat & Energy
Kenneth Clark,"March 10, 1975",Monmouth Beach,Physical sciences,New Community College at CUNY (The),Localization Producer,Sula Vineyards
Angela May MD,"May 19, 1940",Fieldbrook,Social psychology,EDP School of Computer Programming,Associate Software Engineer,First Step Babywear
Brian Lewis,"December 22, 2020",Gravity,Information sciences,National  American University-Bellevue,Associate Network Consultant,PrepLadder
Lisa Martinez,"October 11, 2013",New Salem,Miscellaneous business & medical administration,Paul Mitchell the School-Colorado Springs,Financial Analyst,IVL Dhunseri Petrochem Industries
Jennifer Sparks,"August 23, 1989",Menominee,Animal sciences,Lake Superior State University,Senior Staff Engineer,Doosan Babcock
Lacey Graves,"June 2, 1991",Bottineau,Nuclear engineering,Central Coast College,Senior Technical Solutions Consultant,Elico
Brittney Phillips,"December 21, 1984",Irvington,Electrical engineering,Saint Francis Medical Center School of Nursing,Member  Board Of Directors,iNeuron.ai
Rachel Williams,"April 8, 1960",Chinook,Public policy,The Robert B Miller College,Service Management Solution Architect & Cloud Capability Leader,Ocrolus East
Brent Garcia,"August 25, 1942",Mattawana,Science and computer teacher education,Stanbridge College,Senior Manager  Web and Digital,LKQ INDIA
Allen Porter,"June 11, 1958",Pierrepont Manor,Multi-disciplinary or general science,California University of Pennsylvania,Senior Product Manager  Mobile,RHI Magnesita
Richard Parsons,"April 8, 2014",Millsap,Statistics and decision science,Trinity Lutheran Seminary,Lead Senior Cyber Security Engineer,ATYETI
Mrs. Megan Potts MD,"June 20, 2005",Alderton,Chemistry,International Beauty College 3,Senior Manager  Cloud and Managed Services,Onsitego
Shannon Booker,"July 11, 1974",Easton,Science and computer teacher education,University of La Verne,Principal Architect (Product Management & Strategy - IoT),OEN India
Veronica Arnold,"November 6, 1994",Donalsonville,Medical assisting services,Regency Beauty Institute-Wichita,Senior MTS,Brij Gopal Construction Company
Laura Wilson,"April 12, 2025",Milwaukee,Industrial and manufacturing engineering,Trinity College of Florida,Software Developer,Centum Learning
Tanner Mann,"August 17, 1950",Graettinger,Intercultural and international studies,Widener University-Delaware Campus,Sales Engineer,The Professional Couriers
Susan Powers,"November 22, 1941",Curtis,Journalism,University of Phoenix-Columbus Georgia Campus,Electrical Design Engineer II,Zentiva
James Padilla,"May 24, 2018",Powellville,Naval architecture and marine engineering,Benedictine College,Senior Cloud Consultant,Majesco
Nicole Hawkins,"February 6, 2005",Learned,Industrial and organizational psychology,ITT Technical Institute-Philadelphia,Software Engineer Internship,Ahlcon Parenterals
Stacy Garcia,"February 11, 2020",Suncook,Accounting,SUNY-System Office,Engineer,Lakme Salon
Julie Johnson,"September 15, 2023",Hanaford,Family and consumer sciences,Kenrick Glennon Seminary,Software Engineer,Param Renewable Energy
Alex Ramirez,"May 27, 1992",Las Palmas II,Biomedical engineering,Madison Media Institute,Vice President  Solutions Engineering - Americas,L&T Construction
Jamie Lindsey,"July 7, 1938",El Dara,Chemical engineering,Granite State College,Enterprise Account Executive,Vasant Masala
Stanley Benson,"February 16, 1984",Auburn,Astronomy and astrophysics,Charzanne Beauty College,Data Center Technical Solutions Architect,KEM Hospital
Kristin Phillips,"June 1, 1974",Napoleon,Language and drama education,Our Lady of the Lake University-San Antonio,Voice and Video Engineer,Thyrocare Technologies
Stanley Kelly,"September 29, 1943",Western Lake,Film video and photographic arts,Coastline Community College,Senior Software Engineer,SIPL
Richard Murray,"November 3, 1971",Florence,Physical and health education teaching,Utah Valley University,Technical Support Engineer,The Pride Hotel
Scott Mcmahon,"November 21, 1968",Marion,Drama and theater arts,Ohio Wesleyan University,DevOps Engineer,Greemus Software Technologies Private Limited
Allison Clark,"August 7, 1932",Paddock Lake,Ecology,SUNY at Purchase College,Software Engineer,Amphenol Omniconnect - India
Jeremiah Rowland,"January 2, 2012",Rabbit Hash,Studio arts,Bellarmine University,Senior Solution Architect - Global System Integrators  US Federal and Technology Partners,Newton School: Pay after Placement
Melissa Oneill,"November 20, 1939",Northridge,Engineering technologies,North Georgia Technical College,Senior Director Advisory Services - Health and Life Sciences,Infogain
Joy Reid,"December 13, 1978",Ravenden,Multi/interdisciplinary studies,College of the Albemarle,Software Engineer,Parsons Nutritionals
Jon Burke,"June 24, 2015",Shelby,Construction services,American InterContinental University-Online,Software Engineer,Hyundai Motor
Danielle Jenkins,"November 6, 2001",Hansboro,Computer programming and data processing,Education and Technology Institute,Senior Principal Software Engineer,Botree Software International
Connor Summers,"April 2, 1985",Oskaloosa,Miscellaneous education,Lamar University,Program Manager,Muthoot Housing Finance Company
Dana Hanson,"August 5, 1983",Eldridge,Environmental engineering,Mildred Elley,Consulting Member of Technical Staff,Veeba Food Services
Paige Thompson,"March 20, 1994",Crawfordsville,Mathematics and computer science,University of Phoenix-Cincinnati Campus,Principal Security Engineer,IQ City Medical College
Jackson Ingram,"March 4, 2002",Windsor Place,Geological and geophysical engineering,Nashville Barber and Style Academy,Senior Segment Marketing Manager,Intertek
Gary Gilbert,"May 24, 1964",Meadow Valley,Mathematics and computer science,Washington Hospital School of Radiography,Product Sales Specialist,Cambridge School
Trevor Shepherd,"July 3, 1979",Huntersville,Miscellaneous agriculture,Sebring Career Schools-Huntsville,Co-Founder,Paul Merchants
Patrick Jackson,"April 10, 1967",Port Mansfield,Biomedical engineering,Hays Academy of Hair Design,Senior Analyst  Data Science and Analytics,Pritam International
Nathaniel Shelton,"August 8, 1948",Pajonal,International relations,Sanford-Brown Institute-Iselin,IT Network Security Engineer,Ace Pipeline Contracts
Christopher Blake,"February 6, 2013",Templeton,Communication disorders sciences and services,JFK Medical Center Muhlenberg Harold B. and Dorothy A. Snyder Schools-School of Nursing,Senior Manager Product Marketing,YuppTV
Bryan Richardson,"November 14, 1986",Rome,Environmental engineering,Arkansas Northeastern College,President  JetBlue Travel Products,WEBSOL ENERGY SYSTEMS
Peter Anderson,"December 27, 2013",Mokane,Special needs education,University of North Florida,Senior Software Engineer,Sanathan Textiles
Monica Anderson,"December 14, 2017",Lewis,French german latin and other common foreign language studies,SW School of Business and Technical Careers-Cosmetology,Product Marketing / Networking & Security,Protiviti India Member
April Hull,"October 8, 2025",Lebanon,Materials engineering and materials science,Roseman University of Health Sciences,Hardware Engineer,Galfar Al Misnad Engineering Contracting W L L
Amber Miller,"October 10, 1959",South Houston,Astronomy and astrophysics,Aveda Institute Chapel Hill,Systems Reliability Engineer (SRE),Ameyo
Cathy Miller,"March 31, 2005",Deering,Miscellaneous education,The Salon Professional Academy of Elgin,Head of Product  Enterprise,Matix Fertilisers & Chemicals
Cristian Lambert,"January 20, 2017",Mocanaqua,Studio arts,Huertas Junior College,Senior Software Engineer,Atos Services
Sharon Baird,"February 24, 1962",Allenport,Materials engineering and materials science,Appalachian School of Law,Solutions Architect,Sugam Parivahan
Mathew Olson,"November 6, 1982",Lewisville,Miscellaneous biology,La Salle University,Mac Engineer IV,Zycus Infotech
Caleb Jackson,"March 23, 1994",Summit,Miscellaneous biology,Centura College-Alexandria,Web Content Manager,Wittur Elevator Components
Melissa Bowen,"September 9, 1960",Broken Bow,Geology and earth science,Oswego County BOCES,Chief Of Staff & Transformation Office,Geeklurn
Brian Perkins,"April 6, 1992",Kingman,Mining and mineral engineering,Dallas Baptist University,Global Strategic Events Marketing Manager,GVK Emergency Management and Research Institute
Natalie Blevins,"January 24, 1974",Cedar Point,General business,University of Phoenix-Lafayette Campus,Software Engineer,RJ Corp
Joshua Dunlap,"April 17, 1975",Hermann,Astronomy and astrophysics,Clackamas Community College,Consulting Specialist,RFCL
Barbara Moore,"December 16, 2020",Richland,Business economics,Instituto Tecnologico de Puerto Rico-Recinto de San Juan,Lead Network Architect of Watson Cloud,AQuity Solutions India
Michelle Stevens,"February 9, 1944",Chebanse,Interdisciplinary social sciences,LA College International,Senior File System Engineer,Dalmia Bharat Cement
Matthew Harris,"March 3, 2011",Hemby Bridge,Nursing,The College of Office Technology,Senior Test Technician,Mobase
Luis Murphy,"December 1, 1979",Canyon Creek,Music,Northwest Technical Institute,Site Reliability Engineer,MyGlamm
Jennifer Montgomery MD,"July 24, 1969",Cattaraugus,Metallurgical engineering,Case Western Reserve University,Director - Security Business Group,Hindustan Syringes & Medical Devices
Kelly Howard,"May 21, 1988",Little Flock,Miscellaneous education,Eckerd College,Technical Leader,Symphony
Susan Nguyen,"September 28, 1987",Glen Campbell,Language and drama education,Central Methodist University-College of Graduate & Extended Studies,Software Engineer,Dusters Total Solutions Services
Cassandra Vasquez,"October 21, 1935",Sardis,Fine arts,Lane College,Regional Sales Manager,Delhi Public School Ghaziabad Society
Brandi Haney,"September 12, 1989",Milton,Miscellaneous engineering technologies,University of Phoenix-Louisiana Campus,Program manger - Consultant,Grab A Grub Services
Nancy Stewart,"April 16, 2003",Jobos,Naval architecture and marine engineering,Albertus Magnus College,Senior Product Manager,Mecon
Alexandria Shepherd,"July 27, 1965",Kendrick,Civil engineering,Daymar College-New Boston,Vice President  Architecture   Data Center Group,Rainbow Childrens Hospital
Scott Lyons Jr.,"August 5, 1982",Akutan,Mining and mineral engineering,Universidad Internacional Iberoamericana,Site Reliability Engineer,AECC Global
Julian Williams,"September 7, 1969",Great Neck Gardens,International business,Institute of Production and Recording,Senior Member Of Technical Staff,Jayem Automotives
Joseph Moon,"April 28, 1932",Days Creek,Social science or history teacher education,Interdenominational Theological Center,Program Manager/Agile Coach,Avanti Learning Centres
Ronald Garcia,"June 23, 1943",Shillington,Drama and theater arts,Shippensburg University of Pennsylvania,Account Director,Alchemist Hospital
Michael Cross DDS,"April 3, 2004",Clarksburg,Theology and religious vocations,University of Bridgeport,Staff Quality Engineer,MyGlamm
Kelli Shepard,"July 11, 1988",St. Clair Shores,Health and medical administrative services,Minot State University,Lead System Architect,Aljaber Engineering
Nicole Mcbride,"May 23, 1990",Menlo,Drama and theater arts,Austin College,Senior DevOps Engineer,Recpdcl.ltd
Antonio Woods,"September 17, 1967",Bliss,General business,Empire Beauty School-Lauderhill,CEO  Founder,Network Intelligence India
Marie Patterson,"September 25, 1937",Austin,Physical sciences,La James International College-Johnston,Account Executive,Tcs And Associates
Cassidy Johnson,"September 13, 1988",Wailea,Nuclear engineering,Dallas Barber & Stylist College,Principal Architect,Acmegrade
Nicole Mcbride,"May 23, 1990",Menlo,Drama and theater arts,Austin College,Senior DevOps Engineer,Recpdcl.ltd
Brenda Wright,"April 12, 1956",Sandborn,Miscellaneous biology,Midwest Technical Institute-Springfield,Senior Product Manager  Einstein Analytics,Lapp India
Nancy Lee,"July 31, 1947",Wedowee,Computer and information systems,College of Hair Design,Senior Product Manager,Musashi Auto Parts
Terry Barajas,"August 3, 1941",Oakland,Genetics,New Hope Christian College,Senior Solutions Architect,Acuity Knowledge Partners
Jeffery Nguyen,"November 28, 2020",Cutter,Teacher education: multiple levels,Yukon Beauty College Inc,Mechanical Engineer,Target
Kelly Miller,"August 4, 1995",Nickerson,Plant science and agronomy,Wenatchee Valley College,Director of Localization,Office Beacon
William Fisher,"June 23, 2003",Clarks Green,History,Atelier Esthetique Institute of Esthetics,Fulltime,Platinum One
Melody Castro,"November 16, 2015",St. Bernard,Commercial art and graphic design,Urshan Graduate School of Theology,Support Program Manager,V-Guard Industries
Larry Harding,"November 15, 2023",Ciales,Social work,College of the Desert,Senior Director  SMB Sales and GTM Operations  Google Cloud,Sakthi Finance
James Howard,"May 1, 1955",San Saba,Advertising and public relations,Rockford University,Director  Product Management,Tatva Chintan Pharma Chem
Michael Snyder,"May 7, 1960",Lawrenceville,General business,ITT Technical Institute√Merrillville,Major Account Manager,Actis Technologies
Sherri Thomas,"June 20, 1994",Centralia,Genetics,University of Phoenix-Sacramento Valley Campus,Big Data Architect,C DOT
Parker Cain,"May 17, 1965",St. Petersburg,Atmospheric sciences and meteorology,Concept College of Cosmetology,Senior Software Engineer,Torry Harris Integration Solutions
Karla Ramos,"July 30, 1951",Soldotna,Finance,Brown Mackie College-Tulsa,Technical Support Engineer V,AGROCEL INDUSTRIES
Guy Reynolds,"October 9, 1966",Sylvan Springs,Zoology,Bethel University,Inside Sales Representative,Eastern Coalfields
Francisco Campbell,"December 24, 1976",Clifton,Military technologies,Ohio University-Main Campus,Software Engineer – iOS,Hire Glocal
Joshua Wilson,"May 1, 1962",Eagle Lake,Information sciences,Brazosport College,Senior Product Owner,Smile Foundation
Jonathan Torres,"July 7, 2019",Dennison,Finance,Houston Community College,Software Engineer,Dell EMC
Holly Banks,"August 5, 1945",Cole,Mining and mineral engineering,Kentucky Mountain Bible College,Member Of Technical Staff,Veeba Food Services
Gary Montgomery,"March 23, 1949",Mason City,Cognitive science and biopsychology,Remington College-Shreveport Campus,Software Test Engineer,Birla Open Minds International School
Caitlyn Ramirez,"October 7, 1997",Como,Geological and geophysical engineering,Yeshiva Shaarei Torah of Rockland,Recruiter III - SERT,Ujaas Energy
Joel Jackson,"November 12, 1978",Lodi,Miscellaneous social sciences,University of Arkansas at Pine Bluff,Senior MTS,Mankind Pharma
Elaine Herman,"October 21, 1973",Nara Visa,Neuroscience,Texas Lutheran University,Senior Systems Engineer - Data Systems,Zucol Group
Sandra Rivera,"April 7, 2025",Donalsonville,Mechanical engineering related technologies,Bellevue University,Senior Director Product Management,Indiagold
Alexa Rangel,"October 23, 1939",Eloy,Zoology,University of Idaho,Senior Staff Engineer,THE LEELA PALACES HOTELS & RESORTS
Susan Moore,"January 15, 1981",Springdale,Humanities,Phagans Tigard Beauty School,Principal Solution Architect,Goodricke Group
Kimberly Hunter,"September 9, 1932",Clutier,Zoology,FastTrain of Jacksonville,Technology Manager,Schreiber Dynamix Dairies
Julia Reeves,"April 1, 1954",Rio Vista,Miscellaneous business & medical administration,Adler School of Professional Psychology,Software Engineer,Gufic Biosciences
Nicole Lewis,"December 29, 2016",Batchtown,Theology and religious vocations,Caldwell Community College and Technical Institute,Big Data Advisory Board Member,SUEZ Environnement
Gregory Roberts,"September 28, 1948",Siracusaville,Fine arts,Ave Maria School of Law,Account Executive,Relevel
Jamie Robertson,"November 18, 1935",Sandy Point,Astronomy and astrophysics,Iowa Central Community College,Senior Account Executive - Business Development,Happy Forging
Mrs. Valerie Owens,"July 1, 1934",Heathcote,Family and consumer sciences,Kiamichi Technology Center-McAlester,Technology & System Administrator,India Cements
Jesse Brown,"October 2, 1976",Tatum,Miscellaneous engineering,Professional Electrical School Inc,Vice President of Public Relations,Kajaria Ceramics
Kevin Grant,"July 31, 1936",South River,History,Baltimore Studio of Hair Design,Senior Engineer in Test Engineering,MAHLE Behr India
Cindy Shaw,"September 8, 1981",Riverside,Statistics and decision science,Blue Cliff College-Houma,Major Account Manager,LendingKart
Sean Kane,"May 2, 2013",Chester,Information sciences,Suffolk University,Enterprise Account Manager,Basavatarakam Indo American Cancer Hospital Research Institute
Laurie Porter,"February 17, 2023",Robbins,Nursing,ATI Career Training Center-Oklahoma City,Senior Technical Lead,Ajio Business
Faith Smith,"September 4, 2003",Westcliffe,Botany,Diesel Driving Academy-Shreveport,Senior Solution Architect,ETA ASCON Group
Mr. Bryan Mckinney,"November 28, 1973",Naval Academy,Biology,Northwood University-Michigan,Sales Admin Team Lead,Facilities And Building Solutions
Joshua Scott,"April 14, 1991",Payson,Information sciences,Cosmetology School of Arts and Sciences,Software Development Engineer,RattanIndia Power
Kristin Brandt,"May 23, 1941",Blairsden,Criminology,Lincoln College of Technology-Tri-County,Software Engineer,Alliance University
Anna Snyder,"September 6, 2017",Rib Lake,Miscellaneous agriculture,Lacy Cosmetology School-Aiken,Mixed-Signal Silicon Validation Engineer,Satyam Auto Components
Brian Sosa,"November 5, 2003",Calamus,Geography,North Adrians Beauty College,Project Manager  US Public Sector  Customer Experience,IFB
Jennifer Hudson,"December 12, 1940",Westvale,Mechanical engineering,Texas Tech University System Administration,Enterprise Account Manager,Cpf India
Amy Holt,"December 31, 1933",Norwalk,Interdisciplinary social sciences,University of Colorado Denver,Senior Sales Engineer,Micro Labs
Scott Ayers,"October 12, 1941",Downs,Medical technologies technicians,Chicago Theological Seminary,QA Engineer,Gmr Airport Developers
Kelly Brooks,"August 12, 1991",Saugatuck,Miscellaneous education,Acupuncture and Massage College,Software Engineer,Crown Solutions
Justin Bishop,"December 19, 1970",Laddonia,History,Boulder College of Massage Therapy,Financial Operations Analyst,SquadStack
Eric Hunt,"February 18, 2007",Milesburg,Medical technologies technicians,Tennessee Technology Center at Murfreesboro,Software Engineer,Allied Blenders & Distillers
Donald Miller,"August 9, 2000",Alma,Clinical psychology,Avant Gard The School,Security Engineer,H.G. Infra Engineering
Kathleen Villegas,"August 1, 2021",Ives Estates,Engineering technologies,Universal College of Beauty Inc-Los Angeles 1,Tech Lead Test Engineer,Biotech Vision Care
Dana Jennings,"May 19, 1963",Royal Pines,Mathematics and computer science,Western New Mexico University,Senior Director of Sales,Sun TV Network
Eric Hernandez,"February 3, 1968",Sebewaing,Statistics and decision science,Oberlin College,Customer Success Manager,Mswipe Technologies
Gary Marshall,"August 20, 1994",Friendsville,Construction services,Iverson Institute,Data Engineer,Praxair
Melissa Winters,"July 3, 2024",Toms Brook,Communication technologies,Carousel Beauty College-Springfield,Architect,DLT Lab Technologies
Christina Compton,"July 1, 1999",Eureka,Pharmacy pharmaceutical sciences and administration,ITT Technical Institute-Seattle,Senior Program Manager,Netoyed
Charles Chang,"January 4, 1953",Valley Head,Miscellaneous health medical professions,Tennessee Technology Center at Livingston,Senior Software Engineer,Hetero Drugs
Stephanie Stone,"August 29, 1986",Belmont,Intercultural and international studies,Chicago School for Piano Technology (The),Program Manager - Power Electronics,Colan Infotech
Olivia Ayers,"August 10, 1978",University,Human resources and personnel management,Eastern Idaho Technical College,Information Security Engineer I,Adbuffs
Molly Rogers,"March 28, 2014",West Mifflin,Science and computer teacher education,Saint Peter's University,Software Developer / Architect,Yokogawa
Lindsey Chen,"June 4, 1998",North Gates,Chemical engineering,Gooding Institute of Nurse Anesthesia-Bay Medical Center-Sacred Heart Health System,Software Engineer,Arbro Pharmaceuticals
Jordan Bates,"October 1, 1948",Beacon,Miscellaneous agriculture,Southern Technical College,Advisor,Fidelity National Financial
Dana Snyder,"August 28, 1946",Hubbard,Library science,Paul Mitchell the School-San Diego,Consulting Engineer,CRB Tech Solution
Monica Morton,"July 15, 2009",Mitchellville,English language and literature,Hispanic American College,Senior Director of Product Management,India Nippon Electricals
Virginia Caldwell,"July 8, 2011",Champion Heights,Medical assisting services,Wichita State University,Software Engineer,Sunstone
Keith Lloyd,"February 27, 1946",Cave Creek,Aerospace engineering,Bridgeport Hospital School of Nursing,Network Engineer  Senior Systems Engineer with CNE  MCSE  A+  CCA  CCNA,Tata Advanced Systems
Leslie Martin,"May 12, 1964",Oxbow Estates,Mathematics,Georgia Military College-Valdosta Campus,Vice President Product Management  Einstein Platform,Hindware
Jordan Tanner,"August 24, 2006",Sunrise Beach,Hospitality management,Mesa Community College,Freelance Web Developer,GlobalHunt
Ellen Thornton,"December 29, 1956",Max,Agricultural economics,St Margaret School of Nursing,Senior Data Analyst,Abbott Nutrition International
John Steele,"May 1, 1958",Dayton,Language and drama education,South University√Richmond,Cyber Security Senior Risk Analyst,Yatra
Melanie Brown,"May 12, 2025",Wakonda,General business,North Idaho College,Network/Cyber Security Engineer,Ministry of Defence
Albert Garcia,"August 13, 1942",Rutherford,Business economics,McMurry University,Software Engineer II,Sears Holdings
Terry Stokes,"February 6, 2020",Amesbury,Teacher education: multiple levels,Pacific Coast Trade School,Sales Business Development,Kosan Crisplant
Matthew Reynolds,"July 17, 1930",Troy,Molecular biology,Hispanic American College,English teacher,Daimler India Commercial Vehicles
Jennifer Simpson DVM,"November 19, 1961",St. Matthews,Environmental science,Strayer University-Utah,Senior Vice President  Employee Services,Nyx-medical Solutions
Monique Pearson,"June 18, 1965",Tamarack,Geography,Associated Technical College-Los Angeles,Senior Solutions Engineer Network & Security,Toppr
Tracey Jones,"November 19, 1999",Foster City,Liberal arts,Kiamichi Technology Center-Durant,Recruiter,Lark Laboratories (I)
Robert Peterson,"December 6, 1987",Roslyn Estates,Miscellaneous education,McDowell Technical Community College,Consulting Systems Engineer,Dr. Willmar Schwabe India
Kathryn Downs,"January 29, 1975",Columbus,Forestry,Medvance Institute-Miami,Senior Business Analyst,Medeor
Jared Gordon,"July 1, 2021",East Amana,Composition and rhetoric,Sanford-Brown Institute-Jacksonville,Software Engineer IV,Ramky Infrastructure
Jose Gross,"June 23, 1971",English,Secondary teacher education,Johnson College,Advanced Solutions Analyst,Remsons Industries
James Schaefer,"July 16, 1966",Heber,Metallurgical engineering,Los Angeles Pierce College,Software Engineer,Rayden Interactive
Stacey Stone,"August 31, 1968",Glenside,Composition and rhetoric,Golden West College,Solution Test Engineer,Shaily Engineering Plastics
Patrick Harris,"June 14, 1948",Hidalgo,Criminology,Community College of Vermont,Systems Engineer,Mavenir Systems
James Nicholson,"March 26, 1979",Hamilton Square,Theology and religious vocations,Southeast Texas Career Institute,Data Scientist,Ssipl Lifestyle
Natalie Malone,"April 22, 1996",Mill Creek,Educational administration and supervision,B Street Design School of International Hair Styling-Topeka,Renewals Account Manager,SSP India
Wendy Smith,"March 19, 1986",Lampasas,Forestry,Orange Coast College,Software Development Engineer,GE Healthcare
Aaron Boyd,"December 18, 1944",Michie,General agriculture,International Academy of Design and Technology-San Antonio,Senior Product Manager,Siechem Technologies
Kristen Jones,"June 7, 1942",Monte Rio,"Nuclear, industrial radiology, and biological technologies",City College-Fort Lauderdale,Senior System Engineer,Hilex
Alexandra Levy,"August 30, 1974",Witmer,Atmospheric sciences and meteorology,Lebanon County Area Vocational Technical School,Senior Graphic Designer / Client Engagement Lead,Progressive Infotech
Sarah Wheeler,"September 21, 1974",Hannawa Falls,Cognitive science and biopsychology,ITT Technical Institute√Phoenix,Lead Sales Engineer  DoD,ILS Hospitals
Ashley Blair,"May 8, 1985",Burbank,Visual and performing arts,Yale-New Haven Hospital Dietetic Internship,Systems Engineering District Manager - Major and Global Accounts,PERSOLKELLY
Sabrina Brown,"March 1, 1940",Lincoln,United states history,Eastern Nazarene College,Software Engineer,Butterfly Gandhimathi Appliances
Timothy Hayden,"May 11, 1990",Delmita,Nuclear engineering,Maryville University of Saint Louis,Executive Assistant (IT-CISO; VP-PCSS  VP-ePMO/BAT),Urbanpro
Julia Reeves,"April 1, 1954",Rio Vista,Miscellaneous business & medical administration,Adler School of Professional Psychology,Software Engineer,Gufic Biosciences
Philip Cole,"July 8, 1966",West York,Advertising and public relations,Columbus Technical College,Lead Solution Architect,Madura Garments
Tina Ellis,"February 12, 1983",Richland,United states history,Sisseton Wahpeton College,Front End Software Engineer,Dr ITM
Alexander Stein,"July 12, 2000",East Bangor,International business,Capilo School of Hair Design,Senior Recruiter  Marketing and Communications,HWASHIN Automotive
Evan Cooper,"July 20, 1977",Cusseta,Materials engineering and materials science,University of Notre Dame,Product Manager,Flipkart Health+
Kevin Hall,"October 6, 1957",Kimberly,General medical and health services,Shawnee State University,Account Executive,Arvind Group
Jasmine Buck,"May 5, 1947",Vermilion,Interdisciplinary social sciences,Manhattan Institute (The),Consultant - Senior Program Manager,JNET Technologies
Lance Townsend,"January 29, 1995",Moscow,Miscellaneous engineering,Kaplan College-Chesapeake,Vice President  Global Procurement Services,Bangalore Baptist Hospital
Anthony Washington,"May 8, 1946",Trumansburg,Pharmacology,University of Central Arkansas,Product Consultant (Enterprise Integration & EDW/BI),GMR Energy
Annette Walters,"February 18, 2006",Westboro,Geosciences,La Baron Hairdressing Academy-New Bedford,Data Scientist,RSWM
Elizabeth Matthews,"January 12, 1941",Oak Grove,Health and medical preparatory programs,Fashion Careers College,Senior Product Manager,Cogencis Information Services
Kayla Taylor,"March 8, 2000",Chilili,Information sciences,College of Massage Therapy,Software Engineer,Platinum Waltech
Bernard Chang,"September 13, 1957",Moose Lake,Statistics and decision science,United Theological Seminary of the Twin Cities,Manager of Software Engineering,Sundaram Home Finance
John Johnson,"September 26, 1996",Shelby,Health and medical preparatory programs,Inter American University of Puerto Rico-Arecibo,Senior Manager   Power & Battery SDE,Any wear
Eric Russell,"January 12, 1955",Rothsville,Computer programming and data processing,Texas State Technical College-West Texas,Lead Data Scientist,Geetanjali Medical College and Hospital
Ralph Hendricks,"February 2, 2017",Duncan,Miscellaneous business & medical administration,Keiser University-Ft Lauderdale,Software Engineer,BeatO
Dr. Nicole Trujillo,"November 26, 1943",Hilltop,Mechanical engineering,Ogle School Hair Skin Nails-Denton,Technical Marketing Engineer,Nisa Industrial Services
Robin Thompson,"June 18, 1970",Slidell,Agriculture production and management,Luna Community College,Manager  Data & Analysis,Ukay Metal Industries
Jennifer Vaughn,"February 2, 1982",Alleghenyville,Biological engineering,University of Pittsburgh-Johnstown,Software Engineer,Euronet Global Development Center
Benjamin Bowen,"October 9, 2011",Burgess,Cosmetology services and culinary arts,Georgia Health Sciences University,Lead Solutions Architect,Arabian Industries
Mark Lawson,"October 11, 1964",North Prairie,Military technologies,New College of Florida,Sr.Software Developer (Ruby on Rails),LuLu Group International
Crystal Davis,"December 4, 2016",McDonald Chapel,Physical and health education teaching,Bowling Green State University-Firelands,Solutions Architect,DotPe
Thomas Martin,"August 12, 1965",Antoine,Philosophy and religious studies,Lake Washington Institute of Technology,Software Engineer,Dhampur Sugar Mills
James Henry,"February 24, 2000",Iola,"Nuclear, industrial radiology, and biological technologies",College of Menominee Nation,Technical Advisor,KSB Tech
Sharon Cochran,"March 8, 1957",Sheridan,Interdisciplinary social sciences,Huertas Junior College,Software Engineer - Cloud,Capricot Technologies
Lance Simmons,"December 22, 1970",Murdo,Natural resources management,Metropolitan Community College-Business & Technology,Analytics Manager/Lead Data Scientist,AXIS MY INDIA
Donald Reynolds,"September 26, 1977",Sesser,Criminal justice and fire protection,The Academy of Radio and TV Broadcasting,Data Scientist,Elcomponics Sales
Juan Davis,"March 28, 1978",Blackey,Information sciences,Saint Anthony College of Nursing,Software Engineer,Triveni Turbines
Joshua Wilson,"May 1, 1962",Eagle Lake,Information sciences,Brazosport College,Senior Product Owner,Smile Foundation
Katie Walters,"December 3, 1946",Winooski,Other foreign languages,Framingham State University,Senior Network Engineer,Ashv Finance
Dr. Jeffrey Valentine,"August 17, 1941",Richwood,Health and medical preparatory programs,Fortis College-Cincinnati,Senior User Experience Researcher,DWD Pharmaceuticals
Paul Watkins,"April 25, 2020",Stoddard,Medical technologies technicians,The Salon Professional Academy-Grand Junction,Business Operations Manager  Licensing Operations Business Unit,Suminter India Organics
Chelsea Long,"April 1, 2021",Pettit,Library science,Jones International University,Associate,Naaptol Online Shopping
Lisa Jackson,"October 26, 1934",Tecolote,Multi/interdisciplinary studies,Iona College,Compliance and Program Analyst,rProcess Outsourcing Services
Eric Skinner,"October 18, 1994",Healy,Miscellaneous engineering technologies,Rolf Institute of Structural Integration (The),Lead Solution Architect/Pre-Sales Engineering UC & UCaaS - Vice President VoIP Solutions Division,Lakshmikumaran & Sridharan
Victor Harmon,"October 20, 1967",Marueño,Miscellaneous psychology,Baptist Theological Seminary at Richmond,Senior Product Line Manager,Inox Leisure
Pamela Medina,"December 29, 1930",Sylvania,Engineering mechanics physics and science,Greenfield Community College,Solutions Architect,Dee Vee Projects
Daniel Benjamin,"November 7, 1940",Lone Grove,Agriculture production and management,Razzle Dazzle College of Hair Design Inc,Microsoft Platform Specialist,American Institute Of Pathology Andlaboratory Sciences
Cory Kim,"September 21, 1938",Muddy,Molecular biology,Sherman Kendalls Academy of Beauty Arts & Sciences,Documentation Lead  Cisco Webex Control Hub,Lokmanya Multipurpose Co-op Society
Kevin Nguyen,"December 19, 2008",Pacific,Multi/interdisciplinary studies,Opportunities Industrialization Center-North Central West Virginia,Program Management,Indiabulls Real Estate
Alexandra Marshall,"April 16, 2024",Celeryville,Electrical engineering,Bradford School,Senior Unified Communications Network Engineer,City Union Bank
Katherine Andrews,"December 8, 1988",Coker,Mathematics teacher education,Salon Professional Academy (The),Senior System Engineer,Hughes Systique Corporation
Clifford Mcdonald,"May 27, 2020",Hanska,Language and drama education,Western New England University,Strategic Enterprise Client Executive,Prione Business Services
Karen White,"November 12, 1998",Dry Tavern,Plant science and agronomy,Lakewood School of Therapeutic Massage,Managing Partner,Pokarna
Andrew Christian,"June 15, 2000",Chester,Computer science,Chipola College,CEO / Co-Founder,Goibibo
Elizabeth Owens,"June 22, 1956",Rockland,Communication technologies,Metroplex Beauty School,Product Services Manager,NU Hospitals
Howard Hunter,"February 28, 1974",South Vacherie,Biochemical sciences,Ecclesia College,Solutions Performance Engineer,Energo Engineering Projects
Megan Boyd,"March 3, 1963",Sandy Ridge,Journalism,Northern Oklahoma College,Senior Principal Engineer,Codeforce 360
Grace Lewis,"January 28, 1969",Thornton,Medical assisting services,Cincinnati Christian University,Senior Director,Elico Healthcare Services
Matthew Farmer,"October 16, 1959",Hazelton,Biology,Seacoast Career Schools-Sanford Campus,Java Developer,Vedantu
Lisa Miller,"September 15, 2003",Windber,"Electrical, mechanical, and precision technologies and production",Homestead Schools,Software/DevOps Engineer,CPM
Christopher Ayala,"July 29, 1984",Wilmington,Public policy,Harrisburg University of Science and Technology,Senior Partner and Managing Director,Intercontinental Consultants & Technocrats
Sandra Sandoval,"February 21, 1987",Calvert,Materials science,ITT Technical Institute√North Charleston,Network Architect,Shyam Indus Power Solutions
Lauren Sandoval,"September 19, 1973",Heathsville,Health and medical administrative services,American School of Business,Named Account Manager,Equitas Small Finance Bank
Michael Lindsey,"December 13, 2003",Round Lake,Animal sciences,American Career Institute-Wheaton,Senior Software Developer,Special Technical Services
Michael Fuentes,"May 30, 1947",Key Colony Beach,Film video and photographic arts,Euphoria Institute of Beauty Arts & Sciences-Green Valley,Principal Hardware Engineer,HDB Financial Services
Jacqueline Monroe,"July 23, 1970",Pellston,Operations logistics and e-commerce,Southeast Community College Area,Customer Success Leader,Furlenco
Nathaniel Parker,"May 5, 1931",Kerhonkson,Astronomy and astrophysics,York County School of Technology-Adult & Continuing Education,Principal UCCE Engineer,Rana Sugars
Rachel Henderson,"May 15, 1939",Langhorne,Genetics,Monroe County Community College,Systems Engineer,G-Cube Solutions
Tom Henderson,"May 26, 1996",Lakeview,Medical assisting services,CET-Coachella,Senior Java Software Engineer and Tech Lead,MSP Steel & Power
Debra Valentine,"October 14, 1952",Saluda,Mechanical engineering,Allegheny College,Staff System Engineer - Field Sales,Iffco Tokio General Insurance Co.
Riley Davenport,"October 25, 1946",White Oak,Miscellaneous business & medical administration,University of Texas Southwestern Medical Center,Territory Account Manager- Enterprise,Advantage One Tax Consulting
Christopher Hudson,"October 7, 1952",Magnolia,Biology,George Fox University,Technical Marketing Engineer,Aksentt Tech Services
Suzanne Hancock,"June 18, 1965",Widener,Physical and health education teaching,Dade Medical College,Marketing Manager  Strategic Accounts - Hyperscale & Cloud,Vcare Trichology
Megan Baker,"April 16, 1965",Trilby,Health and medical preparatory programs,Sanford-Brown Institute-Iselin,Senior QA Engineer,Birla Sun Life Mutual Fund
Todd Melendez,"April 13, 2014",Siletz,Geological and geophysical engineering,College of Lake County,Director of Channel Sales  West Region,Bajaj Capital
Sandra Alvarez,"March 29, 1942",Scenic Oaks,N/a (less than bachelor's degree),Shippensburg University of Pennsylvania,Software Engineer,JAAC TECHNO SERVICES
Emily Bullock,"November 15, 1971",Buckingham,Area ethnic and civilization studies,College of Coastal Georgia,Senior Technician,Imperative Business Ventures
April Norton,"December 19, 2016",Albion,Public policy,Carrington College-Boise,Manager - DevOps,DHL IT Services
Jordan Schneider,"December 3, 2002",Coalmont,Educational administration and supervision,University of Illinois University Administration,Senior Software Engineer,Bayer Crop Science Vegetable Seeds
Rhonda Oconnell,"September 19, 2015",Rock Mills,Miscellaneous engineering,Montessori Education Center of the Rockies,Global Partner Marketing Manager  Enterprise Network,Rishi Laser
Gary Chavez,"November 11, 2022",South Wallins,Pharmacology,The Boston Conservatory,Senior Business Analyst,GTL
Ashley Banks,"April 22, 1955",Scott AFB,Medical technologies technicians,Daoist Traditions College of Chinese Medical Arts,Senior Software Engineer,Simar Infrastructures
Christina Gilbert,"May 16, 1939",Harrison,Electrical engineering,Augustana College,Senior Security Account Executive,Danfoss Power Solutions
Carla Gray,"May 15, 1948",Patterson,Miscellaneous psychology,Fashion Focus Hair Academy,Solutions Architect,Deepak Novochem Technologies
Amy Chapman,"January 10, 1966",McDade,Zoology,Western Beauty Institute,Brand Strategy Manager,Annexmed
John Stokes,"February 7, 1950",Winters,Mass media,Pensacola School of Massage Therapy & Health Careers,Software Engineer III,Mawana Sugars
Holly Williams,"May 25, 1943",Porters Neck,Area ethnic and civilization studies,Magnolia College of Cosmetology,Founder // CEO,Bajaj Housing Finance
Krystal Hamilton,"February 16, 1988",Martorell,Nuclear engineering,Marian Health Careers Center-Van Nuys Campus,Senior Technical Leader,Manikgarh Cement
Erika Moore,"December 28, 2004",Willow Park,Science and computer teacher education,Rockford Career College,Systems Engineer,Stonex
Rhonda Oconnell,"September 19, 2015",Rock Mills,Miscellaneous engineering,Montessori Education Center of the Rockies,Global Partner Marketing Manager  Enterprise Network,Rishi Laser
Angela Richards,"February 14, 1968",Hamilton,Genetics,Modern Hairstyling Institute,Devops Engineer,Popular Hyundai
James Todd,"October 18, 1952",Kenny Lake,Miscellaneous business & medical administration,Lansing Community College,Data Analyst,Hyundai Mobis
Kelly May,"October 25, 1970",Wapella,Sociology,Shasta College,Design Verification Engineer,Comcast India Engineering Center
Travis Hobbs,"May 24, 1965",Lamar,Industrial and organizational psychology,Casal Institute of Nevada,Program Manager,Big Bazaar
Jonathan Perry,"January 30, 1993",Lakewood,International relations,Brown Mackie College-Indianapolis,Senior Technical Lead,KnowledgeHut
Kimberly Ross,"August 7, 1978",Emmons,Industrial production technologies,Kaskaskia College,Product Manager,Maxgen Technologies
Alexandra Lyons,"June 13, 1942",Gratton,Mechanical engineering related technologies,Xenon International Academy-Denver,Software Engineer,Nyx-medical Solutions
Sharon Parks,"December 3, 1958",Aquebogue,Miscellaneous engineering technologies,Elizabeth City State University,Test Automation Engineer,Rasandik Engineering Industries India
Kimberly Smith,"September 27, 1947",Cambria,Nursing,Mt Hood Community College,Senior Software Engineer,Nina Percept
Paul Smith,"April 9, 1962",Glasgow,Physical and health education teaching,Hanover College,Software Engineer,Techahead Software
Janet Cook,"November 15, 1948",Aleneva,Nuclear engineering,Star Truck Driving School-Hickory Hills,Solutions Architect,Sigachi Industries
Valerie Harrison,"September 11, 1999",Culloden,Mechanical engineering,The Institute for Health Education,Software Engineer,Dataflow Group
Dawn Wyatt,"March 26, 1950",Cannondale,Multi-disciplinary or general science,Florida Memorial University,Integration Developer for Enterprise Applications,CTR Manufacturing Industries
Rebecca Lopez,"May 3, 2019",Bay Village,Social science or history teacher education,Travel Institute of the Pacific,Business Systems Analysis Manager,Ujala Cygnus
Katie Hardin,"June 10, 1934",Jane Lew,Physiology,Toccoa Falls College,Member Of Technical Staff,Ganesh Grains
Javier Dorsey,"May 21, 1944",Tunnel Hill,Social psychology,Sinclair Community College,Software Engineer,Devyani International
Mark Wallace,"July 26, 1965",Celoron,Neuroscience,Intellitec College-Grand Junction,Software Engineer III,Salaryfy
Sarah Holt,"May 15, 1996",King Salmon,Mathematics and computer science,Florida College of Natural Health-Maitland,Engineer,Advids
Paul Massey,"February 14, 1951",Mi Ranchito Estate,Architecture,Washington Theological Union,Director  MySQL ISV Partner Sales,Brindavan Beverages
Kathleen Le,"May 2, 2016",Vicksburg,Visual and performing arts,Empire Beauty School-Morrow,Presales Director  Americas Modern Infrastructure & Primary Storage Team,Tulip Diagnostics
Allen Stanley,"May 22, 1942",Montrose Manor,Mechanical engineering related technologies,Traxlers School of Hair,Senior Software Engineer  Avionics,Bal Bharati Public School
Tommy Hood,"May 10, 1941",Desert Edge,Social work,Sanford-Brown Institute-New York,Leader  Marketing Systems and Operations,Allsec Technologies
Paul Hansen,"February 3, 2021",Willow Hill,Miscellaneous health medical professions,Kaplan Career Institute-Harrisburg,Partner Business Development Specialist  Enterprise Networking & Data Center supporting Insight,DIVI'S Laboratories
Natalie Ramos,"March 7, 1939",Downsville,Educational administration and supervision,Oregon State University,VP  Strategic Planning & Project Management at Ascendis Pharma A/S,MPMKVVCL
Lisa Odonnell,"July 20, 1996",Mount Ivy,Family and consumer sciences,ITT Technical Institute-Wilmington,Senior Software Development Engineer,Jindal Steel and Power
Shannon Cook,"December 2, 1940",Campton,English language and literature,FastTrain of Miami,Communications & Employee Engagement Manager - Cisco Global TAC,Anion Healthcare Services
Curtis Davis,"December 28, 1962",Fairfax,Transportation sciences and technologies,Orleans Niagara BOCES-Practical Nursing Program,Escalation Engineer -Performance / Virtualization,Rajasthan Patrika
Jay Weber,"November 25, 1977",Chelsea,Nuclear engineering,Everest Institute-Norcross,Senior Web Developer,Park Hospital
Rebecca Zimmerman,"February 4, 2023",Ashland,Miscellaneous business & medical administration,Fortis College-Phoenix,Platform Account Executive,Zydus Hospira Oncology
Sara Hamilton,"August 18, 1968",Webb,Communications,NorthShore University HealthSystem School of Nurse Anesthesia,Software Engineer,LivSpace
Richard Lee,"February 18, 1970",Delhi,Physics,Ross Medical Education Center-Saginaw,Connected Vehicle CyberSecurity Program Manager,Gallantt Ispat
Stephen Thompson,"February 16, 1995",Crows Nest,Biochemical sciences,Anthem College-Sacramento,Deal Desk Analyst,Napier Healthcare Solutions
Marie Reynolds,"September 11, 1950",Hillsboro,Miscellaneous engineering,The Bryman School of Arizona,Senior Software Engineer,Episource
Phillip Maddox,"May 8, 1977",Hughes Springs,Geological and geophysical engineering,Bemidji State University,IT Consultant ( TechM LIM ),Avanti Learning Centres
Kelli Payne,"March 30, 1958",Trinity Village,Human resources and personnel management,University of North Texas System,Senior Product Manager  Technical Marketing   ENG,Synergies Castings
Kenneth Edwards,"July 10, 1936",Foley,Molecular biology,Capitol College,EDI developer/ Database Administrator,Uniproducts
Adam Delgado,"April 21, 1972",Canton Valley,Physical sciences,Ross Medical Education Center,CEO / Chief Methodologists,Saroj Educational Group
Stephen Kim,"December 9, 1930",Lake Santeetlah,Human resources and personnel management,Rio Hondo College,Devops Engineer,Believe Cosmetics
Zachary Hill,"March 15, 1978",Verde Village,Military technologies,Concordia University-Irvine,Software Engineer,Syniverse Technologies
Michael Burns,"December 1, 1979",Hillcrest,Miscellaneous social sciences,Ohio State College of Barber Styling,Director Systems Consulting,Bluechip Corporate Investment Centre
Kimberly Nguyen,"November 21, 1962",Grand Junction,Zoology,University of Maine at Machias,Cloud DevOps,Dr. Ram Manohar Lohia Hospital
George Harper,"April 29, 1997",Nikolaevsk,Materials engineering and materials science,Ogeechee Technical College,OS Kernel Software Engineer,Moving Picture Company
Mark Santos,"May 19, 2000",Marion,Public administration,The Salter School-Tewksbury Campus,Manager  Customer Advocacy,Medline Industries
Laura Johnson,"January 19, 1955",Noble,Animal sciences,New Concept Massage and Beauty School,Software Engineer,St Stephens Hospital
Jessica Little,"May 11, 1995",Northwood,Miscellaneous social sciences,Regency Beauty Institute-Fayetteville,Expert Software Engineer,Ministry of Rural Development India
Monica Howe,"April 26, 1979",Pontiac,Environmental science,Ball State University,Information Security Analyst  Business Security & Assurance,BEML
Ellen Thornton,"December 29, 1956",Max,Agricultural economics,St Margaret School of Nursing,Senior Data Analyst,Abbott Nutrition International
Susan Thompson,"July 23, 1948",Progress Village,General social sciences,Windham Technical High School,Distribution Sales Manager  LATAM,SBFC Finance
Kathleen Garcia,"December 8, 1946",Lander,Science and computer teacher education,Chisholm Trail Technology Center,Senior System Engineer,Tetra Pak
Yolanda Keith,"March 30, 2013",Country Squire Lakes,Soil science,Fortis College,National Partner Sales Manager,Arch Pharmalabs
Jennifer Walker,"January 4, 2013",Crescent Valley,Molecular biology,Anthem Institute-Parsippany,Senior Manager  Global GTM Enablement,Prama Hikvision India
Chase Wilson,"October 30, 1941",Beverly Hills,Environmental science,National American University-Independence,iOS Architect,Cube Construction Engineering
Martha Williams,"October 12, 2017",Webbers Falls,Oceanography,Bryant University,Software Engineer,Perficient
Spencer Butler,"February 12, 1956",Maine,History,University of Pennsylvania,Site Reliability Engineer,Blue Consulting
Angela Watson,"December 19, 1975",Enola,Civil engineering,University of Phoenix-Shreveport-Bossier Campus,Senior Director,IDC Technologies
Jessica Sharp,"February 18, 1960",Oldsmar,Aerospace engineering,Medina County Career Center,Software Engineer II,United Nations Development Programme
Allison Clay,"April 26, 2008",White Plains,Liberal arts,Empire Beauty School-Lebanon,Software Engineer,Government of Maharashtra
Eduardo Colon,"February 6, 1940",Newark,Clinical psychology,ATI Career Training Center-Fort Lauderdale,Manager  Product Solutions for Vertical Markets  Cisco Unified Computing Systems (UCS),Mentorsity
Kim Flynn,"April 19, 2019",Logan,Biomedical engineering,Northwest Vista College,Software Development Engineer,Maruti Suzuki
Karen Novak,"July 27, 1960",Elk Horn,Community and public health,SUNY College at Oneonta,Systems Engineer,yellow.ai
Kathryn Miller,"August 3, 1931",Raymondville,Interdisciplinary social sciences,University of North Texas,Network Architect,Liberty Shoes
Roy King,"January 8, 1974",Mountain Home,Economics,Wayne County Schools Career Center,Sales Recruiter,BUDDI.AI
Katrina Jimenez,"May 27, 1988",Alamo,Humanities,Cossatot Community College of the University of Arkansas,Technical Leader  Insieme,Siemens Healthineers
Carol Dean,"May 18, 1983",Ryder,Pharmacy pharmaceutical sciences and administration,University of the Ozarks,Software Engineer,@home
Matthew Miller,"February 11, 1932",Ryan,Business management and administration,George Mason University,Principal Technical Account Manager,Armstrong International
Jesse Lynch,"July 23, 1961",Petoskey,Mass media,St Johns College,Staff Software Engineer,Srijan Realty
Rhonda Patterson,"June 22, 2024",Sneedville,Special needs education,Cheryl Fells School of Business,SVice President Product Management,HRH Next Services
Daniel Molina,"July 24, 1947",Springfield,Political science and government,Tint School of Makeup and Cosmetology-Irving,CCIE 4905 Network Architect,GlaxoSmithKline Pharmaceuticals
Kiara Santana,"December 28, 1957",Oak Valley,Theology and religious vocations,Chattanooga College Medical Dental and Technical Careers,Senior System Engineer,Canvera
James Phillips,"June 30, 2015",Bountiful,Aerospace engineering,MCI Institute of Technology,3rd Tier Technical Support Engineer (Contractor),Simeio Solutions
Ashley Robertson,"April 20, 1987",Port St. Lucie,Neuroscience,ITT Technical Institute-Webster,Head of Communications - North & South America,Freecharge
Caitlin Howard,"August 4, 1991",Hanaford,Miscellaneous health medical professions,Cleveland Institute of Dental-Medical Assistants-Mentor,Technical Services Engineer,SSP India
John Munoz Jr.,"January 20, 2005",Newcomerstown,Neuroscience,Keweenaw Bay Ojibwa Community College,Principal Engineer,Kansai Nerolac Paints
Kimberly Sullivan,"October 14, 2000",Scott,Ecology,New Hampshire Institute of Art,Senior ASIC Verification Engineer,ASC Infratech
Jamie Zhang,"January 23, 1989",Windsor,Architectural engineering,Kaplan University-Maine Campus,Lead Intelligent Business Process Transformation,SS&C TECHNOLOGIES
Melody Ochoa,"July 7, 1937",Drowning Creek,Special needs education,Academy of Cosmetology,Field Marketing Manager,First Source
Anthony Mitchell,"December 20, 1996",Buffalo,Cognitive science and biopsychology,Seton Hall University,Senior Director of Product Marketing,A-1 Fence Products
John Peterson,"September 19, 1937",Saxis,General social sciences,Empire Beauty School-Laurel Springs,Board Observer,Standard Chartered Bank
Christina Smith,"February 21, 1945",Caro,Applied mathematics,Oklahoma State University Institute of Technology-Okmulgee,Principal Sourcer and Website Administrator,Axiscades
Lisa Michael,"September 11, 1986",Boulder,Public administration,Daymar College-Louisville,Software Engineer,Hamad Medical Corporation
Erin Price,"September 16, 1965",Reklaw,Construction services,Spencerian College-Lexington,DevOps Engineer,WIL Car Wheels
Kristy Hart,"March 10, 2010",Woodland Beach,International relations,TechSkills-Indianapolis,Mixed Signal Validation Engineer,Gala Precision Engineering Limited
Rebecca Lopez,"May 3, 2019",Bay Village,Social science or history teacher education,Travel Institute of the Pacific,Business Systems Analysis Manager,Ujala Cygnus
Juan Evans,"April 20, 2002",Tuscola,Engineering and industrial management,Anthem College-Maryland Heights,Member Of Technical Staff,Banas Dairy
Katherine White,"March 13, 1953",Knoxville,Miscellaneous education,"Southeastern Technical Careers Institute, Inc.",Software Engineer,Colourtex
Melissa Banks,"January 23, 2004",Benedict,Zoology,Eastern New Mexico University-Ruidoso Campus,Senior Principal Engineer,MM Forgings
Thomas Mills,"December 6, 1937",Custer,Human resources and personnel management,Westwood College-Dupage,Associate  Technology Investment Banking,Magnasoft Consulting India
Jacob Trevino,"March 2, 1960",Mesa,Theology and religious vocations,Denison University,IT Enginner,HDFC Life
Linda Howard,"August 2, 1978",Puget Island,Advertising and public relations,Chatfield College,Pre Silicon Verification Engineer,Godrej Appliances
Anthony Moore,"January 13, 1935",Walla Walla,Criminology,Charleston School of Massage,Project Management  Design  Sales,MRF Vapocure Paints
Eric Chang,"April 3, 2024",Keller,Naval architecture and marine engineering,Oklahoma Baptist University,General Manager,Primus Global Technologies
Monique Diaz,"April 26, 2008",Cricket,Biology,Seacoast Career School-Manchester Campus,Software Development Engineer In Test,Rds Project
Lisa Guerra,"October 19, 1977",Osmond,Electrical engineering,Nebraska Indian Community College,Senior Director  CSG Product Management,Blue Rose Technologies
Jill Reynolds,"January 6, 1955",Mannington,Political science and government,University of Phoenix-Central Valley Campus,Cyber Security Analyst (Incident Detection and Response),SolarSquare Energy
Christine Powers,"July 10, 1983",Radom,Anthropology and archeology,Regency Beauty Institute-Canton,Recruiter,Indian Terrain Fashions
Brian Stokes,"August 20, 2012",Minburn,Studio arts,Alvernia University,Program Manager,MPOnline
Jordan Bates,"October 1, 1948",Beacon,Miscellaneous agriculture,Southern Technical College,Advisor,Fidelity National Financial
Mitchell Richardson,"February 8, 2010",Belgrade,Pre-law and legal studies,Metropolitan Community College-Kansas City,Technical Services Product Manager  Data Center Virturalization,Smith & Nephew Healthcare
Kristy Bryan,"March 19, 1989",Swan Quarter,Humanities,Furman University,Senior Software Engineer,IVTL Infoview Technologies
Melody Stevens,"July 8, 2018",Meservey,N/a (less than bachelor's degree),Bradford-Union Area Career Technical Center,Data Science Mentor,NIMT
Danielle Bryant,"January 2, 2002",Paguate,Humanities,Southern Illinois University-Systems Office,Site Reliability Engineer,Steel Infra Solutions
Paula Caldwell,"December 20, 1971",Hampton,Mathematics teacher education,Innovations Design Academy,Sales Engineer,Della Adventure Resort
Eric Walker,"January 8, 1937",Bladensburg,Computer administration management and security,Du Bois Business College-Huntingdon,Director  Digital Marketing and Strategy,Lohia Auto Industries
Cameron Fisher,"February 22, 1989",Nottoway Court House,Library science,ITT Technical Institute-Miami,Application Security Consultant,ANR Software Private Limited
John Ortega,"July 15, 1981",Picture Rocks,Public policy,West Valley Mission Community College District Office,Senior SAP Consultant,Al Ansari Trading Enterprise LLC
Shawn Waters,"November 4, 1966",Eastport,Soil science,Eves College of Hairstyling,Solutions Engineer,Flex
Brandon Brown,"September 15, 1942",Prudenville,Miscellaneous health medical professions,Bryant & Stratton College-Akron,Senior Software Engineer,Naprod Life Sciences
Michael Cortez,"April 18, 1976",Riverdale,Treatment therapy professions,University of Puerto Rico-Medical Sciences,Site Reliability Engineer,Kanpur Fertilizers & Chemicals
Kathy Bailey,"August 24, 2011",Irwindale,Court reporting,Saint Joseph Seminary College,IT Architect,Markets and Markets
Joseph Montgomery,"September 13, 1970",Home,General engineering,United Tribes Technical College,EBC Senior Program Manager,Veolia
Krystal Padilla,"November 14, 1931",Gilliam,Plant science and agronomy,University of Wisconsin-Stevens Point,Engineering Manager,Anlitiks
Terri Pennington,"July 30, 2001",West Point,Accounting,Spring Hill College,Engineering Ops / Program Manager Staff,Royaloak Incorporation
Joshua Russell,"June 3, 1991",Spirit Lake,Health and medical administrative services,The Master's College and Seminary,Data Analyst,SALARPURIA SATTVA
Robert Chapman,"December 19, 1930",Eddington,Educational psychology,Loma Linda University,Software Engineer,Ufi Filters
Justin Yu,"March 4, 2019",Almedia,Geological and geophysical engineering,ATI Career Training Center-Oakland Park,Senior Network Engineer - Global Network Services,Orient Craft
Tammy Cox,"April 7, 1964",Panama City Beach,Mechanical engineering related technologies,Everest University-Orange Park,Data Scientist,GE
Kevin Solis,"November 22, 1964",Effort,Health and medical preparatory programs,South University√Richmond,Senior Product Manager,Dakshin Haryana Bijli Vitran Nigam
Carolyn Brooks,"May 24, 1965",Helena Valley Southeast,Petroleum engineering,City College-Hollywood,Account Manager,SA Technologies
Margaret Edwards,"July 12, 1981",La Carla,Mechanical engineering,Prism Career Institute-Cherry Hill,Senior Product Line Manager,Honda India Power Products
Kelly Martin,"April 22, 1991",Julian,History,Beis Medrash Heichal Dovid,Senior SRE,Tata Lockheed Martin Aerostructures
Stephanie Moran,"March 2, 1964",Urbancrest,General agriculture,Entourage Institute of Beauty and Esthetics,Senior Account Executive,Goddres Pharmaceuticals
Tina King,"October 30, 1984",Widener,School student counseling,Janus University,Java Lead Developer  / System Analyst,Cosmo Films
Cassandra Bonilla,"April 21, 2019",Greenville,Biochemical sciences,Central Oregon Community College,Data Architect - ESCi Contractor,Kamal Fincap
Andre Terrell,"June 25, 1958",New Grand Chain,Microbiology,ITT Technical Institute-Atlanta,Senior Product Manager (Enterprise Payment  Reward Programs  Fees Microservices),SIP Academy
Cindy Harrington,"October 20, 1960",Peru,Chemical engineering,Allen County Community College,Senior Member Of Technical Staff,Suhail Bahwan Group
Jacob Love,"September 25, 1971",Franklin,Geosciences,International Institute for Restorative Practices,Technical Support Engineer,NTT DATA FA Insurance Systems
Carla Reid DDS,"September 29, 1935",Hopatcong,Sociology,Pennsylvania Gunsmith School,Partner Engineering Manager,Lalitpur Power Generation
Robert Marquez,"August 7, 1956",Sheldon,Biochemical sciences,Kaplan College-Las Vegas,DevOps Architect,Emirates Flight Catering
Tony Wilson,"November 12, 1937",Ralston,Forestry,Digital Film Academy,US Healthcare Sales Executive- Global Health Sciences,Hilton Garden Inn
Connie Thomas,"October 12, 2023",Elmwood,Physiology,Pennsylvania State University-Penn State Brandywine,Vice President Product Management,Honeywell Technology Solutions
Caitlin Curry,"September 8, 1949",Harvey,Pharmacy pharmaceutical sciences and administration,Unity Cosmetology College,District Manager,Biocon Biologics
Alexander Zavala,"May 25, 2018",Corbin City,Philosophy and religious studies,Everest Institute-Bissonnet,Board Member,Synechron
Dean Harris,"March 16, 2012",Grover,Journalism,Becker College,President/CEO/Vice President of Sales/Consultant,Back Office
Jeffrey Howell,"September 5, 1958",Ellington,Engineering technologies,Art Academy of Cincinnati,Senior Member of Technical Staff,Suraksha Diagnostic
Joshua Jacobs,"February 24, 1997",Fenwick Island,"Nuclear, industrial radiology, and biological technologies",South University-Accelerated Graduate Programs,Large Enterprise Account Manager,Plintron Global Technology Solutions
Rebecca Jones,"January 8, 1977",South Park View,Drama and theater arts,Wellesley College,Senior Finance Business Manager - Revenue Accounting Operations  New Business Models,Hanon Systems
Darlene Gray,"January 31, 1988",Loch Lynn Heights,Animal sciences,University of Rhode Island,Customer Solutions Engineer,Ssnr Projects.pvt.ltd
Erika Ross,"June 24, 1981",Marionville,Treatment therapy professions,Pacific College of Oriental Medicine-Chicago,Network Support Engineer,United Telecoms
Erik Davis,"April 23, 1995",Templeton,Physical and health education teaching,North American Trade Schools,Senior Software Engineer,Prasol Chemicals
Kimberly Steele,"July 26, 1997",East Shore,Health and medical preparatory programs,Key College,Account Executive,Dar Group
James Spears,"January 13, 2007",Syracuse,Computer administration management and security,ITT Technical Institute-Owings Mills,Software Engineer,Sjmmcsl
Zachary Swanson MD,"January 20, 1950",Dana,Health and medical administrative services,Paul Mitchell the School-Huntsville,Sales Engineer,Lizmontagens India
Sean Wagner,"October 23, 1938",New Schaefferstown,International relations,Miller-Motte Technical College-Macon,Principal Solutions Architect,Amagi Media Labs
Wendy Kelley,"May 28, 2005",Mila Doce,Industrial and organizational psychology,Regency Beauty Institute-Aurora,Software Engineer,Ess Kay Fabrication
Heather Riley,"April 12, 1978",Tierra Verde,Mechanical engineering,Hi-Tech School of Cosmetology,Principal DevOps Engineer,Tenon Facility Management
Zachary Dickerson,"February 5, 1960",Mowrystown,Architecture,Fuller Theological Seminary in California,Software Engineer,Zucol Group
Erin Smith,"December 19, 1981",Sullivan,Soil science,Montreat College,Trusted Partner Community Manager and Onboarding Specialist,The Chennai Silks
Nicole Mcbride,"May 23, 1990",Menlo,Drama and theater arts,Austin College,Senior DevOps Engineer,Recpdcl.ltd
Donna Snyder,"December 11, 1947",Kirkman,Geological and geophysical engineering,BIR Training Center,Senior Web Architect,Golden Tulip Hotels
Stephanie Evans,"June 2, 1961",Horseshoe Bend,Military technologies,Fortis College-Montgomery,Director of Sales,IDS Infotech
Anthony Terry,"December 21, 1994",Elizabethtown,Computer and information systems,The University of Virginia's College at Wise,Hardware Engineer,Asti Electronics India
Amanda Wiggins,"November 20, 1938",Spring City,United states history,ITT Technical Institute-Deerfield Beach,Senior System Engineer,Mahindra Powerol
Ms. Erin Lane,"December 21, 1944",Wolcottville,Area ethnic and civilization studies,York County School of Technology-Adult & Continuing Education,Software Development Engineer,ICICI Prudential Life Insurance
Katherine Stark,"November 3, 2024",Roachdale,"Electrical, mechanical, and precision technologies and production",Career College of Northern Nevada,Software Engineer,Intuit
Shaun Henderson,"November 11, 1948",Washoe Valley,Commercial art and graphic design,Chesapeake College,Senior Software Engineer,DNEG CREATIVE SERVICES
Taylor Morales,"April 13, 1933",Lucas,Teacher education: multiple levels,Lewis and Clark Community College,Product Manager,Gtpl Hathway
Cindy Cannon,"March 21, 1981",North Pembroke,Mining and mineral engineering,Colegio Educativo Tecnologico Industrial Inc,Product Marketing and Product Launch Advisor and Consultant,SAI Life Sciences
Gregory Russell,"November 26, 2014",Lincolnwood,Miscellaneous business & medical administration,Salon Professional Academy (The),Network Consulting Engineer,Ahana Systems & Solutions
Tyler Zavala,"July 21, 1989",Talahi Island,Sociology,Cerritos College,Software Engineer,eClerx
Julie Rose,"January 9, 1956",Syracuse,School student counseling,Jacksonville University,Software Engineer II,Apollomedics Super Speciality Hospitals
Nicole Collins,"April 25, 1952",Henlopen Acres,Philosophy and religious studies,University of California-San Diego,Senior Wireless Network Architect,Genesys International Corporation
David Koch,"January 14, 2007",Glen Ellyn,United states history,Shepherds Theological Seminary,Pharmacy Automation Engineer,Asirvad Microfinance
Ashley Duran,"June 19, 1979",Gilman,Physical sciences,"Colegio de Cinematograf?a, Artes y Television",Consulting Solutions Architect,Telligent (A Verint Company)
Paul Rich,"July 19, 1940",High Falls,Criminal justice and fire protection,Sikeston Career and Technology Center,Global Sales Director- BSN & ECD & CCX Divisions: HPE & Cloud Service Providers,Yum!
Howard Richardson,"December 29, 1972",Union,Anthropology and archeology,Dorsey Business Schools-Roseville,Business Change Manager,Airblack
Matthew Andrade,"November 18, 1941",Washington,Biochemical sciences,Institute of Hair Design,Corporate Systems Engineer,Elite Engineering And Construction
Mike Allen,"August 10, 1971",Otis,Hospitality management,International Academy,Senior Staff Software Development Engineer,Leayan Global
Angelica Parker,"July 7, 1944",Hatfield,Plant science and agronomy,Poplar Bluff Technical Career Center,Software Engineer III,Savvysoft Technologies
Barry Hernandez,"November 18, 2021",Dooms,Forestry,Penrose Academy,Senior Sales Executive / Team Lead,Empower Retirement
Lisa Torres,"January 17, 1955",Nucla,Molecular biology,Saint Vincent College,Director  Strategy Planning & Intelligence  Google Cloud,Rubicon Research
Marvin Flores,"June 20, 2003",Durand,Humanities,North Central University,Co-Founder; CMO  COO  and Bussines Development,Concentrix Corporation
Shannon York,"July 28, 2005",Spearville,Art history and criticism,Polytechnic University of Puerto Rico-Miami Campus,Senior Software Engineer,Ppap Automotive
Dana Hernandez,"April 10, 1966",Fruitvale,Cosmetology services and culinary arts,Janus University,Engineering Program Manager  Core Hardware Group,Fourth Dimension Solutions
Riley Davenport,"October 25, 1946",White Oak,Miscellaneous business & medical administration,University of Texas Southwestern Medical Center,Territory Account Manager- Enterprise,Advantage One Tax Consulting
Maxwell Whitaker,"May 14, 1961",Crump,Actuarial science,Towson University,Product Security Engineer,Opporture
Michael Anderson,"July 31, 2000",St. Lucas,Theology and religious vocations,Mercer County Technical Education Center,Senior Software Engineer,Covenant Consultants
Katherine Flores,"February 2, 1960",Belspring,Theology and religious vocations,CRU Institute,Strategic Account Executive,Skypack
Mercedes Richardson,"August 27, 2015",Bigelow,Accounting,Gemological Institute of America-New York,Client Solutions Program Manager,Rich Graviss Products
Veronica Arnold,"November 6, 1994",Donalsonville,Medical assisting services,Regency Beauty Institute-Wichita,Senior MTS,Brij Gopal Construction Company
Catherine Johns,"April 22, 1970",Mound City,Family and consumer sciences,University of Wyoming,Senior Account Manager - GovTech,National Organic Chemical Industries
Matthew Reynolds,"July 17, 1930",Troy,Molecular biology,Hispanic American College,English teacher,Daimler India Commercial Vehicles
Miguel Pena,"July 20, 1967",Fairview,Journalism,American School of Business,Senior Software Engineer,Bajaj Capital Insurance
Cody Reyes III,"September 6, 1948",Du Bois,Philosophy and religious studies,Marymount College,Senior Customer Support Engineer IV for Contact Center,Century Real Estate
Christine Peterson,"January 8, 1969",Ross Corner,Medical technologies technicians,College of St. Mary Magdalen,Strategic Account Manager,eNoah iSolution
Angela Brown,"March 4, 1960",Smallwood,Transportation sciences and technologies,Aviation Institute of Maintenance-Kansas City,Software Developer,LNJ Bhilwara Group
Ethan Adams,"June 10, 2017",Thermalito,Early childhood education,American Academy of Dramatic Arts-New York,Software Engineer,Segula Technologies
Jacqueline Ramos,"August 22, 1958",Orangeville,Teacher education: multiple levels,Sage School of Massage & Healing Arts,Senior Software Engineer,Vedantu
Dawn Little,"September 12, 1934",Moscow,Drama and theater arts,Drake University,Director  Product Cybersecurity,Privi Organics
Eric Giles,"September 24, 1962",Summitville,Physical fitness parks recreation and leisure,Flint Hills Technical College,Co-Head of Product Management  Customer Service Management Business Unit,The Park Hotels
Luke Dixon,"October 3, 2013",Clyde,Miscellaneous engineering,Lytles Redwood Empire Beauty College Inc,Software Engineer,Medha Servo Drives
April Norton,"December 19, 2016",Albion,Public policy,Carrington College-Boise,Manager - DevOps,DHL IT Services
Ronald Baxter,"March 18, 1958",De Queen,Court reporting,Liberty Technical College,Software Engineer,The Oman Construction Co. LLC (TOCO)
Angela Russell,"January 17, 2025",Emporia,Cognitive science and biopsychology,Harrisburg Area Community College-Harrisburg,Financial Analyst,Hinduja Housing Finance
Alexis Cervantes,"March 18, 2011",New Market,Architectural engineering,Ave Maria School of Law,Hardware Engineer,Li & Fung
David Torres,"April 27, 1933",Lake View,Business management and administration,Southwest Wisconsin Technical College,Senior Systems Engineer,Smart Chip
Tammy Fernandez,"May 2, 2013",Worden,Criminal justice and fire protection,West Virginia University at Parkersburg,Software Engineer,Hi-Tech Arai
Austin Owens,"April 10, 2024",West Lake Hills,Geology and earth science,ITT Technical Institute-Plymouth Meeting,Security Engineer,Senco Gold
Mary Lewis,"June 20, 1971",Springfield,Electrical engineering technology,National American University-Albuquerque West,Lead QA Engineer,Saud Bahwan Group
Daniel Wagner,"December 22, 1955",New Market,Zoology,Centura College-Norfolk,Digital Personalization & Experimentation,Dodsal Engineering & Construction
Elizabeth Rowland,"May 1, 1955",Barre,Electrical engineering technology,Sanford-Brown College-St Peters,Consulting Systems Engineer - Cloud Networking Group,DesiCrew Solutions
Jason Rose,"July 27, 2009",Harriston,Mathematics and computer science,Mississippi Valley State University,Technical Support Engineer,Nature's Basket
Lindsey Mendoza,"March 12, 1971",Lawai,Commercial art and graphic design,Lincoln College of New England-Southington,Senior DevOps Engineer,Bharti Infratel
Danny Lowe PhD,"March 2, 1944",Guernsey,Natural resources management,Sanford-Brown Institute-White Plains,Software Engineer,Saarathi Healthcare
Lisa Allen,"September 28, 1975",Ventana,Miscellaneous education,Eastern Wyoming College,Vice President,ABC Bearings
Jessica Morris,"December 7, 2017",Truxton,Natural resources management,Iowa State University,Senior Vice President  Customer and Partner Services,Kirtane & Pandit
David Robinson,"December 9, 1982",Knights Landing,Industrial and manufacturing engineering,North Shore Community College,Chatbot Developer Intern,CESC
Kathryn Morris,"January 22, 1990",Mounds,Human services and community organization,South Texas Vocational Technical Institute-Corpus Christi,Senior Advisor Product Manager,Freudenberg Gala Household Product
Timothy Morris,"January 26, 1934",Parma,History,Randolph Community College,Data Scientist,Gramophone
Angela Johnson,"September 20, 1960",St. Peter,Area ethnic and civilization studies,Anthem Institute-Jersey City,Software Engineer,USHA International
Justin Saunders,"January 15, 1990",Penn Lake Park,Journalism,Instituto Tecnologico de Puerto Rico-Recinto de Guayama,Technical Lead - Enterprise Networking,Methodex
James Howard,"May 1, 1955",San Saba,Advertising and public relations,Rockford University,Director  Product Management,Tatva Chintan Pharma Chem
Steven Mayo,"September 12, 1940",Gary City,Electrical engineering technology,Coastal Carolina Community College,Senior System Engineer,ONKAR DIES
William Wolfe,"April 4, 1953",Sauk Centre,Computer science,Gordon-Conwell Theological Seminary,Senior Network Engineer,Rotary Engineering
Jeffrey Petersen,"October 22, 2007",Belvue,Philosophy and religious studies,Western Michigan University,Senior Collaboration Engineer,Wonder Home Finance
Bernard Chang,"September 13, 1957",Moose Lake,Statistics and decision science,United Theological Seminary of the Twin Cities,Manager of Software Engineering,Sundaram Home Finance
Ashley Hansen,"February 15, 2018",St. Thomas,French german latin and other common foreign language studies,Remington College-Houston Campus,Global Product Manager - Cloud Solutions,Clarivate
Justin Small,"September 23, 2019",Mitchell,Chemical engineering,Beyond 21st Century Beauty Academy,Manager  Customer Experience,The Saraswat Co-operative Bank
Eduardo Hart DDS,"March 7, 1943",Carbon Hill,Mechanical engineering,School of Visual Arts,DevOps Engineer,Tecno Mobile
Javier Rogers,"December 19, 1962",North Amityville,Medical assisting services,Charter Oak State College,Software Engineer,The BIM Engineers
Mrs. Kimberly Mooney,"February 20, 1954",Whitesboro,Biomedical engineering,Edward Via College of Osteopathic Medicine,Consultant,Quintessence Business Solutions & Services
Benjamin Wheeler,"April 25, 2021",Sixteen Mile Stand,Biochemical sciences,Vatterott Career College-Memphis Appling Farms,System Engineer  Network Engineer  System and Network Analyst  Solution Architect,Finova Capital
Kirk Powell,"March 17, 1991",Sandusky,Construction services,W L Bonner College,Senior Software Engineer,Citykart Retail
Karl Moore,"May 5, 2014",Yarrowsburg,Forestry,Jefferson County Dubois Area Vocational Technical Practical Nursing Program,Technical Staff,Wipro Infrastructure Engineering
Karen Hicks,"April 16, 1993",Remerton,Engineering mechanics physics and science,Olean Business Institute,Senior DevOps Engineer,Optum
Sherry Adams,"November 27, 1994",Hagarville,Special needs education,Tennessee Technology Center at Shelbyville,Customer Support Engineer,Balajee Group
Darrell Wong,"March 5, 1932",Meadow Oaks,Biomedical engineering,Star Career Academy-Philadelphia,Technical Lead,Bhandari Automobiles
Ashley May DDS,"April 26, 1994",Grangeville,Communications,Anthem Career College-Nashville,Senior Manager  Systems Engineering,Lapiz Digital Services
Jennifer Brooks,"November 22, 2023",Cape May Court House,General engineering,The Hair Design School-N Memphis,Strategic Account Executive - Southeast US,Innovaccer
Diana Hernandez,"July 29, 1995",Star Valley Ranch,Miscellaneous biology,Miami University-Middletown,Lead Security Engineer,TP Central Odisha Distribution
Cristian Santos,"March 27, 1950",Tekoa,Botany,Southwestern College,Contractor,Ibg Fincon Solutions
Daniel James,"April 12, 2003",Arispe,General agriculture,University of Idaho,Hybrid Cloud Solution Architect  Analytics,ClaySys
Brandon Johns,"March 8, 1963",Stanton,Biomedical engineering,Empire Beauty School-Cherry Hill,Engineering Manager,Belstar Microfinance
Brandy James,"November 23, 2002",Cottage Lake,Library science,American Public University System,Software Engineer,Richa Global Export
Jessica Larsen,"December 23, 1957",Albemarle,General education,University of Wyoming,Senior Director of Product Development & Management,Altruistic Technology Labs
Louis Rose,"May 3, 1944",Albany,Molecular biology,William Jessup University,America and EMEA Senior Network Planning and Qualification Manager (JSD Manager),NoBroker
Sergio Massey,"February 16, 1988",Ixonia,Miscellaneous agriculture,University of Nevada-Las Vegas,Software Engineer,AMS Comtel BPMS
Andrew Weiss,"August 26, 1963",Cliffwood Beach,Early childhood education,West Virginia Northern Community College,Senior Director  Tech Fellows Program  Software Engineering,SITA
Melissa Schneider,"December 12, 1997",Waverly,Information sciences,University of Aesthetics-Chicago,Technology Manager,Zyoin
Becky Williams,"June 4, 2015",Waverly,Health and medical preparatory programs,International Institute for Restorative Practices,Engineering Manager,Shri Bajrang Power & Ispat
Kelly Harris,"October 21, 2012",Alta Vista,Mass media,Georgia State University,Software Engineer,Vara United
Anthony Hoover,"November 22, 1937",Fruitville,Forestry,American Commercial College-Abilene,Data Analyst (via Accenture),LT Foods
Eric Wright,"September 27, 2000",Leander,Actuarial science,Otterbein University,Software Development Engineer II,IndiaCan
Ashley Horn,"July 21, 1932",McBaine,Finance,Mitchells Hairstyling Academy-Goldsboro,Senior Presentation Designer,OCS Group
Olivia Dorsey,"October 22, 1999",Tselakai Dezza,Geosciences,Trinity Vocational Center,Technical Solutions Architect,Luna Technologies
Jonathan Long,"March 4, 1978",Baldwin,Public policy,Urshan Graduate School of Theology,Software Engineer,Win Medicare
Yolanda Green,"March 31, 2025",South Portland,Mining and mineral engineering,Shasta School of Cosmetology,Network Engineer IV,Futuresoft Solutions
Katherine Weaver MD,"February 15, 1963",Sunnyside-Tahoe City,Family and consumer sciences,University of Michigan-Flint,Presales Manager,SA Infrastructure Consultants
Christopher Byrd,"September 14, 1969",Richmond,Biological engineering,Florida College of Natural Health-Miami,Senior Software Engineer,Microchip Technology
Tyler Harris,"January 27, 1990",Mora,Geography,Lenoir-Rhyne University,Software Engineer,Vini Cosmetics
Wendy Jenkins,"November 21, 1955",Crystal Lake,Nursing,Euphoria Institute of Beauty Arts & Sciences-Summerlin,Systems Engineering Director,Star Cement
Stacy Harper,"May 3, 1995",Lake St. Louis,History,Ridge Career Center,Design Verification Engineer,NIS Management Private
Kayla Grimes,"September 21, 2009",Luis Lopez,Agricultural economics,Mahoning County Career and Technical Center,Data Scientist,Praxis home Retail
Kyle Mccarthy,"April 14, 1967",Silver Creek,Language and drama education,Ridley-Lowell Business & Technical Institute,Agile Coach,ABSAS Solutions
Sara Yang,"February 14, 1954",Callender,Atmospheric sciences and meteorology,Everest College-Chesapeake,Director Of Engineering - Digital Platform & Data Science Engineering,Ginni Filaments
Alan Nguyen,"April 2, 2010",Acomita Lake,Computer programming and data processing,Wilkes-Barre Area Career and Technical Center Practical Nursing,Software Engineer,PeopleScout
Joshua Russell,"June 3, 1991",Spirit Lake,Health and medical administrative services,The Master's College and Seminary,Data Analyst,SALARPURIA SATTVA
Monica Herrera,"June 3, 1932",Menomonee Falls,Sociology,The Hair Design School-Ocean,Hardware Validation Engineer,Premium Transmission
Thomas Logan,"October 29, 2023",Endicott,Accounting,Instituto Tecnologico de Puerto Rico-Recinto de San Juan,Regional Sales Manager,New Allenberry Works
Samuel Ellis,"February 12, 1967",Puxico,Miscellaneous engineering,Virginia College-Richmond,Site Reliability Engineer,Mody University Science Technology
Adriana Parks,"February 18, 2013",West College Corner,Architecture,Miller-Motte Technical College-Madison,Major Account Manager,Rosenberger Electronic
Michael Bennett DVM,"August 1, 1983",New Richmond,Other foreign languages,Seward County Community College and Area Technical School,Director - Hosting and Connectivity Svcs/Internal Network Svcs  Business Technology - Infrastructure,Delhi World Public School
Edward Manning,"April 3, 1930",Westway,General agriculture,Maryland Institute College of Art,Product Manager,Perfetti Van Melle
Paul Willis,"May 13, 1958",Cidra,Other foreign languages,Star Career Academy-Syosset,Operations Engineer,Eurokids
Nathaniel Walter,"October 24, 1971",Weston,Community and public health,Miller-Motte College-Cary,Customer Support Staff Eng,Railtel Corporation Of India
Angela Rodriguez,"August 2, 1991",Kerrville,Engineering and industrial management,Southern Oregon University,Regional Sales Director,M G Contractors
Peter Stephenson,"December 20, 1965",Millersburg,Miscellaneous psychology,Salter College-Chicopee,Consulting Engineer,I P Integrated Services
Nancy Jackson,"January 1, 1946",North Topsail Beach,Miscellaneous social sciences,American InterContinental University-Atlanta,Solutions Engineer Executive Advisor,TAL Manufacturing Solutions
Allison Clark,"August 7, 1932",Paddock Lake,Ecology,SUNY at Purchase College,Software Engineer,Amphenol Omniconnect - India
David Washington III,"April 27, 1954",Norway,Genetics,DPT Business School,Product Manager  Enterprise Applications / Web 2.0,Armstrong International
Katherine Phillips,"June 23, 1962",Winlock,Health and medical administrative services,Sanford-Brown College-Farmington,Director  Product Management,Emirates Airlines
Elizabeth Gay,"September 24, 1950",Villa Park,General business,Florida Southern College,Incoming Associate Product Manager,Shipco Transport
Travis Caldwell,"September 26, 1949",Martorell,Botany,Bergen Community College,Big Data Developer  -  Intermediate,Cytecare Cancer Hospital
Ashley Coleman,"February 22, 1953",Alamo,Geosciences,Le Cordon Bleu Institute of Culinary Arts-Pittsburgh,Product Manager  Governance Risk and Compliance and Vendor Risk Management,Honda India Power Products
Christine Tyler,"June 28, 2004",Hooper Bay,Neuroscience,Franklin College,Staff System Test Enginee,Tata Memorial Centre
Katie Ibarra,"December 24, 1947",North Fork,Miscellaneous biology,Pensacola State College,Principal Consultant,IDBI Bank
Christy Lee,"July 25, 1976",Tucumcari,Geosciences,ITT Technical Institute-Salem,Consulting Engineer  Services,Core Diagnostics
Ruben Charles,"February 1, 1946",Caney City,Computer engineering,College America-Fort Collins,Site Reliability Engineer,Svarn Infratel
Vickie Carroll,"September 27, 1978",Garrison,Sociology,North Orange County Community College District,Senior Applications Engineer,Selectsys
Elizabeth Nichols,"February 5, 1932",Belle Plaine,Language and drama education,Colorado Technical University-Greenwood Village,Systems Engineer,Whirlpool
Kimberly Hanna,"February 17, 1984",Strongsville,Film video and photographic arts,Trinity College of Puerto Rico,Senior Manager,Citrix
Christina Compton,"July 1, 1999",Eureka,Pharmacy pharmaceutical sciences and administration,ITT Technical Institute-Seattle,Senior Program Manager,Netoyed
Francisco Coleman,"May 31, 2004",Idaville,Biochemical sciences,Western Hills School of Beauty and Hair Design,Principal Developer,Milliman
Richard Henson,"December 10, 1976",Fountain,Psychology,Regency Beauty Institute-Avon,Senior Network Security Design Engineer,W3Softech India
Lisa Salazar MD,"December 27, 1999",Carolina Shores,Marketing and marketing research,Ohio University-Lancaster Campus,Member of Technical Staff,SKS POWER GENERATION
Victoria Parker,"February 17, 1986",Abie,Cognitive science and biopsychology,Empire Beauty School-Lauderhill,Software Engineer  AWS Deep Learning,Dainik Jagran
Kathleen Garcia,"December 8, 1946",Lander,Science and computer teacher education,Chisholm Trail Technology Center,Senior System Engineer,Tetra Pak
Rachel Taylor,"December 6, 1999",Allenville,Agriculture production and management,Northwest College,Southeast Enterprise Sales Manager  SONIFI Healthcare,Sterling Software Private Limited
Bobby Howard,"April 6, 2015",Laurel,Industrial and manufacturing engineering,Northwest Nazarene University,Senior Client Account Manager- Trusted Cyber Security Advisor,Collman Services
Stephen Walker,"May 24, 1937",Summit,Treatment therapy professions,The Hair Design School-N Memphis,Systems Engineer,Exotel
Paige Meyer,"April 19, 1976",Belcourt,Neuroscience,Georgetown University,Design Engineer / Project Manager,S R Enterprises
Jeffrey Leon,"January 16, 1943",North Fork,Visual and performing arts,University of Hawaii System Office,Director of Product Marketing & Strategic Alliances,Danfoss Industries
Robin Baker,"December 12, 1934",Prosser,Medical assisting services,Hot Springs Beauty College,Senior Salesforce Developer,RAMADA PLAZA
Tracy Burnett,"May 28, 2024",Ames Lake,Geography,University of Scranton,Principal Engineer at Citrix,Zara
Casey Perez,"May 6, 2020",Clarkson Valley,Industrial and organizational psychology,Prince Institute-Rocky Mountains,Senior Software Engineer,Bharathi Cement
Teresa Adams,"August 19, 1973",Leisuretowne,Computer networking and telecommunications,City College-Hollywood,Senior Project Manager,Quess IT Staffing Solutions
Jeffrey Harrell,"June 20, 1973",Estill Springs,Mass media,Oregon College of Oriental Medicine,Account Executive  Leadership Communications and Employee Experience,Connectwise India
Matthew Peters,"January 7, 1991",Gold Beach,Transportation sciences and technologies,South Dakota School of Mines and Technology,Software Development Engineer II,Bitwise Solutions
Scott Alexander,"July 25, 1938",Fairfield,Area ethnic and civilization studies,Regency Beauty Institute-Flint,Sr.Operations & Infrastructure Engineer / SRE,Savita Oil Technologies
Robert Vargas,"April 28, 1968",Landess,Biomedical engineering,Union College,Senior Software Engineer,Teradata
Robert Ellison,"January 2, 1938",Kirbyville,Science and computer teacher education,University of Saint Mary of the Lake,Vice President  Product Management  Identity Cloud Services,Ind swift ltd. Gbu
Julia Brown,"February 3, 2020",Crawford,Miscellaneous biology,Tricoci University of Beauty Culture-Chicago,Software Engineer,Atul
Carolyn Kane,"April 28, 1992",Rush Hill,Multi/interdisciplinary studies,Pennsylvania State University-Penn State Abington,Product Manager,Vikram Tea
Sarah Pierce,"February 20, 1967",Richfield,Marketing and marketing research,Remington College-North Houston Campus,IT Manager - Data Warehouse and Pharmacy Systems,Rainbow Childrens Hospital
Jordan Nelson,"September 4, 1939",Baraboo,Social work,Wards Corner Beauty Academy-Norfolk,Senior Product Marketing Manager,EASTMAN EXPORTS GLOBAL CLOTHING PVT.LTD
Bonnie Barnett,"February 5, 1964",Divide,Engineering mechanics physics and science,Jacksonville College-Main Campus,Wireless escalation Software Engineer,ETP International
Brandon Johns,"March 8, 1963",Stanton,Biomedical engineering,Empire Beauty School-Cherry Hill,Engineering Manager,Belstar Microfinance
Austin Baker,"March 5, 2017",Cashtown,Statistics and decision science,Southwestern Oklahoma State University,Owner,Lotus Wireless Technologies
James Peck,"March 11, 1998",Sierra Madre,Film video and photographic arts,University of Aesthetics-Downers Grove,Data Scientist,Clix Capital Services
Dorothy Osborn,"October 21, 1962",West Pleasant View,N/a (less than bachelor's degree),Ohio Wesleyan University,ASIC Design Verification Engineer II,Jotun Paints
Juan Gilbert,"March 27, 1964",Edinburg,Art and music education,Westside Tech,Staff Product Engineer – Unmounted Semiconductor Laser Bar,Uttam Strips
Amy Hester,"August 25, 1933",Cottonwood,Computer science,Paul Mitchell the School-Colorado Springs,Senior Software Engineer - Cloud & Virtualization,K & J Project
Teresa May,"November 15, 1950",Round Lake,Human services and community organization,Seminary of the Immaculate Conception,Executive Cloud Architect & Head of NFV Platform Development - IBM Cloud,Baker Hughes
Jose Ramsey,"November 4, 1960",Sandy Ridge,Treatment therapy professions,Ohio State University-Main Campus,Data Engineer,MyMoneyMantra
Douglas Ross,"June 11, 2018",Soulsbyville,Court reporting,Institute for Clinical Social Work,Revenue Recogntion Analyst,SAVE Solutions
John Short,"February 3, 1957",Salina,Mechanical engineering,Audio Engineering Institute,Software Engineer,VIS Networks
Lisa Bryant,"October 19, 1995",Metamora,Computer and information systems,Wyo Tech-Blairsville,Software Engineer,All India Institute of Local Self Government
Christina Flores,"July 23, 1957",Thayer,General agriculture,International Business College,Senior Technical Data Analyst,Amity Software Systems
Adam Sanchez,"July 15, 2013",Manilla,Other foreign languages,Chesapeake College,Information Governance  Privacy  Security  & Data Protection | Senior Project Manager (PM) and PM,Simple Energy
Alejandra Rowland,"August 25, 2010",New Home,Architectural engineering,Janus University,Strategic Account Director,Tokai Imperial Rubber India
Tracy Burnett,"May 28, 2024",Ames Lake,Geography,University of Scranton,Principal Engineer at Citrix,Zara
Wayne Jackson,"May 18, 1965",Brookings,Liberal arts,Bridgeport Hospital School of Nursing,Senior Software Engineer in Test,Prism Johnson
Kristen Pena,"April 25, 2013",Colony,Industrial and organizational psychology,Tyler Junior College,Network Engineer IV,Outworks Solutions Pvt Ltd
Damon Schultz,"March 12, 1979",Minidoka,Psychology,Divine Word College,Public Policy - Latin America,Axtria
Jon Jackson,"April 15, 1955",Stapleton,Food science,DeVry University-Tennessee,Staff Engineer  ML Compiler Team,Paras Buildtech
Angela Ramirez,"July 8, 1957",Buffalo,Geological and geophysical engineering,School of the Art Institute of Chicago,Software Engineer,Fisdom
John Schwartz,"December 10, 1982",Oneida,Journalism,Daemen College,Network Engineer,NEARBY TECHNOLOGIES
Breanna Rivas,"March 28, 2000",Black Creek,Miscellaneous business & medical administration,Western Hills School of Beauty and Hair Design,Front End Power Engineer,Amphenol Omniconnect - India
Tracey Reilly,"May 3, 1963",Rogersville,Architecture,Rockford University,Solutions Architect | Professional Services,GETIT Infoservices
Mark Santos,"May 19, 2000",Marion,Public administration,The Salter School-Tewksbury Campus,Manager  Customer Advocacy,Medline Industries
Chelsea Nichols,"February 19, 1993",Holyrood,Materials engineering and materials science,Wilson College,Senior Software Engineer,FNP
Kara Blake,"March 17, 1930",Huntington Park,Astronomy and astrophysics,University of Louisville,Senior Site Reliability Engineer,Anmol Feeds
Gregory Green,"August 29, 1971",Flint Hill,Philosophy and religious studies,University of Arkansas Community College-Batesville,Graphics Hardware Engineer,Ricoh
Nancy Watkins,"February 20, 2014",Wells Branch,French german latin and other common foreign language studies,Paul Smiths College of Arts and Science,Director  Product Management  Messaging,Toyota Kirloskar Motor
Andre Elliott,"April 18, 2016",Whitehouse,Pre-law and legal studies,The College of Office Technology,Senior Software Development Engineer,Computer Junction
Christopher Nichols,"October 20, 1956",Belle Haven,Medical assisting services,Protege Academy,Salesforce Developer,63 Moons Technologies
Terry Waller,"April 14, 1952",East St. Louis,Family and consumer sciences,International College of Cosmetology,Cloud Security Engineer,St Stephens Hospital
Ashley Stevens,"May 3, 2009",Lake Lure,Military technologies,Mech-Tech College LLC,Director of U.S. Grantmaking (since 9/18); Program Officer (9/16-9/18),Safdarjung Hospital
Jordan Jones,"August 31, 1941",Okabena,Clinical psychology,Institucion Chaviano de Mayaguez,Software Engineer,Agastya International Foundation
Tanner Mann,"August 17, 1950",Graettinger,Intercultural and international studies,Widener University-Delaware Campus,Sales Engineer,The Professional Couriers
Charlotte Roy,"March 18, 1960",Cave City,Miscellaneous agriculture,Continental School of Beauty Culture-West Seneca,Mixed Signal Silicon Validation Engineer,Easy Home Finance
Michelle Gross,"January 25, 2022",Macomb,Physiology,Regency Beauty Institute-Grand Rapids,Senior Software QA Engineer,Tata Strive Skill Development Centre
Bryan Davis DVM,"February 10, 1955",St. Petersburg,Mass media,American Institute of Interior Design,Security Solution Architect Consultant (Data Network Security / SDN / SDSN / Cloud /SD-WAN),Suven Life Sciences
Mary Kelly,"August 10, 2011",Euless,Environmental science,Salter School-Fall River Campus,Software Engineer,Talbros
Alison Short,"March 17, 1993",Cayuga Heights,Educational psychology,Whitman College,Manager of Governance & Engineering,Techno Electric & Engineering Company
Mr. Matthew Peterson,"November 3, 1948",Kanarraville,Operations logistics and e-commerce,SUNY Downstate Medical Center,Founder,Navigant Technologies
Jason Brown,"February 5, 1939",Denmark,Cosmetology services and culinary arts,Walsh University,Solutions Integration Architect,Black Box Corporation
Glenn Ford,"June 13, 2017",San Luis,Counseling psychology,Shoreline Community College,Engineering Program Manager,Kirloskar Ebara Pumps
Joyce Brown,"December 9, 2017",Punaluu,Chemical engineering,ITT Technical Institute-Boise,HexaBuild,SEABIRD LOGISOLUTIONS
Mike Buchanan,"December 31, 2019",Coronita,Court reporting,Touro University California,Senior DevOps Engineer,Tops Security
Jessica Grant,"July 22, 1971",Beggs,Educational administration and supervision,St Francis Career College,System Architect,Allianz Technology
Deborah Roberson,"September 25, 1985",Apple Grove,Architectural engineering,Simmons College,Manager  Order and Contract Operations,Arvind Technocrats & Engineers LLP
Jacob Day,"February 16, 1950",Clyde,Elementary education,Empire Beauty School-Milwaukee,Director  Product Marketing,Bpo Convergence
David Hahn,"December 5, 1933",Scottdale,Public administration,D'Mart Institute,Software Engineer,Reliance BP Mobility
Gregory Smith,"June 4, 1998",McLemoresville,Visual and performing arts,ITT Technical Institute-Knoxville,Senior Software Engineer,Waah Jobs
Stephanie Barton,"May 10, 2021",Elgin,Medical assisting services,The Salon Professional Academy-Tacoma,Technical Lead / Consultant – New York Life Insurance Company,Ukay Metal Industries
James Moore,"March 2, 1946",Blackburn,Mathematics and computer science,North Florida Community College,Director  Investment Operations: Corporate Development,Aquapharm Chemicals
Karen Goodman,"August 18, 2008",Soper,Criminology,Saint Vladimirs Orthodox Theological Seminary,Director  SDN/NFV and SDWAN Solution Engineering  Business Development and Alliances,efficiently
Carolyn Cordova,"May 21, 2000",Simsbury Center,Marketing and marketing research,Radford M Locklin Technical Center,Field Marketing Manager,Tcs And Associates
Jennifer Miranda,"May 24, 1960",Florence,Film video and photographic arts,Edgewood College,Enterprise Networks-Product Sales Specialist-Enterprise Accounts   R/S/W,Central Institute of Mining and Fuel Research
Mary Morgan,"July 11, 1997",Pampa,Materials engineering and materials science,Otterbein University,Product Marketing Manager,Pradhan Mantri Kaushal Kendra
Derek Coleman,"January 2, 2016",Wartrace,Computer programming and data processing,Niagara County Community College,Software Engineer,Tata Consumer Products
Anthony Armstrong,"September 3, 1984",Oak Hill,School student counseling,Salem Community College,Senior Systems Engineer,Fidelis Technology Services
Nathaniel Gomez,"May 27, 1932",Luray,Military technologies,Advanced Technical Centers,Engineering Manager,SPRAY ENGINEERING DEVICES
Stephanie Herrera,"December 3, 1981",West Little River,Counseling psychology,Washington County Community College,Cybersecurity Account Manager,Nucleus Software Exports
Andrea Flores,"May 18, 2025",Monticello,Early childhood education,Salus University,IT Analyst,Dolphin Sutures
Andrew Morales,"September 10, 1946",Benton City,Advertising and public relations,Cuesta College,Global SRE Manager  Cloud Operations,Virtuoso
Kathleen Garcia,"December 8, 1946",Lander,Science and computer teacher education,Chisholm Trail Technology Center,Senior System Engineer,Tetra Pak
Sharon Cross,"July 3, 2025",Arnoldsville,Oceanography,Texas State Technical College Harlingen,Signal Integrity Engineer (Co-op),Oaknorth Bank
Steven Johnson,"September 23, 2021",Claypool Hill,"Nuclear, industrial radiology, and biological technologies",Toni & Guy Hairdressing Academy-Coeur D Alene,Global SE Director  GPCS and Aperture,SKS POWER GENERATION
Ryan Santos,"July 4, 2005",Crestone,Miscellaneous social sciences,New Brunswick Theological Seminary,Group Product Manager,Cholamandalam MS General Insurance
Maureen Nixon,"June 7, 2015",Bayview,Economics,Daymar Institute-Murfreesboro,Sales,Desnor Destination
Larry Henderson,"August 4, 1956",Algonquin,Communication disorders sciences and services,Tennessee Technology Center at Memphis,Wireless Technician II,Country Delight
Thomas Friedman,"January 18, 1965",Watson,Astronomy and astrophysics,Canton City Schools Adult Career and Technical Education,Business Intelligence Analyst,Gj Solutions
Jennifer Greene,"December 5, 2000",West Haven,Human resources and personnel management,Howell Cheney Technical High School,Software Engineer,Nitco
Eileen Valdez,"November 4, 2025",Martin,Pre-law and legal studies,National Personal Training Institute of Colorado,Senior Security Engineer,Nv Group
Michael Roberson,"June 6, 2020",Gaylord,Library science,Empire Beauty School-York,Software Engineer,Qube Cinema Technologies
Steven Weeks,"January 17, 2017",Mio,Mathematics and computer science,La Baron Hairdressing Academy-Overland Park,Inside Systems Engineer,Japfa Comfeed
Adam Jackson,"May 9, 1955",Whitehaven,Human services and community organization,Wytheville Community College,Solution Engineer,Vedanta Limited
Sherry Tapia,"July 23, 2019",Joseph City,Physical and health education teaching,Carrington College California-Antioch,Technical Lead / Senior Software Engineer,Zynova Shalby Multispecialty Hospitals
Alisha Lewis,"October 3, 1985",Crestview,Intercultural and international studies,Salve Regina University,Senior Manager  Ad Operations,Ronch Polymers
Tyler Salazar,"February 16, 1954",Lee,English language and literature,Brown College-Brooklyn Center,Senior Backend Developer,RSWM
Frank Francis,"November 28, 1941",Halls,Miscellaneous engineering technologies,Johnson College,Staff Software Engineer,Toto India Industries
Suzanne Wagner,"February 21, 1931",Abercrombie,Genetics,Anthem Institute-Manhattan,Recruiter,C2L BIZ
Robert Campbell,"September 5, 1935",Newport East,International relations,ITT Technical Institute-Mobile,Senior Technical Leader ( SP  Lead DC/Cloud Architect) -Services CTO group,Hi Tech Projects
Jim Newton,"March 20, 2020",West Point,Biomedical engineering,The English Center,Technical Program Manager,Karuna Management Services
Sarah Shelton,"March 10, 1943",Clarcona,Animal sciences,Cleveland Clinic Health System-School of Diagnostic Imaging,Software Development Engineer (Enterprise Networking),Victora Group
Alexis Kim,"July 7, 1996",Tatitlek,Physical sciences,Rockford University,Senior BI Consultant,Bajaj Allianz
Brian Taylor,"March 28, 1931",Red Cross,Music,Brighton Center's Center for Employment Training,Director  Video Cloud Services,Delux Bearings
Carlos Olsen,"October 23, 2005",Fenton,Psychology,ITT Technical Institute-San Diego,Network Consulting Engineer / Network Security Architect,Eurolife Healthcare
Kelly Kennedy,"March 31, 2013",Parkerfield,Ecology,National University College-Bayamon,Account Executive,Tecosim Engineering Services
Kara Sandoval,"April 28, 1990",Outlook,Economics,Tulsa Technology Center-Riverside Campus,Data science Manager,Freelancer.com
Kyle Burke,"July 9, 1974",Luzerne,Cosmetology services and culinary arts,Pacific School of Religion,Senior Partner Account Manager - AT&T Channel,Relevantz Technology Services
Haley May,"April 26, 2021",Elbe,Nursing,Delaware Valley College,Portfolio and Release Management,Birla Open Minds International School
Jeffrey Ayala,"March 28, 1975",Aspers,Astronomy and astrophysics,New York Career Institute,Recruiter,Valued Epistemics
Kevin Benson,"April 26, 1977",Barada,Miscellaneous education,Northcentral Technical College,Services Engineer,World Health Organization
Rachel Bradley,"May 24, 1942",Cynthiana,Physical and health education teaching,US Grant Joint Vocational School,Technical Solutions Manager,TDK India
Dana Chapman,"August 27, 1995",Pierceton,Construction services,Harris School of Business-Voorhees Campus,IoT Directorate Member,Ipca Laboratories
Michael Henderson,"April 6, 1980",Milford,Computer and information systems,Methodist College,Chief Technology Officer,Bravura Solutions
Eric Thomas,"May 2, 1930",Winnetoon,Industrial and manufacturing engineering,ITT Technical Institute-Charlotte South,Lead Technical Marketing,Adroit Synergies
James Harrison,"June 24, 1997",West Haverstraw,Military technologies,Westwood College-Annandale,Consulting Engineer,PropTiger.com
Scott Anderson,"August 13, 1954",Mexico,Treatment therapy professions,Lees-McRae College,Senior Software Engineer/Team Lead,DHL Global Forwarding
Amber Crawford,"September 18, 1961",Rutherford,Metallurgical engineering,Miller-Motte Technical College-North Charleston,Data Engineer,Zeta
Melissa Jones,"January 11, 1959",Spanish Fork,Animal sciences,The Art Institute of Ohio-Cincinnati,Dev and Test Infrastructure Intern,Uttam Toyota
Jeremy Silva,"April 16, 1947",Renner Corner,Medical assisting services,Daymar College-Online,Senior Cross-Functional Program Manager,Renishaw
Angela Parks,"July 8, 2017",Wright City,Genetics,Alpena Community College,Sales Manager - Oracle Business Analytics,Imerys
Caitlyn Clark,"June 11, 2014",Geneseo,Architectural engineering,Lycoming College,Market Research Analyst,Himatsingka Seide
Jennifer Norman,"November 14, 1935",Freeville,Zoology,ITT Technical Institute√Huntington,Network Consulting Engineer,Capco Technologies
James Washington,"June 27, 1938",Good Thunder,Business economics,Harvard University,Senior Systems Engineer,Plintron Global Technology Solutions
Michelle Sanders,"October 25, 1937",Waldport,Engineering mechanics physics and science,Quest College,Systems Engineer,Patel Infrastructure
Ashley Stokes,"April 16, 2006",Maysville,Materials engineering and materials science,Hebrew Union College-Jewish Institute of Religion,Software Engineer,Ajmal Perfumes
Jennifer Ray MD,"July 28, 1990",East Orange,Physical fitness parks recreation and leisure,Concordia University-Chicago,Technical Account Manager,Kamdhenu
Paula Case,"June 20, 2006",Northfork,Mining and mineral engineering,Pace Institute,Global Accounts Sales Engineer,Gsp Power Projects
Ryan Skinner,"February 6, 1973",Pulaski,Mathematics and computer science,Western Area Career and Technology Center,Network Consulting Engineer,Buhler
Sharon Cochran,"March 8, 1957",Sheridan,Interdisciplinary social sciences,Huertas Junior College,Software Engineer - Cloud,Capricot Technologies
Jacob Allen,"October 2, 1973",Hilbert,Criminal justice and fire protection,Worsham College of Mortuary Science,Lead Product Marketing Manager,C.R.I. Pumps
Kenneth Williams,"October 5, 1956",Helotes,Health and medical administrative services,Le Cordon Bleu College of Culinary Arts-St. Louis,Recruiter,Procter & Gamble
Bonnie Barnes,"December 12, 1987",Ivy,Computer and information systems,Long Island Business Institute,Software Engineer,L&T Infrastructure Development Projects
Cody Hoover,"July 15, 2017",Cowley,General business,Kennesaw State University,Senior Director  Engineering,Markem Imaje
Barbara Wall,"April 22, 1998",Fairview,Health and medical administrative services,Latter-day Saints Business College,Software Developer and Integrator,ITSource Technologies
Stephen Ross,"October 16, 2018",Gadsden,Soil science,University of Maine at Farmington,Global Manager - Free Trial Adoption,Karvy Financial Services
Sharon Cross,"July 3, 2025",Arnoldsville,Oceanography,Texas State Technical College Harlingen,Signal Integrity Engineer (Co-op),Oaknorth Bank
Claudia Rice,"April 28, 1976",Dexter,Business management and administration,Long Island Business Institute,Head of Backend Software Development,Amphenol Omniconnect - India
Kimberly Jones,"January 25, 2025",Holmes Beach,Business management and administration,Sanford-Brown Institute-Jacksonville,Software Engineer,Meru cabs
Kelly Rodriguez,"March 17, 1966",Jemez Springs,Mechanical engineering,Regency Beauty Institute-Copperwood,Technical Marketing Engineer,Cerium Systems
Robert Vazquez,"March 5, 1984",Bradford,Engineering and industrial management,Kaplan University-Cedar Rapids Campus,Software Engineer,Allset Business Solutions
Victoria Hobbs,"June 20, 1947",Wichita Falls,Animal sciences,Connecticut Center for Massage Therapy-Groton,Technical Marketing - Enterprise and Datacenter Switching,CPC Diagnostics
Jason Graves,"June 1, 1940",Kenai,Language and drama education,Cisco College,Senior Software Application Engineer,Systra Consulting
Brett Owen,"November 23, 1931",Iron Junction,Elementary education,Embry-Riddle Aeronautical University-Prescott,Site Reliability Engineer,Me n Moms
Alejandro Campbell,"April 29, 2021",Kings Park West,Science and computer teacher education,Riverside Hairstyling Academy,Technical Support Engineer,iPlaceUSA
Julie Rose,"January 9, 1956",Syracuse,School student counseling,Jacksonville University,Software Engineer II,Apollomedics Super Speciality Hospitals
David Yoder,"March 31, 1960",Newton,Industrial production technologies,St. Cloud Technical and Community College,Senior Technical Program Manager,Zoho
Katie Mitchell,"January 22, 1953",Wynne,Multi-disciplinary or general science,Augusta School of Massage,Premium Support Engineer,Formidium Corp
Raymond Porter,"October 16, 1952",Carlton,Human resources and personnel management,Empire Beauty School-Pottsville,Founder,Sobha Projects and Trade
Lee Perez,"November 1, 1940",Goodnews Bay,Miscellaneous biology,Aveda Institute Denver,Senior IT Instructor and Consultant,GMR Energy
David Garcia,"July 20, 1940",King William,Language and drama education,University of Rhode Island,Software Engineer,J. M. Mhatre Infra
Jonathan Torres,"July 7, 2019",Dennison,Finance,Houston Community College,Software Engineer,Dell EMC
Kenneth Walsh,"July 21, 2022",Hazleton,Art and music education,Omega Institute of Cosmetology,Software Engineer,Academor
Gary Yu,"June 2, 1990",Hurstbourne,Court reporting,La Belle Beauty School,Principal Architect,Arohan Financial Services
Cheyenne Horton,"March 15, 1953",Birdsong,Civil engineering,Kutztown University of Pennsylvania,Network Solution Architect  AS Central Engineering,Newton School: Pay after Placement
Kelly May,"October 25, 1970",Wapella,Sociology,Shasta College,Design Verification Engineer,Comcast India Engineering Center
Scott Herrera,"March 2, 2001",Grand Forks,Geological and geophysical engineering,Hair Expressions Academy,Software Engineer II,SiliconIndia
Claudia Black,"April 9, 2012",Montpelier,Neuroscience,Southern Oklahoma Technology Center,Senior Tibco Engineer,BlueBinaries Engineering and Solutions
Mandy Lee,"September 1, 1947",Kansas,Film video and photographic arts,Camelot College,Senior Software Engineer in Test,Lanco Amarkantak Power
Jasmine Day,"July 1, 1975",Offerman,Genetics,Evans Hairstyling College-Cedar City,Lead Technical Architect,Vogo Automotive
Angela Gilmore,"May 18, 1998",Southside Chesconessex,Clinical psychology,Indiana Institute of Technology,Senior Devops Engineer,Grass Roots Research & Creation
Justin Stone,"October 1, 2023",Corn Creek,Microbiology,Cloyds Beauty School 1 Inc,Senior Software Engineer,CREW(P)LTD
Sharon Santos,"December 4, 2004",Roosevelt,Advertising and public relations,Ohio Center for Broadcasting-Cincinnati,Physical Security Engineer,Reliance Industries
Michelle Mitchell,"May 12, 1994",Ainaloa,Computer and information systems,Savannah State University,Chief Of Staff to CEO,Coastal Marine Construction & Engineering
Elizabeth Wall,"October 13, 1996",Leisuretowne,Sociology,Choffin Career  and Technical Center,Senior Software Engineer,Jyothy Labs
David Anderson,"January 13, 2024",Mayville,Soil science,The Southern Baptist Theological Seminary,Featured Speaker / Guest Lecturer,N K Buildcon
Ashley Herring,"February 10, 2007",Pollocksville,Materials engineering and materials science,Trend Barber College,Enterprise Account Manager,Philips Domestic Appliances India
Shannon Jones,"December 28, 1987",Ashton,Music,Empire Beauty School-Appleton,Enterprise Directory Services Operations Lead,Joyalukkas
Holly Underwood,"June 18, 1941",Wilsonville,Astronomy and astrophysics,LA Barber College,Java Architect,Inspirisys Solution
Carol Jackson,"November 13, 1964",Bagdad,Music,Sioux Falls Seminary,Quality Assurance Engineer,Knight Frank
Alexander Greene,"March 9, 1930",Newport,Biomedical engineering,Tarleton State University,Site Reliability Engineer,Glenmark Life Sciences
Tyler Roy,"November 2, 2020",Fort Garland,Criminology,Bluefield State College,Data Engineering Manager,Zovian Technologies
Richard Hunt,"March 15, 1933",Parshall,Humanities,Pennsylvania State University-Penn State Altoona,Site Reliability Engineer,OEG INDIA
Clinton Moore,"May 5, 1951",Trinity,Mass media,American Sentinel University,Account Executive,AppLogiQ
Timothy Wang,"August 16, 2020",Winchester Bay,Chemical engineering,Healing Hands School of Holistic Health,Head Of Information Technology  Vice President,Amentum
Betty Vazquez,"March 29, 2024",Roberts,Natural resources management,Manchester Beauty College,Product Manager IoT,Isgec Heavy Engineering
Theresa Torres,"March 20, 1985",Montague,Art history and criticism,Valley College-Martinsburg,Manager  Cybersecurity Architecture and Operations,Toyota Industries Engine India
Denise Wallace,"July 19, 1947",Corona,Biochemical sciences,Paul Mitchell The School-Arlington,Senior Product Manager,Carnival Group
Dawn Parker,"June 12, 1930",West Point,Liberal arts,Coast Career Institute,Product Manager,Target
Jessica Manning,"January 10, 1930",Fellows,Film video and photographic arts,Lamar State College-Port Arthur,Software Engineer,Lince Soft Solutions
Brent Roberts,"May 18, 1938",Roxana,Botany,New Dimensions Beauty Academy Inc,Global Marketing Leader  at Cisco Systems,UMSL
Sean Wagner,"October 23, 1938",New Schaefferstown,International relations,Miller-Motte Technical College-Macon,Principal Solutions Architect,Amagi Media Labs
Michael Wiggins,"December 8, 1993",Max,Interdisciplinary social sciences,Meredith College,Senior Manager  Advanced Services - Federal,Maharashtra State Electricity Distribution Company
Tyler Dominguez,"March 30, 2005",Herbster,Early childhood education,Healing Arts Institute,President,DRN Infrastructure
Chad King,"June 14, 2018",Seneca,Public administration,Salon 496 Barber Academy,Senior Full Stack Java Software Engineer,SKS POWER GENERATION
Kenneth Murphy,"September 27, 1936",Dansville,Computer administration management and security,Howard University,Senior Counsel,Caretel Infotech
Katherine Greene,"September 18, 1955",Sheffield,Atmospheric sciences and meteorology,Flair Beauty College,Software Engineer,Ebixcash Global Services
Susan Melendez,"January 19, 1948",Caroga Lake,Social work,Sanford-Brown Institute-Pittsburgh,Senior Cybersecurity Instructor,Fipola Retail
Bradley Harmon,"June 27, 1991",Draper,Nutrition sciences,Freed-Hardeman University,Program Manager,Invenio Business Solutions
Vanessa Morris,"November 11, 2011",Cresco,Pre-law and legal studies,ITT Technical Institute-Fort Lauderdale,Member of CCIE Advisory Council,Grundfos Pumps
Joel Cook,"January 20, 1963",Puerto Real,Physiology,Carolina Christian College,Localization Producer,Kapil Chit Funds
Dennis Thompson,"July 24, 1974",Derby,Counseling psychology,Everest College-Torrance,Senior DevOps Consultant,Honda
Anthony James DVM,"October 11, 1960",Glencoe,Clinical psychology,Sebring Career Schools-Houston,Senior Client Account Manager- Trusted Cyber Security Advisor,Sagar Hospital
Rachel Miller,"January 31, 1951",Jamestown West,Miscellaneous biology,The Art Institute of Atlanta,Software Development Engineer in Test II,Boston Scientific
Holly Valentine,"November 10, 1977",Lincoln Park,Miscellaneous business & medical administration,Nuvo College of Cosmetology,CSG Product Senior Manager,H&R Block
Timothy Smith,"April 25, 1950",Cambrian Park,Transportation sciences and technologies,South Texas Vocational Technical Institute-McAllen,Enterprise Applications Sales Manager - Oracle Marketing Cloud,Sraco
Savannah Johns,"October 15, 1986",Athens,Hospitality management,Yeshiva Gedolah of Greater Detroit,Consulting Engineer.Collaboration Solutions,Navitasys India
Mrs. Heather Meyers,"August 9, 2025",Atlanta,Special needs education,Manatee Technical Institute,IT Consultant,Suroj Buildcon
Sarah Meadows,"November 29, 2010",Burlington,Miscellaneous agriculture,Nebraska Wesleyan University,Embedded System Engineer -AI Robotics,Country Holidays Inn & Suites
Briana Curry,"June 6, 2019",Raubsville,Medical assisting services,Clinton Community College,Senior Product Marketing Manager - Azure Machine Learning  Microsoft Cognitive Services,Amazon Distributors
Patricia Mitchell,"September 22, 1998",Womens Bay,Mathematics,Everest Institute-Grand Rapids,Director  Network Engineering IoT BU,AMW Motors
Savannah Stokes,"June 8, 1931",Paul Smiths,Humanities,Expertise Cosmetology Institute,Software Engineer II,iServices
Donna Dunn,"September 7, 2005",Malone,Human services and community organization,Bay State School of Technology,Territory Account Manager  Channel Sales,Faasos Food Services
Michael Gibbs,"March 11, 1958",Effingham,Public policy,Ohio University-Southern Campus,Senior Software Engineer,An Pharmaceuticals
Daniel Chen,"October 5, 1983",Albrightsville,Commercial art and graphic design,Somerset Christian College,Domain Architect,Halonix Technologies
Amber Burns,"January 10, 1957",Tucson,Astronomy and astrophysics,Marion Technical College,Director  Product Management  ITSM,Pricol Engineering Industries
Kayla Waters,"June 15, 2012",Loretto,Naval architecture and marine engineering,International Air and Hospitality Academy,Front-End UI Developer,Jabil Circuit India
Anthony Cook II,"December 2, 1989",Longoria,Medical assisting services,Dordt College,Data Analytics & Wrangling Engineer,LG Electronics
Anna Henderson,"February 7, 1983",Trent,Communication disorders sciences and services,Rollins College,Software Engineer,Bharat IT Services
Natalie Mitchell,"April 14, 2022",Flemington,Economics,Princeton University,Network Security Engineer,Bony Polymers
William Edwards,"October 14, 1997",Riverdale,Journalism,Unitech Training Academy-Alexandria,Director  Software Development,Great Champ Technology Limited
David Hamilton,"June 24, 1930",Baker City,Industrial and organizational psychology,Blessing Rieman College of Nursing,Vice President of Engineering,Heavy Engineering Industries & Shipbuilding
Michael Neal,"September 21, 1965",Byram,Hospitality management,Pima Medical Institute-East Valley,Technical Leader - Services,Apicore Pharmaceuticals
Taylor Bates,"June 27, 2020",Wayland,Biological engineering,Colorado State University-Fort Collins,Distinguished Engineer,Career Point
Nathaniel Wright,"October 26, 2023",Kitzmiller,General social sciences,ITT Technical Institute√Tallahassee,Software Engineer,Coherent Market Insights
Bobby Brown,"November 24, 1941",Bergenfield,School student counseling,ITT Technical Institute-Phoenix West,Instructor,DWD Pharmaceuticals
Patty Perez,"June 9, 2011",Del Rio,Liberal arts,Fulton-Montgomery Community College,Technical Lead,Skymet Weather Services
David Carter,"December 1, 1959",Gloverville,French german latin and other common foreign language studies,Stevens-Henager College-Logan,Senior Product Manager,Prolific Systems & Technologies
Victor Moore,"December 12, 1952",Donnelly,Finance,Tricoci University of Beauty Culture-Chicago,Security Engineer,K & J Project
Charles Robinson,"December 1, 1967",Burlington,Engineering and industrial management,Serbias Technical College,Owner,Presto Stantest
Raymond Harris,"September 12, 1966",Castle Point,Mass media,Marion S Whelan School of Nursing of Geneva General Hospital,Product Manager,Optimus Information
Joseph Mendoza,"January 30, 2019",Cheboygan,Construction services,Austin's School of Spa Technology,Business Analyst,JPAL
Rebecca Nicholson,"November 17, 1986",West Leechburg,Social science or history teacher education,Career Training Academy-Monroeville,Solutions Architect,NewAge Software & Solutions
Justin Bishop,"December 19, 1970",Laddonia,History,Boulder College of Massage Therapy,Financial Operations Analyst,SquadStack
Michael Bennett DVM,"August 1, 1983",New Richmond,Other foreign languages,Seward County Community College and Area Technical School,Director - Hosting and Connectivity Svcs/Internal Network Svcs  Business Technology - Infrastructure,Delhi World Public School
Andrew Fernandez,"July 8, 1951",Hesperia,Miscellaneous business & medical administration,Triangle Tech Inc-Erie,DevOps Technolgy Manager,Sfc Solutions
Carlos Sawyer,"August 16, 2023",Manchester,United states history,PC Age-Edison,Senior Site Reliability Engineer,UNext
Alfred Galvan,"October 30, 1979",Morse,Miscellaneous business & medical administration,Little Priest Tribal College,DevOps engineer,Geetanjali Medical College and Hospital
John Anderson,"May 23, 1930",Table Grove,Art and music education,Empire Beauty School-Portsmouth,PMM Lead,Anand Rathi: Online Stock Trading & Advisory
Laurie Vargas,"August 15, 2010",Rowena,Finance,Kiamichi Technology Center-Atoka,Tools Developer,ESIC Medical College and Hospital
Micheal Miller,"January 28, 2002",Vallonia,Social psychology,Diamond Beauty College,Manager  Information Technology (HRIS/Workday),Navitasys India
William Graham,"October 19, 2020",Sumner,Business management and administration,Tompkins Cortland Community College,Account Manager,Acmegrade
Michelle Krause,"April 3, 1949",Richboro,Nutrition sciences,George C Wallace State Community College-Dothan,Senior Consultant,Mothercare
Christine Jennings,"October 1, 1967",Avondale,Composition and rhetoric,Gallipolis Career College,Design Verification Engineer,Indo Schottle Auto Parts
James Bennett,"February 20, 2009",Cornish,Interdisciplinary social sciences,Piedmont Community College,Product Manager,Oasis
Shannon Casey,"January 8, 2004",Milton,Computer programming and data processing,Rice University,Customer Support Associate,Wipro Digital
Richard Best,"March 22, 2024",Aledo,Animal sciences,Ithaca College,Design Verification Engineer,ESDS Software Solutions
Jeffrey Roberson,"June 27, 1986",Hazel Crest,Biochemical sciences,Lebanon College,Software Engineer,JUNIPER GREEN ENERGY
Michelle Harris,"October 4, 1936",Marrowbone,Biochemical sciences,Advance Beauty College,Partner Sales Manager  Google Cloud,Milk Mantra Dairy
Taylor Salinas,"March 31, 1975",Alton,Pre-law and legal studies,Orange-Ulster BOCES-School of Practical Nursing,Senior Software Development Engineer Test Talos Security Intelligence and Research group,PhableCare
Michelle Thomas,"April 11, 1937",Downsville,Miscellaneous education,Blue Cliff College-Shreveport,R&D Engineer SW Quality,Rio Tinto
Kathryn Scott,"December 3, 2003",Raiford,Criminal justice and fire protection,Victoria College,Senior Infrastructure Services Analyst - Data Center Operations,Pixon Energy
Alfred Henry,"February 4, 1943",Archer Lodge,Social work,Advance Science Institute,Senior Sofware Engineer,ITCONS e-Solutions
Tanya Hall,"November 14, 1943",Glen Haven,Engineering technologies,Lake Superior College,Strategic Account Manager,Chitkara University
Lawrence Harrington,"September 5, 2007",Borup,Botany,West Texas A & M University,Sales Engineer,Milkbasket
David Alexander,"May 4, 2000",Luther,Social science or history teacher education,Northwest Aviation College,Platform Engineering  Staff Software Engineer,Zeno Health
Grace Nichols,"November 13, 2005",Altoona,Clinical psychology,Broadview University-West Jordan,Senior Java Developer,Maharishi Ayurveda Products
Chris Velazquez,"July 16, 1963",Elmer,Information sciences,Miami University-Middletown,Site Reliability Engineer,NIELIT
Amber Meza,"October 18, 2006",Diamondhead,Multi/interdisciplinary studies,Pennsylvania State University-World Campus,Senior Staff  Professional Services,Hyoseong Electric
Shawn Brooks,"July 1, 1999",Edgewater,Hospitality management,Academy of Cosmetology Inc,Senior Engineer,Diageo
Bridget Carter,"November 8, 1990",Central Pacolet,Miscellaneous engineering technologies,Gadsden State Community College,Business Development Manager  Data Center Solutions,NDS InfoServ
Maurice Estes,"July 25, 1944",Leisuretowne,Special needs education,University of Colorado Denver,Solutions Engineer,Toppscholars
Randy Flores,"August 16, 1991",Big Sandy,Neuroscience,Cosmetology Schools Inc,Release Program Manager,Amphenol Fci
Andre Terrell,"June 25, 1958",New Grand Chain,Microbiology,ITT Technical Institute-Atlanta,Senior Product Manager (Enterprise Payment  Reward Programs  Fees Microservices),SIP Academy
Stacy Bailey,"April 10, 1970",North Beach,Business management and administration,European Massage Therapy School-Skokie,Software Research Development,Railrestro.com
Kimberly Valenzuela,"September 13, 1939",Greensburg,N/a (less than bachelor's degree),South Hills Beauty Academy Inc,President/Owner,Sigachi Industries
Michael Lindsey,"December 13, 2003",Round Lake,Animal sciences,American Career Institute-Wheaton,Senior Software Developer,Special Technical Services
Sherri Baker,"January 15, 2015",Enoch,Transportation sciences and technologies,Aveda Institute-Lafayette,Biometrics Recruiter,Unity Small Finance Bank
Susan Bryant,"September 19, 2024",Coon Rapids,Cognitive science and biopsychology,Central Oregon Community College,Director  Collaboration Practice,HH Global
Nicole Cox,"April 17, 1940",Esmond,Mechanical engineering,El Centro College,Senior Systems Engineer,Mars International India
Matthew Morgan,"May 19, 1959",Cobbtown,Business economics,National College-Canton,Senior Manager  Demand Planning and Logistics,Xome
Oscar Carroll,"December 2, 2005",Roy,Nuclear engineering,Euphoria Institute of Beauty Arts & Sciences-Summerlin,Founder  CEO & Chairman,Varroc Group
Christine Mullins,"November 24, 2019",Pioneer,Educational administration and supervision,Marist College,Senior Hardware/Systems Engineer,Zeta
Sabrina Chapman,"March 17, 1958",Palestine,Materials engineering and materials science,Western Dakota Technical Institute,Director of Technical Marketing,Cadmaxx Solutions
Katie Massey,"August 16, 1994",New London,Communication disorders sciences and services,Tooele Applied Technology College,Senior hadoop developer,Montecarlo Construction
Katherine White,"March 13, 1953",Knoxville,Miscellaneous education,"Southeastern Technical Careers Institute, Inc.",Software Engineer,Colourtex
Melanie Villarreal,"September 10, 1961",Mesa del Caballo,Architecture,The University of Texas Health Science Center at San Antonio,Senior Network Analyst,Dr. Balabhai Nanavati Hospital
Maria Wright,"July 15, 1975",Emmetsburg,Engineering technologies,University of Phoenix-Austin Campus,Business Operations Manager,Blue Consulting
Brad Rivas,"July 29, 2025",Antares,Health and medical preparatory programs,Chambersburg Beauty School,Global Azure Principal Solutions Specialist,DentalKart
Eric Fitzgerald,"July 10, 1992",Pawnee,Composition and rhetoric,University of Phoenix-Richmond Campus,Director  Product Management,Analytix Business Solutions
Christina Bates,"August 11, 1998",Great Falls,Physical fitness parks recreation and leisure,Gustavus Adolphus College,Network Services Manager,Unilog Content Solutions ( P)
Sarah Duncan,"October 5, 1986",Romney,Library science,South Hills Beauty Academy Inc,Vice President  Marketing,ACT Plast Paints
Valerie English,"April 12, 1992",Blowing Rock,Composition and rhetoric,Neumont University,Principal Software Engineer (Data Platform- Marketing Cloud),Safety Circle
Andrew Harris,"March 31, 1942",Bloomingdale,Health and medical administrative services,Bryan College of Health Sciences,Senior Software Engineer,Marine Electricals
Justin Potter,"February 8, 1957",Limestone,Treatment therapy professions,Medical Career Institute,Senior Data Analyst,HERE Technologies
Megan Knight,"April 21, 1940",Arma,Human services and community organization,Bennington College,System Test Engineer,MINISO
Richard Cooper,"May 4, 1995",South Connellsville,Botany,Palau Community College,Software Architect and Principal Software Engineer,Dr. Ram Manohar Lohia Hospital
Adam Riddle,"November 18, 1967",Ugashik,Family and consumer sciences,Wesley Theological Seminary,Technical Project Manager,Ameyo
Kaitlyn Warren,"October 28, 2018",Mount Briar,Materials science,Everest College-Anaheim,Contract Technical Recruiter,Magus Customer Dialog
Brian Hendricks,"December 26, 1940",Bloomfield,Chemistry,Liceo de Arte-Dise-O y Comercio,Solutions Architect,MamaEarth
Thomas Murphy,"September 23, 1944",Danbury,Geography,Morrison University,Client Sales Executive,Vesuvius
Billy Duran,"September 4, 1956",Teays Valley,Special needs education,Norwich University,Senior Manager Service Operations and Inside and Outsource Service Sales,Aurus
Tracy Santiago,"March 24, 1994",Towner,Film video and photographic arts,Goddard College,Senior Customer Support Engineer,Maya Academy of Advanced Cinematics
John Todd,"October 3, 1993",Collierville,Psychology,Board of Trustees-Mississippi State Institutions of Higher Learning,Site Reliability Engineer,Trident Automobiles
Judith Myers,"April 9, 1996",Ellenboro,Special needs education,Jones College-Jacksonville,Global Solutions Architect,JNET Technologies
Victor Baker,"October 22, 1969",New Burlington,Miscellaneous psychology,Providence College,Director  Customer Experience,American Axle & Manufacturing
Paul Bradshaw,"August 8, 1953",Powers Lake,Pharmacology,CDA Technical Institute,Sales Operations Specialist,Bird Worldwide Flight Services
Kathy Ortega,"March 2, 1945",Brainards,International business,Cuyahoga Valley Career Center,Senior Technical Sales Engineer,Star Cement
Dr. George Hernandez,"August 21, 2000",Oxford Junction,Chemistry,Beebe Medical Center Margaret H. Rollins School of Nursing,Senior Technical Support Engineer,Hyderabad Industries
Shawna Palmer,"February 23, 1943",Wales,Miscellaneous engineering technologies,Kaplan Career Institute-Franklin Mills,Financial Solutions Manager,Nova IVI Fertility
Stephen Young,"January 14, 1972",Avon,Language and drama education,Tennessee Technology Center at Knoxville,Solutions Architect,Softtech Engineers
Michele Ford,"August 24, 1940",Dublin,Educational psychology,College of Charleston,Senior Software Engineer,SPX Flow Technology
Christian Solis,"April 16, 2014",Houston,Public policy,Paul Mitchell the School-Rhode Island,Network Architect,Asian Colour Coated Ispat
Stephanie Salinas,"May 13, 1974",Tehama,Engineering and industrial management,Northeast Mississippi Community College,Google Cloud Certification Development & Marketing Program Manager - Consultant,ITC Group
Patrick Moore,"January 1, 1939",Mesilla,Architectural engineering,The University of Texas Health Science Center at San Antonio,Employee Mobility Services,CreditAccess Grameen
Donald Wallace,"September 15, 2017",Hicksville,Aerospace engineering,Daymar College-Bellevue,Salesforce Consultant,Williams Lea
Gregory Madden,"October 15, 1976",Highland Beach,Philosophy and religious studies,Eastern Washington University,Building Engineer,MAMTA Health Institute for Mother and child
Ashley Duran,"June 19, 1979",Gilman,Physical sciences,"Colegio de Cinematograf?a, Artes y Television",Consulting Solutions Architect,Telligent (A Verint Company)
Krista Benton,"May 17, 1970",Alachua,Teacher education: multiple levels,Gary Manuel Aveda Institute,Senior Escalation Engineer,Sobha Engineering Contracting
Emily Robinson,"December 13, 2011",Greenfield,Architectural engineering,Stephens College,Software Engineer 3,QUICK HEAL TECHNOLOGIES
Michelle Jacobs,"July 25, 2024",Bassett,Social science or history teacher education,University of Phoenix-Colorado Campus,Director  Technical Assistance Center,Market Research Future Reports
Benjamin Wilson,"April 1, 2013",Wye,Construction services,Utah College of Massage Therapy Inc-Utah Valley,Systems Engineer,TVS Sundram Fasteners
Melinda Jacobs,"September 27, 1941",Sandston,Applied mathematics,Carrington College California-Antioch,Senior Director  SAP Experiential Marketing Strategy & UX,Spacewood
Eric Cox,"December 15, 2020",East Dailey,Sociology,Saint Vladimirs Orthodox Theological Seminary,Partner and Managing Director,Featherlite
Tara Thomas,"January 13, 1941",Fort Valley,Miscellaneous agriculture,Carlson College of Massage Therapy,Software Engineer,AVRA Laboratories
Ms. Janet Leonard,"November 27, 2015",Westover,Soil science,Dade Medical College-Miami,Account Executive,GKN Sinter Metals
Tammy Solis,"March 4, 1989",Highlands Ranch,General social sciences,L'Ecole Culinaire,Product Cybersecurity Vehicle Access and Theft Lead,UpMan Placements
Deborah Shaw,"September 26, 2002",Santa Rosa Valley,Family and consumer sciences,Soka University of America,Embedded Software Engineer,VDA Infosolutions
James Anderson,"May 11, 1958",Tontogany,Agricultural economics,Capri School of Hair Design,DevOps Engineer,Scymes Services
Elizabeth Sanchez,"January 7, 1960",Kalama,Agriculture production and management,Pat Goins Benton Road Beauty School,Enterprise Systems Engineer,Future Lifestyle Fashion
Olivia Berry,"September 19, 1998",Missouri City,General agriculture,John Hancock University,Lead Software Engineer,Dunzo
Michael Spencer,"May 18, 1962",Saltillo,Nutrition sciences,College of San Mateo,Software Engineer,LabCorp
Joanna Carpenter,"October 2, 1952",Proctor,Health and medical administrative services,Worcester Polytechnic Institute,Software Engineer III,Onicra Credit Rating Agency
Michael Bell,"October 30, 1971",Wauhillau,Social science or history teacher education,B Street Design School of International Hair Styling-Manhattan,Senior Member of Technical Staff,Dassault Systemes
Kimberly Ward,"November 24, 1994",Prairie du Chien,Mathematics teacher education,Bowie State University,Senior Engineer,Inditex
Daniel Wheeler,"September 8, 2020",Kinbrae,Industrial and manufacturing engineering,Ayers Career College,Case Team Leader,Azad Engineering
Mr. Larry Shaw,"August 19, 2000",Loma,Geological and geophysical engineering,Davidson County Community College,Software Developer,JSW Bhushan Power & Steel
Angela Colon,"April 26, 2006",Josephine,Physical sciences,Carver Career Center,Founder,Transact Global
Timothy Romero,"December 24, 1931",Linn Creek,United states history,Palo Alto College,Technical Services: Cisco TAC  IOS XR/CRS,Indian Institute of Science Education and Research
Julie Wallace,"November 16, 1965",Barrington,Physical sciences,St. John's University-New York,Software Engineer,Burckhardt Compression
Jennifer Parker,"October 11, 1947",Maple Plain,Library science,Empire Beauty School-Nashville,Pre-Sales VOIP Engineer,Adecco Group
Lance Lynn,"August 17, 2020",Virden,International business,Inver Hills Community College,Software Engineer,Alivira Animal Health
Jason Neal,"November 24, 1958",Emory,Commercial art and graphic design,University of Phoenix-Northern Virginia Campus,Sales Engineer,Xerox
Anita Chapman,"February 11, 1948",Kiskimere,Physical fitness parks recreation and leisure,Modern Beauty Academy,Security Advisory Services Team: Security Engineer Intern,Ven Consulting
Bridget White,"July 16, 1960",Ona,Community and public health,Walsh College of Accountancy and Business Administration,Software Developer,Shipping Corporation of India
Bonnie Santos,"April 20, 1930",Pacolet,Economics,Career Development Institute,Lead DevOps/Database Engineer,ContinuServe Softech India
Philip Hodges,"August 10, 2016",River Rouge,Zoology,Colorado School of Traditional Chinese Medicine,Fulfillment Center Associate 1,SEABIRD LOGISOLUTIONS
Adam Evans,"November 19, 1952",Taft,Oceanography,Kaplan Career Institute-Broomall,Software Engineer,Pebs Pennar
Nicholas Floyd,"December 24, 1972",Middleborough Center,Business management and administration,Trinity College,Manager  Customer Success,Enzen Global Solutions
Stephen Parks,"January 22, 2023",Whitten,Communications,Moler Barber College,QA Automation Engineer II,Crompton Greaves Consumer Electricals
Abigail Baird,"November 29, 1930",Orient,Nutrition sciences,Johnson C Smith University,Enterprise Sales Engineer,SDG Software
Rebecca Ross,"January 2, 1983",Twinsburg Heights,Operations logistics and e-commerce,Professional Electrical School Inc,Technical Program Manager,Sitec Labs
Vanessa Martinez,"September 10, 1938",Abbeville,Social science or history teacher education,Concorde Career Institute-Dallas,Senior Software Consultant,NetConnectGlobal
Carlos Olsen,"October 23, 2005",Fenton,Psychology,ITT Technical Institute-San Diego,Network Consulting Engineer / Network Security Architect,Eurolife Healthcare
Kevin Anderson,"December 28, 1976",St. Francisville,Industrial production technologies,Johns Hopkins University,Senior Staff Software Engineer,Toppscholars
Brendan Howard,"May 7, 1963",Melville,Miscellaneous engineering,Universidad Adventista de las Antillas,Product Manager,Indoco Remedies
Holly Sherman,"July 4, 1993",Vilas,Intercultural and international studies,Globe University-Woodbury,Cloud Consulting System Engineer,JNET Technologies
Amanda Novak,"November 15, 1934",Dayton,Commercial art and graphic design,South Texas Training Center,Corporation Innovation & Business Development,Dr. Willmar Schwabe India
Melinda Cox,"August 20, 1967",Hays,Agriculture production and management,Miami Ad School-San Francisco,Manager  Global Knowledge & Communities,Lenskart
Christopher Jensen,"February 22, 2022",Vernon Valley,Neuroscience,University of St Augustine for Health Sciences,Product Operations Manager,Hashedin By Deloitte
Arthur Mcneil,"July 30, 2011",Fort Ransom,Business economics,College of Hair Design,Software Engineer,Apollo Medskills
Kevin Clark,"August 21, 1948",Soap Lake,Intercultural and international studies,The Salon Professional Academy,Full Stack Web Developer,Ptc Industries
Garrett Wilson,"July 16, 2024",Wilkesboro,Computer programming and data processing,Huntington Junior College,Senior Healthcare Account Representative,Adbuffs
Timothy Wilkinson,"November 18, 1933",Woodloch,Film video and photographic arts,Portfolio Center,Product Manager (Salesforce)  IT Applications,Aptronix - Apple Premium Reseller
Sean Morrow,"January 28, 1971",Dumfries,Industrial and manufacturing engineering,InterCoast Colleges-Orange,Network and System Field Engineer,Office Beacon
Robert Andrews,"May 4, 1987",Valley View,Linguistics and comparative language and literature,Johnson County Community College,Lead Software Engineer,HLL Lifecare
Susan Sullivan,"October 24, 2024",Clearlake Riviera,Language and drama education,Marylhurst University,Product Manager,Kissht Finance
Kenneth Esparza,"July 7, 1979",La Grange,Communication disorders sciences and services,Renton Technical College,Senior Global PR and Social Media Consultant,PC Jewellers
Michelle Jones,"February 28, 1989",Mountain Home,Biology,Career Technical College-Monroe,Director Product Management,Classic Stripes
Colin Terry,"November 15, 1998",Pleasant Run Farm,International business,International Training Careers,Demand Gen Marketing Manager  Cloud Collaboration Group,Innovatiview
Amber Yang,"April 7, 2012",Buckley,Treatment therapy professions,San Diego Miramar College,Senior IT Instructor and Consultant,Woosu Automotive India
Joseph Brown,"October 20, 2012",Lakewood,Film video and photographic arts,University of Phoenix-Columbia Campus,Staff Engineer,PIX Transmissions
Rachel Curry,"August 30, 1976",Canton,Astronomy and astrophysics,Adler Graduate School,Engineering Program Manager,Welspun Global Brands
Stephanie Tucker,"May 21, 1984",Spanaway,General agriculture,University of Phoenix-Pittsburgh Campus,Senior Engineer System architecture(Network Performance),Wallace Pharmaceuticals
Earl Hall,"March 9, 1977",Tunnelton,Atmospheric sciences and meteorology,Forbes Road Career and Technology Center,Software Engineer II,Inventys Research
Jimmy Newman,"July 15, 1973",Flat Rock,Miscellaneous engineering,Mountain State University,Lead Instructor Software Engineering Immersive Full-time Boston,Kirloskar Pneumatic
Deborah Simon,"February 23, 1999",Wapella,Language and drama education,Platt Technical High School,Technical Project Manager,Jindal Saw
Nancy Jennings,"October 26, 2025",New Suffolk,Pharmacology,Buchanan Beauty College,Principal engineer,Piramal Foundation
Yolanda Anderson,"November 26, 1941",Madison,Physical sciences,Kankakee Community College,Release Manager,Chetana Publications
Crystal Mullen,"October 30, 2005",Plymouth Meeting,Biochemical sciences,University of Phoenix-Springfield  Campus,Senior Programmer/Financial Analyst,UNext
Mr. Micheal Ray,"December 11, 1969",Ramblewood,General medical and health services,Ronny J's Barber Styling,Data and Projects Analyst,Tirumala Milk Products
Jimmy Douglas,"June 29, 2008",Susan Moore,Environmental science,The University of Montana-Western,Enterprise Account Executive,YuppTV
Denise Mccann,"March 19, 1999",Melrose,Genetics,DeVry University-Pennsylvania,Senior Software Engineer,Sovereign Health
Cameron Russell,"November 22, 2001",Fontana,Humanities,Healing Hands School of Holistic Health,Software Engineer - Pixel,Care Hospital
Connie Miller,"May 21, 2025",Gulf Port,Architectural engineering,ITT Technical Institute-Boise,Software Developer,Amartex Industries
Michael Carter,"August 28, 1988",Bannock,Film video and photographic arts,ITT Technical Institute-Arlington,Principal Engineer,Sukhbir Agro Energy
Christopher Walker,"September 21, 1950",Mocanaqua,Environmental engineering,CUNY Brooklyn College,Subrogation Technician,_VOIS
Carl Leach,"August 28, 1981",Camp Three,Forestry,Continental School of Beauty Culture-Buffalo,Engineer - Consultant,Avanse Financial Services
Steven Shaw,"February 2, 1987",Schertz,Management information systems and statistics,Academy for Careers and Technology,Data Architect / Data Modeler / Automation Specialist,TMF Group
Lisa Grant,"September 13, 2011",Juncal,Film video and photographic arts,Clarion University of Pennsylvania,Senior Site Reliability Engineer  iTunes,Ester Industries
Lawrence Harrington,"September 5, 2007",Borup,Botany,West Texas A & M University,Sales Engineer,Milkbasket
Aaron Johnson,"February 5, 1997",Seibert,Finance,Florida Institute of Animal Arts,Manager  Product Marketing,Pace IIT & Medical
Sarah Sosa,"October 16, 2023",Crested Butte,Miscellaneous agriculture,Skyline College,Software Development Engineer,Sunflag Iron and Steel
Amy Moore,"November 27, 1971",Tonasket,Art and music education,University of South Carolina-Union,Senior Hardware Engineer  Special Projects,DEC Infra
Mariah Nolan,"October 5, 1972",Wolbach,Sociology,Medvance Institute-West Palm,Senior DevOps Engineer,Paramount
Jerry Baird,"October 1, 1976",Plainville,Nuclear engineering,Illinois School of Health Careers-O'Hare Campus,SENIOR DIRECTOR OF BUSINESS INTELLIGENCE,An Pharmaceuticals
Melissa Reeves,"September 20, 2011",Sylvanite,Social psychology,Kent State University at East Liverpool,Technical Lead,Dar Group
Joshua Perry,"February 17, 2020",Schaumburg,Chemical engineering,Regency Beauty Institute-Toledo,Software Quality Assurance Engineer(Decision Management Platform),Nutanix
Nicholas Franklin,"August 15, 1945",Heyburn,Materials science,Miami Ad School-New York,Account Manager,Pantaloons
Natalie Oconnor,"April 27, 1932",Leedey,Nursing,Dakota County Technical College,Voice/Video Engineer,Ramani Ice Cream Co.
Michael Dalton,"December 31, 2023",Caberfae,Miscellaneous biology,Spa Tech Institute-Westboro,Business Critical Services Project Manager,Nucsoft
Kevin Escobar,"April 8, 1930",Clever,Medical technologies technicians,Dutchess BOCES-School of Practical Nursing,Senior Software Engineer,Olectra Greentech
Earl Marquez,"December 12, 2004",Lemmon Valley,Teacher education: multiple levels,North-West College-Glendale,Senior Director,Farida Group
Emily Pearson,"May 10, 1985",Beaver Dam,Computer engineering,Ecotech Institute,Global Sales Executive,L&T Defence
Stephen Thompson,"February 16, 1995",Crows Nest,Biochemical sciences,Anthem College-Sacramento,Deal Desk Analyst,Napier Healthcare Solutions
Scott Smith,"July 17, 2025",Acres Green,Animal sciences,University of Arkansas at Little Rock,Enterprise Account Executive,Shreya Life Sciences
Carl Jones,"January 6, 1982",Rockingham,French german latin and other common foreign language studies,Carrington College-Phoenix Westside,Senior Manager  Product Communications,Wunderman Thompson
Melissa Bowen,"September 9, 1960",Broken Bow,Geology and earth science,Oswego County BOCES,Chief Of Staff & Transformation Office,Geeklurn
Michael Sloan,"January 25, 1975",Des Moines,Drama and theater arts,San Francisco Art Institute,Member of Technical Staff,Syneos Health
George Weber,"November 26, 1933",Poynor,Aerospace engineering,International Academy of Design and Technology-Troy,Architect,Pole To Win
Kathy Steele,"October 15, 2024",Villa Pancho,Industrial production technologies,Mesivta Keser Torah,Senior Software Engineer,Preet Tractors
Erin Jacobs,"October 16, 1995",Atkinson,Counseling psychology,Paul Mitchell the School-Colorado Springs,Executive and Internal Communications  Chief Information Security Officer,Reliance Projects & Property Management Services
Nicole Mills,"May 12, 1962",Birchwood,Miscellaneous fine arts,Odessa College,Senior Manager  Regional Sales,Mott MacDonald
Stephen White,"January 17, 1966",Brinckerhoff,Computer programming and data processing,Renton Technical College,Marketing Analytics & Insights  Senior Manager,Sterling Gtake E-Mobility
Anna Cantu,"August 9, 1949",Robbins,Physical sciences,Argosy University-Twin Cities,Software Development Engineer  - Virtual Reality,Enova Facilities Management LLC
Anne Chambers,"July 26, 1955",Daleville,Physical and health education teaching,Oliver Finley Academy of Cosmetology,Software Engineer,Atomberg Technologies
Michael Perry,"December 29, 2008",Steelton,Mathematics teacher education,Blue Cliff Career College,Software Development Engineer,Cavisson Systems
Kathleen Flores,"October 18, 1963",Haslet,Physical sciences,Kennesaw State University,ACCOUNT MANAGER,K12 Techno Services
Micheal Green,"October 29, 1936",Rector,Journalism,BJ's Beauty & Barber College,Lead Front-End Developer,Healthians
Michael Howard,"September 8, 1932",Lake City,Ecology,Seacoast Career School-Manchester Campus,Staff Software Engineer | ServiceNow(Enterprise) Staff Technical Architect,Eversendai
Jeffery Long,"August 20, 1998",Wanatah,Treatment therapy professions,CUNY Queens College,Software Engineer,Cloud Analogy
Kevin Alvarado,"September 21, 1973",Crane,International business,Bryant & Stratton College-Richmond,Engineer,TestingXperts
Gregory Smith,"June 4, 1998",McLemoresville,Visual and performing arts,ITT Technical Institute-Knoxville,Senior Software Engineer,Waah Jobs
Elizabeth Hart,"August 28, 1984",Julesburg,Mathematics,Astrodome Career Centers,ITOM Outbound Product Manager,Kips Learning Private Limited
William Rodriguez,"August 14, 2014",Elmwood,Computer and information systems,BioHealth College,Collaboration Architect/Systems Engineer III - Collaboration/Video,Aspiring Minds
Rebecca Dean,"December 3, 1968",Stratford,Educational psychology,Taylortown School of Beauty Inc,Lead Application Engineer,SUGAR Cosmetics
Hector Mcgee,"November 7, 1958",Palm Beach Shores,Mathematics and computer science,Baptist Health System School of Health Professions,Consulting Solutions Architect,Kenstar
Shannon Hernandez,"July 3, 1963",Jasper,Genetics,Kendall College,Global Services Executive,Vandana Global
Ricky Reid,"June 15, 1969",Roby,Computer science,Aviator College of Aeronautical Science and Technology,Sales Engineer-Channel Enablement,Indostar Capital Finance
Jesus Hale,"December 20, 1973",Nunn,Mathematics,Western Iowa Tech Community College,Software Developer  Tooling Team,Vasant Chemicals
Megan Shah,"November 23, 1940",Bluebell,Transportation sciences and technologies,Regency Beauty Institute-Eastgate,Program Manager,CareerNet Technologies
Stephanie Hunter,"January 11, 2001",Town of Pines,French german latin and other common foreign language studies,Heald College-Roseville,Contributor,Radiant Appliances
Heather Montes,"November 16, 1996",Fleming Island,Cosmetology services and culinary arts,Manhattan College,Senior Software Engineer,Robinhood Insurance Broker
Mark Boyle,"April 26, 2018",Tresckow,Nutrition sciences,Pennsylvania Highlands Community College,Senior Associate,Emami Paper Mills
Chase Lopez,"October 29, 2006",Bedford,Civil engineering,Frederick Community College,Senior Technical Consultant for User Experience,Shopclues
Jennifer Warren,"May 20, 1956",Winslow,Multi/interdisciplinary studies,Tennessee Technology Center at Elizabethton,Software System Engineer,Shivam Autotech
Patty Perez,"June 9, 2011",Del Rio,Liberal arts,Fulton-Montgomery Community College,Technical Lead,Skymet Weather Services
Marie Reynolds,"September 11, 1950",Hillsboro,Miscellaneous engineering,The Bryman School of Arizona,Senior Software Engineer,Episource
Megan Baker,"April 16, 1965",Trilby,Health and medical preparatory programs,Sanford-Brown Institute-Iselin,Senior QA Engineer,Birla Sun Life Mutual Fund
Rebecca Blake,"March 17, 1958",Burnt Prairie,Communication technologies,City College-Hollywood,Engagement Manager,Girl Power Talk
Dana Stanley,"November 11, 1934",Crofton,Multi/interdisciplinary studies,Baldwin Park Adult & Community Education,Vice President  Watson and Cloud Services,SPRAY ENGINEERING DEVICES
Stephen Mckee,"September 22, 2014",Charlestown,Psychology,Manatee Technical Institute,Channel Lead,Sadbhav Engineering
Linda Morris,"August 7, 1973",Florence,Geography,FastTrain of Jacksonville,Principal Consultant,MosChip Institute of Silicon Systems
Anthony Garrett,"February 10, 1997",Palmer,Communication disorders sciences and services,InterCoast Career Institute-South Portland,Staff Software Engineer,Supertech
Anthony Everett,"April 16, 1969",Loch Sheldrake,Chemical engineering,Muskegon Community College,Network Operations Security Engineer,Optum
Wendy Dickerson,"August 30, 1939",Hurdsfield,Public administration,Thomas College,Technical Writer,John Energy
Denise Flores,"July 16, 1944",Brogan,Computer networking and telecommunications,Loraines Academy Inc,DevOps Engineer,Nilkamal Furniture
Gregory Joyce,"November 21, 1950",Rolling Hills,Linguistics and comparative language and literature,United Tribes Technical College,Senior Software Developer,Exotel
Michael Howard,"September 8, 1932",Lake City,Ecology,Seacoast Career School-Manchester Campus,Staff Software Engineer | ServiceNow(Enterprise) Staff Technical Architect,Eversendai
Kimberly Lewis,"August 28, 2021",Creola,Teacher education: multiple levels,South University-Accelerated Graduate Programs,Cloud Security Sales Development Manager,Isgec Heavy Engineering
Julie Sandoval,"October 4, 2014",Armington,International relations,Houston Training Schools-Southwest,Software Engineer,Kaveri Seed Company
Brooke Roberts,"November 6, 1957",Kevil,Business management and administration,Angelo State University,IT Network/Security Architecture,Avacend Solutions
Brian Hayden,"October 22, 1988",Ettrick,Public administration,Bennett College for Women,Senior Product Success Manager,Lido Learning
Melissa Warner,"May 19, 1935",Bon Air,Electrical engineering,Argosy University-Denver,Senior Program Manager,Himatsingka Seide
Heather Hunt,"November 23, 1991",Lyons Switch,Botany,Branford Hall Career Institute-Bohemia Campus,Systems Engineer  Commercial Northeast Territory,Nava Bharath Fertilizers
Megan Hood,"January 5, 1960",Pottersville,Civil engineering,Texas School of Business-Friendswood,President and Chief Software Engineer / Research Scientist,Reliance Communications
Lauren James,"February 6, 1980",Berne,Linguistics and comparative language and literature,American Health Institute,Senior Systems Engineer,Peerless Hospital
Sarah Frost,"September 17, 2000",Hartford,Humanities,Le Cordon Bleu College of Culinary Arts-Portland,Senior Software Engineer,Harsco
Christina Davis DDS,"March 9, 1984",Mount Gilead,Multi-disciplinary or general science,Regency Beauty Institute-Avon,Senior Global Account Director,Akumentis Healthcare
Amanda Gould,"June 19, 1988",Terry,Electrical engineering technology,Armstrong Atlantic State University,Senior Principal  SaaS Ops and Delivery,Central Coalfields
Dr. Charles Lawrence,"June 7, 1985",Oconto,Intercultural and international studies,Fox Institute of Business-West Hartford,Senior Solutions Architect - Strategic Accounts,Entab Infotech
Jesse Perez,"February 25, 2000",Four Corners,Architecture,North-West College-Riverside,Principal IT Security Engineer,Visaka Industries
Marie Moody,"August 3, 1998",Atoka,Computer networking and telecommunications,Institute of World Politics,Architect/Lead/Senior Consultant,Micron Electricals
Jennifer Lee,"March 17, 2013",Darrtown,Computer science,Regency Beauty Institute-Independence,Senior Cyber Security Specialist | ISSO  Tier 2 Threat Detection Analyst,SSP India
Elizabeth Foster,"October 11, 1979",Pine Prairie,Chemical engineering,Joseph Charles Institute,Software Engineer,Basware
Mary Lyons,"February 13, 1944",Smartsville,Miscellaneous social sciences,University of Phoenix-Louisville Campus,Site Reliability Engineer - Cloud,Mahendra NextWealth IT
Abigail Burch,"July 14, 2017",Solomons,Music,Lenoir Community College,Regional Manager Cloud Transformation,IKEA
Karen Ross,"March 19, 2013",Stanfield,Mathematics and computer science,International Academy of Design and Technology-San Antonio,Director of Solution Engineering,Rishabh Instruments
Ronald Knapp,"March 12, 1940",Onley,Computer engineering,New Life Theological Seminary,Senior Manager  Business Intelligence  Analytics and Capabilities,Phenom
Matthew Allen,"August 5, 2025",Valmeyer,Operations logistics and e-commerce,New Castle School of Trades,Virtual Customer Success Manager,Indu Projects
Holly Floyd,"July 29, 1940",Onton,Art history and criticism,St. Thomas Aquinas College,Corporate Account Executive | Cloud Services Division | ShareFile,Hitachi Astemo Brake Systems India Jalgaon Plant
David Hinton,"August 19, 2001",Jenks,Microbiology,Baptist University of the Americas,Software Developer,Appiness Interactive
Gregory Joyce,"November 21, 1950",Rolling Hills,Linguistics and comparative language and literature,United Tribes Technical College,Senior Software Developer,Exotel
Bradley Robertson Jr.,"January 2, 1947",Derby Center,Elementary education,University of Alabama System Office,Senior Technical Marketing Engineer,Prism Cement - Prism Johnson
Steven Thomas,"November 15, 1958",Bettsville,Commercial art and graphic design,College of the Holy Cross,ASIC Verification Engineer,Bombay Rayon Fashions
Robert Brandt,"October 20, 2014",Bartolo,"Electrical, mechanical, and precision technologies and production",Ashford University,Head of Growth Marketing,Ginger Hotels
Teresa Jacobson,"April 4, 1983",Cascade Valley,Human resources and personnel management,Career Technical Institute,Senior Vice President Solutions and Service Delivery,Galaxy Toyota
Edwin Jackson,"March 31, 1950",Manhasset,Language and drama education,Mr Leons School of Hair Design-Lewiston,Business Analyst,Mahabal Group of Industries
Susan May,"November 9, 2018",Tierra Verde,Aerospace engineering,Western New Mexico University,Systems Engineer Latin America,Oswal Industries
Edward White,"October 26, 1968",Williamstown,Nutrition sciences,Trend Setters Academy of Beauty Culture-Elizabethtown,Channel Manager  Corporate Sales,Hatsun Agro Product
Ashley Gonzales,"January 26, 2005",Breese,Public administration,Baldwin Beauty School-North Austin,Senior Manager  Product Marketing,Wellspring Healthcare
Ian Torres,"February 26, 1987",Forest Ranch,"Nuclear, industrial radiology, and biological technologies",The Chicago School of Professional Psychology at Los Angeles,Service Account Manager,Lexmark International
Michael Preston,"May 9, 1966",Polk City,Theology and religious vocations,Strayer University-Texas,Data Scientist,Zydex Industries
Sandra Holder,"February 7, 1950",Pisgah,Neuroscience,Modern Welding School,Senior Member Of Technical Staff,Appasamy Associates
Eric Reese,"June 12, 2015",Lincolnia,School student counseling,Laurel Technical Institute,Regional Sales Director,Expedia
Christian Solis,"April 16, 2014",Houston,Public policy,Paul Mitchell the School-Rhode Island,Network Architect,Asian Colour Coated Ispat
Stacey Stone,"August 31, 1968",Glenside,Composition and rhetoric,Golden West College,Solution Test Engineer,Shaily Engineering Plastics
Philip Espinoza,"April 19, 2003",Roselle,Mechanical engineering related technologies,The Art Institute of Indianapolis,Sales Director,Polestar Solutions & Services India
Kenneth Jackson,"July 9, 1941",Joplin,Microbiology,Georgia Christian University,Software Engineer,Csc E Governance Services
Jim Monroe,"January 24, 1975",Moapa Town,Computer networking and telecommunications,New Castle School of Beauty Culture,Human Factors Engineer,5Paisa Capital Limited
Matthew Miles,"July 19, 1993",Cearfoss,Environmental engineering,Northwestern Health Sciences University,Senior Engineering Manager,Fidelis Technology Services
Sharon Wilson,"May 5, 2001",Bellechester,Engineering and industrial management,Mai-trix Beauty College,Named Account Executive - SLED,Modern Foods
Stephanie Marshall,"December 2, 2017",Lumberton,Mechanical engineering,Delaware Technical Community College-Stanton/Wilmington,Senior Software Engineer,Shankar Packagings
Rebecca Patel,"January 18, 2005",Granville South,Information sciences,Covenant School of Nursing and Allied Health,DevOps Solutions Architect,Essae Digitronics
Andrea Hughes,"May 6, 2017",Kinta,Management information systems and statistics,Kaplan College-Corpus Christi,Product Manager,Birla white
Katherine White,"March 13, 1953",Knoxville,Miscellaneous education,"Southeastern Technical Careers Institute, Inc.",Software Engineer,Colourtex
Hector Williams,"October 25, 1952",Hartwell,Miscellaneous education,ITT Technical Institute√Huntington,Data Analyst,Krishna Enterprises
Lee Richards,"October 26, 2005",Harwich Center,Medical assisting services,SUNY College of Optometry,Software Engineer,Qcon
Brendan Howard,"May 7, 1963",Melville,Miscellaneous engineering,Universidad Adventista de las Antillas,Product Manager,Indoco Remedies
Nicholas Anderson,"July 20, 1964",Chili,Early childhood education,Ross Medical Education Center-Brighton,Professor (Visiting) - Digital Engagement & Marketing Strategy,Arabian Fal
Morgan Grimes,"May 5, 1957",Fort Oglethorpe,Multi-disciplinary or general science,O'More College of Design,Verification Engineer Contractor,Sushima Pharmaceuticals
Theresa Woods,"February 26, 1959",Palisades Park,English language and literature,Indiana State University,Software Engineer,Radical Minds
Patrick Bird,"June 23, 1940",Norwood Young America,Biochemical sciences,Thomas M. Cooley Law School,Senior Hardware Manager ( Physical Design  SRAM  Timing),Sakura Autoparts
Susan Rivera,"July 13, 1952",Gakona,International relations,Refrigeration School Inc,Senior Field Marketing Manager,Richa Global Export
Andrea Abbott,"December 24, 2019",Rogers,Physical and health education teaching,Aurora St. Luke's Medical Center-School of Radiologic Technology,Hadoop/ Big Data Engineer,Varuna Integrated Logistics
Desiree Thomas,"November 7, 1931",Stanardsville,Composition and rhetoric,Illinois Central College,Director  Product Management - Marketing Cloud,Actis Technologies
Sean Peters,"June 4, 1982",Bell Acres,Physical sciences,The Hair Design School-Jackson,Software Engineer,Stellar Information Technology
Dustin Williams,"January 20, 2003",Edison,Miscellaneous psychology,SUNY at Albany,Senior ASIC Verification Engineer,Yatra
Nicholas Terrell,"May 11, 2019",Cape Meares,Humanities,Crafton Hills College,Staff Engineer SQA,LS Automotive India
Jeremy Scott,"July 24, 2009",East Aurora,Civil engineering,Boston College,Senior Software Engineer,Ghaziabad Precision Products
Kathryn Morgan,"November 5, 2008",Luna Pier,Teacher education: multiple levels,Carousel of Miami Valley Beauty College,Software Engineer (We are hiring fulltime & intern),UNICEF
Victoria Garcia,"January 17, 1949",Goldstream,Operations logistics and e-commerce,California Lutheran University,Senior Technical Product Marketing Manager,National Health Mission
Jermaine Barnes,"May 31, 2011",Emerald,Management information systems and statistics,Waynesburg University,Senior Technical Program Manager,Maruti Ispat & Energy
Tamara Huang,"April 14, 1959",San Ramon,Elementary education,InterCoast Colleges-Riverside,Territory Manager - Michigan,Volvo IT
Brian Fuentes,"October 23, 1931",Burnsville,Architecture,Waynes College of Beauty,IT Security Analyst,Britannia
Clifford Murphy DVM,"October 7, 1958",Farley,Mathematics,DeVry University-Texas,Senior Network Engineer,Dana India
Kimberly Hanna,"February 17, 1984",Strongsville,Film video and photographic arts,Trinity College of Puerto Rico,Senior Manager,Citrix
Tabitha Clark,"June 1, 1965",Tamarack,Physical fitness parks recreation and leisure,Keene Beauty Academy,Application Engineer,Vesuvius
Carrie Petersen,"April 15, 1977",Plaucheville,Engineering technologies,Cambria-Rowe Business College-Johnstown,Software Engineer,Sunera Technologies
Victor Baker,"October 22, 1969",New Burlington,Miscellaneous psychology,Providence College,Director  Customer Experience,American Axle & Manufacturing
Michael Summers,"July 24, 2005",Margate,Health and medical administrative services,Avenue Five Institute,Technical Leader,Radiate E Services
Nicole Roberson,"April 27, 1996",Merchantville,Mathematics and computer science,University of Bridgeport,Senior Director  Business Development,MosChip Technologies
Christopher Parker,"July 4, 2025",Ridgefield,Cognitive science and biopsychology,Kutztown University of Pennsylvania,Senior Software Engineer,Idexcel Technologies
Wayne Davis,"May 10, 1956",Russellville,Mining and mineral engineering,Community College of Beaver County,Senior Marketing Associate  Content Development & Storytelling,L&T Infrastructure Engineering
John Mendoza,"June 13, 2005",Earle,Art and music education,Beauty School of Middletown,Senior Software Engineer,Lam Research
Jessica Smith,"August 15, 1989",Afton,Statistics and decision science,ITT Technical Institute-Orland Park,Develpment Expert,Vatika Hotels
Nancy Williams,"November 13, 1983",Griggstown,Molecular biology,Yeshiva Karlin Stolin,Senior Data Engineer,Elite Engineering And Construction
Darrell Oliver,"October 21, 1952",North Kingsville,Psychology,Huntington Junior College,Channel Account Manager - South Central Region TOLA  KS  MO  IA  NE,Desnor Destination
Mrs. Susan Newton MD,"December 5, 2016",Pearisburg,Miscellaneous engineering technologies,Trinity Law School,Software Engineer III (Machine Learning),Lemon Tree Hotels
Dr. Paul Olson,"December 12, 1942",Belpre,Mining and mineral engineering,Fortis College-Phoenix,Programmer Analyst / Site Reliability Engineer,Way2Online Interactive
Ricardo King,"August 28, 2006",Edna,General social sciences,Cameo Beauty Academy,Principal Engineer,VGM Consultants
Elizabeth Barton,"May 26, 1975",Yates Center,Social work,Spa Tech Institute-Westbrook,Staff Software Engineer,Trident Hotels
Jenna Garcia,"November 22, 1988",Elrama,Geological and geophysical engineering,M-DCPS The English Center,Senior TME,Infotech
Robin Jones,"September 12, 1961",Fallbrook,United states history,Merrell University of Beauty Arts and Science,Director,VHS Consulting
Ashley Robertson,"April 20, 1987",Port St. Lucie,Neuroscience,ITT Technical Institute-Webster,Head of Communications - North & South America,Freecharge
Debra Johnson,"August 10, 1978",Reading,Visual and performing arts,Virginia Commonwealth University,Senior Network Engineer,Outbooks Outsourcing
Beth Ford,"March 20, 2003",Golden Gate,Mathematics and computer science,Crossroads Bible College,PREMIER SUPPORT ENGINEER,Indo-Tibetan Border Police
Joshua Cunningham,"September 8, 1948",Paris,Construction services,Eastern Oregon University,Software Engineer IV,Infoicon Technologies
Pam Roberts,"August 9, 1942",Eureka Springs,Psychology,Aveda Institute Columbus,Site Reliability Engineer,Dishnet Wireless
Melissa Khan,"November 24, 1979",Kearney,Industrial and organizational psychology,University of Louisiana-Monroe,Senior Software Engineer,Saint-Gobain Weber
John King,"February 16, 1969",Webster,Mass media,Southwestern Oregon Community College,Presidio Distinguished Engineer  Digital Infrastructure Team Lead,DAS Offshore Engineering
Stephanie Manning,"March 16, 2025",Canterwood,Chemistry,La James International College-Cedar Falls,Marketing Manager-Governance Insights Center,Cogniter Technologies
Cody Burgess,"June 15, 1998",Bluefield,General engineering,Walla Walla Community College,Infrastructure Engineer,Welcomhotel By ITC Hotels
Hannah Dickson,"April 20, 1951",Grosse Pointe,Studio arts,Caribbean Forensic and Technical College,Product Manager - Location Based Services,SRR Projects
Bridget Wallace,"October 17, 2012",Rising Sun,Hospitality management,Sharon Regional Health System School of Nursing,Director. Software Architecture and DevOps,MPPTCL
Michael Blair,"November 5, 2006",Arcola,Mathematics teacher education,University of Phoenix-Northern Virginia Campus,Cloud Solution Architect – Oracle ERP Cloud,Veritas
Chase Lopez,"October 29, 2006",Bedford,Civil engineering,Frederick Community College,Senior Technical Consultant for User Experience,Shopclues
Kyle Haas,"January 27, 1944",Leilani Estates,General business,Academy of Hair Design,Regional Sales Manager,Edelweiss Broking
Michelle Davis DVM,"September 6, 1982",Memphis,Elementary education,Blessing Rieman College of Nursing,QA Manager,Entercoms
Terri Pennington,"July 30, 2001",West Point,Accounting,Spring Hill College,Engineering Ops / Program Manager Staff,Royaloak Incorporation
Nichole Alvarez,"August 15, 2003",Churchville,Counseling psychology,Cheeks International Academy of Beauty Culture-Cheyenne,Senior QA and Automation Engineer,RICE GROUP
Carl Leach,"August 28, 1981",Camp Three,Forestry,Continental School of Beauty Culture-Buffalo,Engineer - Consultant,Avanse Financial Services
Melissa Davis,"March 31, 1972",Binford,Industrial production technologies,Wards Corner Beauty Academy-Norfolk,Program Manager,Tricon Infra Buildtech pvt.Ltd
Jeremy Edwards,"September 9, 2013",Tarnov,Counseling psychology,Church Divinity School of the Pacific,Director  Product Management,Bentley Systems
Heather Bowers,"April 18, 1984",Glenview Hills,Political science and government,My Le's Beauty College,Software Engineer,Manya Education
Pam Baker,"November 13, 1986",Apollo Beach,Multi/interdisciplinary studies,National American University-Denver,Network Engineer,GVK Group
Kelly Mclaughlin,"June 13, 1961",Minnehaha,Elementary education,Fortis College-Winter Park,Security Developer,Garware Technical Fibres
David James,"June 16, 2010",Seaside Park,General education,Pennsylvania State University-Penn State York,Consulting Network Engineer at Apple Inc.,Meditab Software
Lori Hernandez,"December 14, 1946",Macclesfield,Mathematics,CBD College,Computer Vision Engineer in Testing,Hartek Group
Joseph Sullivan,"September 20, 1963",Dansville,International business,Wyotech-Daytona,Software Development Engineer,VIS Networks
Jon Day Jr.,"November 30, 1943",Rose Hill,Treatment therapy professions,Sisseton Wahpeton College,Principal Product Support Engineer,C&S Electric
Holly Banks,"August 5, 1945",Cole,Mining and mineral engineering,Kentucky Mountain Bible College,Member Of Technical Staff,Veeba Food Services
Cody Conley,"August 19, 1971",Hobart,Natural resources management,Schoolcraft College,Electrical Validation Engineer,Jayabheri Automotives
Miss Laura Davis,"December 15, 1943",Stallion Springs,Food science,Northland Community and Technical College,Senior Director  Marketing,Shirdi Sai Electricals
George Phillips,"November 7, 2012",Goulding,Aerospace engineering,Cosmetic Arts Institute,Network Engineering and Operations  Manager,RANDSTAD OFFSHORE SERVICES
Jason Patrick,"January 21, 1979",Ashton-Sandy Spring,Mass media,Lincoln Technical Institute-Philadelphia,Software Intern,Kirloskar Oil Engines
Brian Nixon,"August 23, 1999",Oakdale,Family and consumer sciences,Ohio State University-Newark Campus,Senior Systems Engineer,Religare Finvest
Bryan Moore,"September 10, 2002",Mountain Pine,Engineering and industrial management,FastTrain of Miami,Director of IT,Government of Madhya Pradesh
Heather Bolton,"September 24, 1973",Lexington,Intercultural and international studies,Golden State College of Court Reporting,Founder and CEO,Skypack
Richard Peterson,"July 27, 2006",Birch Run,Communication technologies,South University-Tampa,Project Manager,Harness
Sarah Gomez MD,"July 25, 1976",South Apopka,Communication disorders sciences and services,Ogle School Hair Skin Nails-Hurst,Principal Network Engineer (Tier3),Deepak Phenolics
Justin Bernard,"September 30, 1992",Newton,Miscellaneous engineering,Regency Beauty Institute-Baltimore-Golden Ring,Senior Software Development Engineer,Ather Energy
Joshua Walter,"November 13, 1981",Greenwood,Mass media,Carrington College California-Emeryville,Regional Account Manager,KLAY Schools
Patrick Williams,"August 2, 1950",Andover,Industrial production technologies,ImageWorks Academy of Hair Design,Data Warehouse Developer,NIMS University
Michelle Mendoza DVM,"September 28, 2025",Wintersburg,N/a (less than bachelor's degree),Haverford College,Senior Development Manager,Amphenol Fci
Lori Madden,"August 27, 1943",Maguayo,Physical and health education teaching,Columbus College of Art and Design,Principal Software Engineer,CreditAccess Grameen
Erika Hodge,"May 19, 1992",Merriam Woods,Agricultural economics,Blue Cliff College-Gulfport,Senior Java Developer,Zicom Electronic Security Systems
Jennifer Hoover,"August 3, 2014",Fortescue,United states history,Danville Community College,Senior Program Manager,Genus Electrotech
William Sanchez,"January 10, 1987",Jefferson Hills,Computer engineering,Tennessee Technology Center at Pulaski,Software Test Engineer (IoT),Xerago
Brenda Payne,"June 29, 2023",Fordyce,Music,Florida School of Massage,Embedded Management Plane PlatformSoftware Engineer,SKS Business Services
Pamela Carter,"April 15, 1933",San Ramon,Metallurgical engineering,High Point University,Technical Lead,Mahindra Integrated Business Solutions
Jeffrey Collins,"January 8, 1941",Waterville,Interdisciplinary social sciences,Sumter Beauty College,Data Scientist,Tata Boeing Aerospace
Nicholas Chung,"May 26, 1970",Rockport,Engineering technologies,University of Phoenix-Nashville Campus,Select Account Manager,Reecomps Teleservices
Melissa Mcfarland,"April 3, 1996",Sophia,Teacher education: multiple levels,Northeastern State University,Sales Engineer - Great Lakes Region,IonIdea Interactive
Alexander Garrett,"December 21, 2005",Grove City,Language and drama education,Bainbridge College,Teaching Assistant,Kyb Motorcycle Suspension
Vickie Hall,"March 16, 1955",Westbrook,Criminology,Phillips Graduate Institute,Senior Product Manager,Motilal Oswal
David Williams,"May 27, 1962",Elkhart,Miscellaneous psychology,Elite School of Cosmetology,Software Architect,Merck Life Science
Christopher Ibarra,"May 16, 1931",Plummer,N/a (less than bachelor's degree),ICC Technical Institute,Regional Sales Manager,Progressive Infotech
Darren Morse,"February 11, 1957",Jamesburg,"Electrical, mechanical, and precision technologies and production",Allied American University,Tech Yahoo,Gmmco
Denise Moran,"December 5, 1932",New Post,Business management and administration,Mott Community College,Software Developer,Rakshit Drugs
Alyssa Powers,"April 24, 1954",Lowndesville,Biomedical engineering,Focus-Hope Information Technologies Center,Associate Systems Technical Support Engineer,Alpha Design Technologies
Kenneth Howell,"October 5, 1995",Selbyville,Computer programming and data processing,University of California-Berkeley,Senior Developer Advocate,Him Teknoforge
Jennifer Cochran,"August 12, 2015",Central Valley,International relations,ATS Institute of Technology,Enterprise District Sales Manager,Dynacons Systems & Solutions
Steven Jensen,"December 7, 1996",Strathmore,Biology,Fairleigh Dickinson University-College at Florham,Program Manager,GMM Pfaudler
Michael Hendrix,"December 15, 1978",Shannon,"Electrical, mechanical, and precision technologies and production",Twin Rivers Adult School,Site Reliability Engineer,Lokmanya Multipurpose Co-op Society
Kristin Huerta,"December 8, 2025",Wamic,General agriculture,Isabella G Hart School of Practical Nursing,Senior Product Manager,Contentra Technologies
Caleb Williams,"November 18, 1946",Shepherd,Information sciences,Hair Professionals School of Cosmetology,Senior Software Manager,LambdaTest
Kevin Morrow,"December 9, 2000",Horseshoe Bend,Counseling psychology,Pace Institute,Data Protection Architect/Engineer,Zodiac Clothing Company
Cynthia Rowe,"August 26, 2013",Jamaica Beach,General education,Franciscan University of Steubenville,Senior Product Development Engineer,TRF
Jean Lane,"January 8, 1951",Rhodell,Geology and earth science,Rose-Hulman Institute of Technology,Engineering Manager,Schoolnet India
Amy Martin,"March 7, 1934",Norwalk,Neuroscience,Texas Chiropractic College Foundation Inc,Account Executive,Simform
Brian Fuller,"April 4, 2000",Cotton Valley,Secondary teacher education,Alexander Academy,Software Engineer,Maven Wave Partners
Bruce Johnson,"May 5, 1958",Lake Leelanau,Chemistry,Misericordia University,Americas Data Center Practice Lead  Global Virtual Engineering,Técnicas Reunidas
Michael Leonard,"February 22, 1947",Canby,Composition and rhetoric,San Joaquin Valley College-Central Administrative Office,Senior Financial Analyst - Technical Services,Chassis Brakes International
Wendy Oneal,"February 26, 1938",Dania Beach,Philosophy and religious studies,Colby College,Principal Product Manager - Payments,Solugenix India Private Limited
Justin French,"December 12, 1945",New Kensington,Biology,Emporia State University,Director of Product Management,Jaslok Hospital and Research Centre
Zachary Vargas PhD,"November 6, 1959",Brooklyn,Health and medical preparatory programs,Rob Roy Academy-New Bedford,Software Engineer,Gokaldas Images
David Gray,"April 4, 1949",Louisville,Family and consumer sciences,Modern Hairstyling Institute,Verification/Emulation engineer,IT By Design
Jill Stevens,"September 9, 1957",Gakona,Applied mathematics,Saint Elizabeth Medical Center School of Radiography,Partner Account Manager,QHTalbros
Lauren Green,"November 11, 2007",Star,Advertising and public relations,Southern State Community College,Territory Manager,Kaleesuwari Refinery
Rita Taylor,"June 6, 1985",Taylorsville,Language and drama education,King's College,SVice President and General Manager  Hi-Tech Business Unit,Sulekha.com
Christopher Rodriguez,"May 5, 2021",Keo,Metallurgical engineering,Gateway Community College,Collaboration Product Sales Specialist,Saudi Oger
David Simpson,"July 28, 1965",Ranchettes,N/a (less than bachelor's degree),Monteclaro Escuela de Hoteleria y Artes Culinarias,Senior Sales Engineer,Efftronics Systems
Cody Lawson,"April 30, 1945",Harbor Isle,Health and medical administrative services,Catherine Hinds Institute of Esthetics,Lead IT Infrastructure Engineer,Vserve Ebusiness Solutions
Edward Greene,"February 14, 1991",Barboursville,Astronomy and astrophysics,University of Phoenix-Jersey City Campus,Engineering Manager | Cloud Computing for Autonomous Technologies,Escorts Railway Equipment Division
Jason Steele,"March 21, 1933",Lake City,Political science and government,Midwest Technical Institute,Senior Technical Leader - HW Engineering,Unity Infraprojects
Joshua Nelson,"February 23, 1988",Burtonsville,Actuarial science,Genesis Career College,Principal Product Manager,Spencer's Retail
Courtney Bryant,"January 12, 2022",Peoria,Public administration,Occidental College,Performance Architect,Clarion Technologies
Corey Carroll,"February 5, 1934",Sand Hill,Court reporting,Dickinson College,Technical Marketing Engineer,HyFun Foods
Travis Hubbard,"May 7, 1965",Oxoboxo River,Actuarial science,Ayers Career College,Engineering Manager,Sundaram Motors
Michael Curtis,"March 20, 2006",Springdale,Psychology,Hellenic College-Holy Cross Greek Orthodox School of Theology,Senior Network Engineer,Pranav Vikas India
Jane King,"May 7, 2025",Ridgeway,Biological engineering,DeVry University-Tennessee,Senior Director  AI/ML/DL Solutions and Product  Management,Fossil Group
Brian Lee,"November 29, 2014",Chicago,Engineering technologies,Wright Beauty Academy,Salesforce.com Product Manager,Hidoc Dr
Latoya Hill,"July 9, 2002",Sweetwater,Zoology,Medvance Institute-West Palm,Senior Network Engineer,SISL Infotech
Samantha Jones,"August 24, 1960",Meadowbrook,Environmental science,SUNY College at Brockport,Network Architect | AFCENT A6 NOSC,LA Technologies
Abigail Miller,"September 26, 2025",Long Lake,Environmental science,Greater Johnstown Career and Technology Center,Consulting System Engineer,ImpactQA
Crystal Rodriguez,"October 7, 1968",Howe,Physical and health education teaching,Ferrum College,National Practice Lead SDDC / SDN   and Technical Innovation Group at CDW,NTT-Netmagic
Daniel Baker,"October 15, 2022",Cypress,Civil engineering,Art Institute of Wisconsin (The),Systems Engineer,Savvysoft Technologies
Ryan Moore,"April 8, 2006",Wheat Ridge,Studio arts,Computer Tutor Business and Technical Institute,Software Engineer,SHARE Microfin
Joseph Graves PhD,"December 7, 1950",Walsenburg,Language and drama education,Point University,VMware Engineer,NETPLUS Broadband Services
Jessica Owens,"February 17, 1990",Cherryvale,Biochemical sciences,Pennsylvania Institute of Taxidermy Inc,Senior Communications Manager,Chubb Group
Erik Dillon,"January 19, 1974",Dune Acres,Mass media,American College of Healthcare Sciences,Senior Data Engineer,Wep Solutions India
Shelia Dixon,"July 20, 1974",West Fork,Social psychology,Taft College,Commercial Solutions Lead,Teva API
Robert Ponce,"January 30, 1998",Orangeville,Computer networking and telecommunications,Ohio State University-Lima Campus,Product Manager,Textronics Design Systems
Ricky Tran,"December 21, 2014",Clear Lake,Environmental engineering,YTI Career Institute-Capital Region,Senior Software Engineering,Overseas Health Care
Nancy Kerr,"September 12, 1967",Susitna North,Music,Pro Way Hair School,Staff Software Engineer,Kaizen IT Services
Katelyn Anderson,"April 10, 1967",Dennison,Cognitive science and biopsychology,University of Dallas,Senior Software Engineer,TeamLease Staffing Solutions
Michael Farmer,"November 18, 1976",Elberta,Miscellaneous social sciences,Wake Technical Community College,Business Development Manager,Akzo Nobel India
Teresa May,"November 15, 1950",Round Lake,Human services and community organization,Seminary of the Immaculate Conception,Executive Cloud Architect & Head of NFV Platform Development - IBM Cloud,Baker Hughes
Kimberly Cochran,"February 9, 2016",Funston,Human services and community organization,West Hills College Coalinga,Pre-Sales System Engineer,ECIL RAPISCAN
Jeffrey Petersen,"October 22, 2007",Belvue,Philosophy and religious studies,Western Michigan University,Senior Collaboration Engineer,Wonder Home Finance
Kaitlyn Adams,"January 18, 1999",Magnolia Springs,Naval architecture and marine engineering,Inter American University of Puerto Rico-Barranquitas,Splunk Engineer/Developer,FAIRWAY ENTERPRISES
Tammy Solis,"March 4, 1989",Highlands Ranch,General social sciences,L'Ecole Culinaire,Product Cybersecurity Vehicle Access and Theft Lead,UpMan Placements
Brittney Phillips,"December 21, 1984",Irvington,Electrical engineering,Saint Francis Medical Center School of Nursing,Member  Board Of Directors,iNeuron.ai
Lisa Morales,"February 13, 1939",Manassa,Chemical engineering,ITT Technical Institute-Warrensville Heights,Software Engineer,Easypolicy.com
Casey Chase,"May 22, 1955",Half Moon Bay,Mathematics,American InterContinental University-Houston,Product Manager,Amrapali Group
Kayla Ray,"October 19, 2008",Amherst,Cognitive science and biopsychology,University of California-Irvine,Manager IT,Four Points By Sheraton
Allen Rosales,"September 8, 2022",Calabasas,Operations logistics and e-commerce,Virginia College-Savannah,Divisional Recruiter,Ingersoll Rand
Steven Martin,"February 18, 2005",Creola,Engineering technologies,CALC Institute of Technology,Inside Sales Associate,Sri Aurobindo Society
Mark Pope,"March 8, 1985",Gettysburg,Engineering and industrial management,Sonoma State University,Channel Enablement,Apollo Health and Lifestyle
Jennifer Lopez,"October 12, 1968",Bear Creek,General medical and health services,Colegio Tecnologico y Comercial de Puerto Rico,Director of Data Analytics,Signex Technologies
Amanda Campbell,"September 7, 1934",Clare,Civil engineering,Columbiana County Career and Technical Center,Senior AWS /DevOps Engineer,Grundfos Pumps
Anthony Romero,"March 10, 2023",Zion,Clinical psychology,Franklin Pierce University,Software Engineer,Shakti Hormann
Mr. Andrew Foster,"August 22, 1984",Gothenburg,Astronomy and astrophysics,San Joaquin Valley College-Modesto,Product Manager,Phoenix Contact
Sherry Martin,"July 9, 2014",Rohrersville,Secondary teacher education,Lenape Technical School Practical Nursing Program,Software Engineer,Riya Travel
Judy Lewis,"June 16, 2020",Nashotah,Visual and performing arts,Saint Augustine College,Project Manager  Digital Strategy  Collaboration,Arvind Smartspaces
Nicholas Arellano,"March 22, 1987",Hampton,Ecology,Northshore Technical Community College,Organizer,Propshop
Danielle Riley,"January 15, 1936",Sistersville,Accounting,ITT Technical Institute-Wichita,SDN Architect / Solutions Architect,Bridgestone India Automotive Products
Sara Cain,"April 6, 1959",Susanville,Linguistics and comparative language and literature,Fremont College,Escalation Engineer,Layam Management Solutions
Scott Meza,"October 7, 2024",Church Hill,Art history and criticism,Hopkinsville Community College,IT Security Engineer,Farbe Firma
Mark Meyer,"October 23, 1983",Holden,Public policy,Academy of Esthetics and Cosmetology,Staff Software Engineer,Core Diagnostics
Brent Rojas,"July 21, 1933",Meadow,Computer administration management and security,Rosedale Technical Institute,Security Engineer,Frankfinn Institute of Air Hostess Training
Nicole Baker,"June 20, 1968",Woodstock,Operations logistics and e-commerce,American Academy of Dramatic Arts-New York,Applications Lead,Amphenol Omniconnect - India
Victor Ruiz,"June 29, 1974",Nilwood,International business,Drury University,Senior Director  Customer Experience and Business Transformation,Rosenberger Electronic
Dennis Guerra,"January 30, 1970",Seville,Economics,Fairleigh Dickinson University-College at Florham,Java Architect,Ageis
Theresa Torres,"March 20, 1985",Montague,Art history and criticism,Valley College-Martinsburg,Manager  Cybersecurity Architecture and Operations,Toyota Industries Engine India
Kathryn Snyder,"April 28, 2007",Denver,Architecture,Barnes-Jewish College Goldfarb School of Nursing,Software Engineer,Essae Digitronics
Taylor Diaz,"January 22, 2001",Magas Arriba,Intercultural and international studies,Everest College-Salt Lake City,Design Verification Engineer,AISATS
Albert Davis,"February 12, 2013",Fort Smith,Communication disorders sciences and services,University of Phoenix-Oregon Campus,Americas Sales Strategy,Hindware Home Innovation
Brenda Harris,"March 7, 2022",Empire,Early childhood education,Samford University,Technology Program Management Director,Duroshox
Cindy Young,"June 28, 1939",Baldwin,Food science,New Community Workforce Development Center,Investment Banking Associate,Roha Housing Finance
Justin King,"December 25, 1988",Callaway,Oceanography,Elite Cosmetology School,Recruiter,Sterling Generators
Michael Soto,"June 5, 1975",Eek,Operations logistics and e-commerce,Empire Beauty School-Queens,Systems Engineer - CCIE Voice 26058,Vindhya Telelinks
Jessica Flowers,"March 25, 1997",Tylersburg,Zoology,Nevada Regional Technical Center,Software Engineer,RCS Technologies
Ann Phelps,"April 16, 1976",Ovid,Commercial art and graphic design,Faith Evangelical College & Seminary,Software Engineer,Autometers Alliance
Brian Martin,"October 5, 2016",Ranchitos del Norte,Ecology,Sanford-Brown College-Dallas,Global Marketing Operations Manager | Digital Marketing,Qtech Software
Phillip Anderson,"November 4, 1930",Hurt,Biochemical sciences,Holy Name Medical Center School of Nursing,ERP Developer,Betsol
Samuel Turner,"December 23, 1939",Oakbrook,General agriculture,Newberry College,B2B Personalization Product Owner,Vialto Partners
Jenny Gray,"August 26, 2021",Munhall,Biochemical sciences,Lake-Sumter Community College,Senior Director  Product Management,Rohan Motors
Betty Johnson,"July 11, 1983",Andersonville,Miscellaneous engineering,Ranger College,Technical Director,Viveks
Laura Gregory,"September 12, 1933",Comstock,Mathematics teacher education,Rob Roy Academy-Taunton,Solutions Architect,Aegis Logistics
Daniel Martinez,"January 12, 2019",Addyston,Soil science,Plaza College,Senior Software Engineer,Apex Group
Kristen Burns,"July 26, 1970",Roca,Nuclear engineering,ITT Technical Institute-Seattle,Senior Product Manager,Kich Architectural Products
Julia Berry,"May 22, 2003",Nanawale Estates,Political science and government,Niagara University,Software Development Manager,Balkrishna Industries
Donna Dunn,"September 7, 2005",Malone,Human services and community organization,Bay State School of Technology,Territory Account Manager  Channel Sales,Faasos Food Services
James Martinez,"August 8, 1996",Earlsboro,Criminal justice and fire protection,South Orange County Community College District,Strategy Director,In Time Tec Visionsoft
Sabrina Miller,"April 5, 2009",Tallula,Communication technologies,United Technical Center,Manager of Product Operations; Service Provider,Cytecare Cancer Hospital
Shannon Walker,"December 1, 1937",Somersworth,Statistics and decision science,Everest College-Alhambra,Systems Engineer,Knack Global
Brianna Fitzpatrick,"December 8, 1956",Cornish,Computer programming and data processing,Lorenzo Walker Institute of Technology,Principle Product Manager  Emerging Products,Bgs Global Hospital
Melvin Weeks,"October 31, 1959",Glenham,Transportation sciences and technologies,Milan Institute of Cosmetology-Reno,Technical Director,Netlink Software
Joseph Larson,"May 28, 1945",Lawrenceville,Construction services,Adult and Community Education-Hudson,Front End Developer,NGA HR
Kelly Johnston,"January 4, 1956",Etowah,Business management and administration,Blackstone Valley Vocational Regional School District,Software Engineer Staff,ABB Group
Erica Moore,"August 11, 1945",Lesage,Hospitality management,American Institute of Interior Design,Sales Engineer,Sentiss Pharma
Kyle Young,"February 19, 1964",Hungerford,History,University of Phoenix-Oklahoma City Campus,Vice President Pricing & Product Strategy,Games24x7
Brenda Hall,"November 16, 1968",Phillips,Secondary teacher education,New York College of Health Professions,Industrial Recruiter,Smilax Laboratories
Donald Roberts,"November 26, 1974",Lynwood,Drama and theater arts,Yale University,Senior Software Engineer,Satin Finserv
Jenna Larson,"May 12, 1956",Sylvan Lake,Social psychology,The College of Office Technology,Software Engineer,KisanKraft Machine Tools
Ryan Thornton MD,"February 17, 1998",Montegut,Library science,Louisville Presbyterian Theological Seminary,Senior Software Engineer,Fortune Park Hotels
Alexandra Dominguez,"August 10, 1933",Wetonka,Forestry,Wartburg College,Staff Software Engineer,East India Udyog
John Golden DDS,"December 25, 2020",Pickrell,Criminology,Vatterott College-Joplin,Technical Marketing Engineer - Solution Architect IOT Sports and Entertainment,Sintex Industries
Meagan Smith,"May 9, 1982",Atqasuk,Marketing and marketing research,Dillard University,Global Enterprise Customer Success Manager,Kh Exports
Karen Gonzalez,"March 14, 1990",Northwest Ithaca,Theology and religious vocations,Longwood University,Senior Test Engineer,Swelect Energy Systems
George Ochoa,"February 25, 2017",Charlos Heights,Intercultural and international studies,Tricoci University of Beauty Culture-Libertyville,Security Engineer,Maral Overseas
Jeffrey Johnson,"October 21, 1993",South Miami,Community and public health,Paul Mitchell The School-Overland Park,Business Operations,HiyaMee Private Limited
Charles Gonzales,"March 18, 2023",Roberts,Educational psychology,New Beginning College of Cosmetology,Network Security Architect,Gera Developments
Jason Riggs,"October 9, 1999",Sylvania,Medical technologies technicians,Crafton Hills College,Global Cybersecurity Leadership,Mahindra Agri Solutions
Theresa Williams,"February 26, 1996",Culloden,Educational psychology,Lake Forest College,Senior Technology Leader(Data Architecture) & Group Manager,Ascendum Solutions
Kelli Payne,"March 30, 1958",Trinity Village,Human resources and personnel management,University of North Texas System,Senior Product Manager  Technical Marketing   ENG,Synergies Castings
Dawn Davis,"May 17, 2009",Kaunakakai,Medical assisting services,Ohr Hameir Theological Seminary,Software Engineer,Machino Polymers
Bruce Roman,"June 11, 1996",Prices Fork,Language and drama education,San Joaquin Valley College-Modesto,Performance Support Data Analyst,Mahatma Gandhi Medical College & Hospital
Paula Roberts,"July 29, 1987",Old Fort,History,Milligan College,Principal Opto-Mechanical Engineer,Apollo 247
Jason Mathews,"March 11, 1961",Cudjoe Key,Psychology,University of Arkansas at Little Rock,Chief Security Officer  Global Value Chain,DCM Engineering
Rebecca Lowery,"November 29, 1943",Gateway,Transportation sciences and technologies,Hi-Tech School of Cosmetology,Solutions Architect,Skypack
Carlos Olsen,"October 23, 2005",Fenton,Psychology,ITT Technical Institute-San Diego,Network Consulting Engineer / Network Security Architect,Eurolife Healthcare
Tony Thomas,"June 13, 2006",Scottsville,Engineering technologies,Christine Valmy International School of Esthetics & Cosmetology,Enterprise Architect (Emerging Technologies),Enser Communications
Rachel Taylor,"December 6, 1999",Allenville,Agriculture production and management,Northwest College,Southeast Enterprise Sales Manager  SONIFI Healthcare,Sterling Software Private Limited
Marilyn Page DVM,"April 12, 1989",Rensselaer,Criminology,Washington Barber College Inc,Global Account Manager,Serdia Pharmaceuticals
Eric Murphy,"February 6, 1992",Clam Gulch,Ecology,Jolie Hair And Beauty Academy-Hazleton,Advisory Software Engineer,Transguard Group
Renee Harrison,"November 28, 1942",Fern Acres,Music,Indiana County Technology Center,Product Manager,Oerlikon Graziano Transmission
Paul Chaney,"May 21, 1951",Belle Plaine,Electrical engineering,Savannah Law School,Senior Software Engineer,Airtel Africa
Kelly Williamson,"January 3, 1937",Liberty City,Military technologies,The King╞s College,Senior Network Security Engineer,Megafine Pharma
Ashley Alvarez DVM,"March 19, 2015",Miamisburg,Computer and information systems,Marinello Schools of Beauty-Lake Forest,Technical Lead,Rossari Biotech
John Steele,"May 1, 1958",Dayton,Language and drama education,South University√Richmond,Cyber Security Senior Risk Analyst,Yatra
Emily Martin,"April 26, 1958",Twin Oaks,Anthropology and archeology,Everest University-Largo,Software Engineer,Head Field Solutions
Zachary Caldwell,"April 9, 1944",Downs,United states history,The Academy of Barbering Arts,Technical Support Engineer II,Emami Agrotech
Ronnie Medina,"February 1, 1997",Green Lake,Philosophy and religious studies,St Mary's Seminary & University,Lead Software Developer,Strategic Learning Solutions
Brent Wong,"November 7, 2019",Loyal,Educational psychology,Brittany Beauty School,Financial Analyst,Uppcl
Sandra Smith,"March 26, 1932",Dewar,Social science or history teacher education,Talladega College,Senior Product Marketing Manager,Pyramid IT Consulting
Erin Fox,"July 4, 1941",Winner,Miscellaneous social sciences,Wytheville Community College,Software Engineer,JustDial
Michelle Summers,"September 4, 1978",Gainesville,Art and music education,Stylemaster College of Hair Design,Snr Principal Systems Application Engineer and Technical Sales Manager,Hexagon Nutrition
Stephen Robles,"March 23, 2023",Del Rio,Liberal arts,Yeshivath Zichron Moshe,Software Engineer,Uni Cards
Mr. Jeffery Lee,"October 25, 1978",Calvin,Pre-law and legal studies,New Age Training,Vice President & Global Head of Product Marketing,ChicMic
Courtney Rodriguez,"July 26, 2012",Rayland,Mining and mineral engineering,Kaplan College-Hammond,Senior Manager - Virtualization & Automation,RAK Ceramics
David Fitzpatrick,"April 1, 2013",Central,Architectural engineering,Rogies School of Beauty Culture-Santurce,Software Developer,V2Solutions
Dr. Travis Morris DDS,"September 19, 2002",Plato,Medical assisting services,Institute for Business and Technology,Account Executive,Srei Equipment Finance
Jamie Mayer,"September 5, 2018",Liberty,Cognitive science and biopsychology,Sussex County Community College,Remote Systems Administrator,Kirloskar Ferrous Industries
Laura Hill,"September 4, 1985",Tallapoosa,Mass media,Royal Beauty Careers,Hardware Engineer,Enrich Hair And Skin Solutions
Jose Ramsey,"November 4, 1960",Sandy Ridge,Treatment therapy professions,Ohio State University-Main Campus,Data Engineer,MyMoneyMantra
Tristan Bonilla,"March 28, 1986",Dalmatia,Botany,School of Court Reporting (The),Software Engineer IV,Maersk Line
Vicki Horton,"July 26, 2000",Benson,Marketing and marketing research,San Francisco State University,Mac Engineer IV,New Holland
Valerie Matthews,"December 15, 1938",Madison,Management information systems and statistics,Everest College-LA Wilshire,Technical Marketing Engineer,JL Morison India
Trevor Lopez,"January 12, 1983",Larkspur,Military technologies,Chester College of New England,Business Analyst Global Procurement Services,RCS Technologies
Mary Lawrence,"December 23, 1965",Canton City,Environmental engineering,University of Cosmetology Arts & Sciences,Advisory Board Member CX@Rutgers,Telecomone Teleservices
Debra Valentine,"October 14, 1952",Saluda,Mechanical engineering,Allegheny College,Staff System Engineer - Field Sales,Iffco Tokio General Insurance Co.
Julia Ruiz,"April 24, 2019",Irwin,General agriculture,Purdue University-Calumet Campus,Senior Product Manager  Cloud Offering Management  Subscriber Platform Group,ITC Wills Lifestyle
Joyce Brown,"December 9, 2017",Punaluu,Chemical engineering,ITT Technical Institute-Boise,HexaBuild,SEABIRD LOGISOLUTIONS
Joanne Baker,"July 6, 1943",Medley,Animal sciences,Thompson Institute,QA Team Lead,MNC Group
Patrick Thornton,"December 20, 1936",Gambrills,Interdisciplinary social sciences,Mildred Elley,Major Account Executive,Tata Chemicals
Ashley Barton,"November 19, 2009",Minnewaukan,N/a (less than bachelor's degree),Creative Images Institute of Cosmetology-North Dayton,IT Security Engineer,Planet Spark
Laura Patel,"February 9, 1976",Slaton,Marketing and marketing research,Expression College for Digital Arts,Network Engineer,EaseMyTrip.com
Yolanda Chen,"September 13, 1963",Central,Multi/interdisciplinary studies,Golden West College,Recruiter,Solaris Chemtech
Blake Vega,"October 27, 2021",Camden,Marketing and marketing research,Concorde Career College-Garden Grove,Senior Java Developer,DULSCO
Richard Cook,"November 13, 1931",Lexington,Metallurgical engineering,Southwest Wisconsin Technical College,Business Data Analyst,Carraro
Katherine Gallagher,"November 20, 1962",Port Jefferson,Public policy,Regency Beauty Institute-Nashville,Software Senior Principal Engineer,Casino Air Caterers & Flight Services
Joshua Brown,"March 8, 2018",Muncie,Engineering mechanics physics and science,ITT Technical Institute-Portland,Network Security Engineer,Alghanim Industries
Diana Miller,"December 13, 1984",Hightstown,Communication disorders sciences and services,Everest College-Everett,Cyber Security Specialist,Jaya Shree Textiles
Sarah Booth,"February 19, 1981",West Ishpeming,Studio arts,Daymar College-Bowling Green,Software Engineer,Run Service Infocare
Stephanie West,"April 15, 1987",Corrales,Soil science,ITT Technical Institute-Durham,Vice President  Customer Engagements  Technical Services,Punjab and Maharashtra Co-operative Bank
Gina Brennan,"April 21, 1936",London Mills,Community and public health,Ner Israel Rabbinical College,Senior Software Engineer,Zydus Lifesciences
Laurie Carter,"May 20, 2005",Aromas,Cosmetology services and culinary arts,Sanford-Brown College-Dallas,Senior Software Engineer,Sridevi Tool Engineers
Matthew Thomas,"January 19, 1943",Celina,Business economics,Orleans Niagara BOCES-Practical Nursing Program,Senior Director - Architecture & Engineering,Clifford Chance
Karla Burton,"January 6, 1979",Cut Off,Theology and religious vocations,Bethel Seminary-St. Paul,Engineer Network Consulting,Livpure
Dr. Paul Morgan,"November 25, 1948",Homestead,Journalism,DeVry University-North Carolina,Regional Services Sales Leader at Amdocs,Stellapps Technologies
Kenneth Webb,"August 20, 1991",Chesapeake City,Engineering technologies,Carrington College California-Pleasant Hill,Director Network Engineering,Brinks Arya India
Lori Guerrero,"August 22, 1962",Oakland,International relations,California College-San Diego,Sales Engineer,Shell
Tracy Whitaker,"October 13, 2021",Mountain Road,General engineering,Hudson Valley Community College,HR Business Partner / Chief of Staff,Karvy Financial Services
Katelyn Kim,"November 28, 2025",Elbe,Mining and mineral engineering,Sanford-Brown College-Portland,Senior Client Manager,Appcino Technologies
Marcia Griffin,"October 11, 2025",Madison Heights,Computer networking and telecommunications,University of Phoenix-Wichita Campus,Software Support Engineer,Rivigo
Beth Cross,"November 21, 2017",Seacliff,Human resources and personnel management,New Mexico State University-Carlsbad,Software Engineer,Eye-Q Super Speciality Eye Hospitals
Lauren Green,"November 11, 2007",Star,Advertising and public relations,Southern State Community College,Territory Manager,Kaleesuwari Refinery
Kendra Sullivan,"August 22, 1953",Wenatchee,Educational administration and supervision,Eastern Hills Academy of Hair Design,Data Scientist,Corecard Software
James Brown,"April 28, 1956",Buena Vista,Computer networking and telecommunications,Ross Medical Education Center-Ann Arbor,Principle Software Engineer,Profectus Capital
Amanda Nash,"January 2, 1969",Van Buren,Communication disorders sciences and services,Virginia College-Mobile,Python Developer,AU Small Finance Bank
Michelle Caldwell,"September 20, 1999",Kenhorst,Zoology,Manhattan Hairstyling Academy,Principal Software Engineer,Cornerstone OnDemand
Mariah Perry,"June 12, 1949",Dermott,Public policy,Saint Anthony College of Nursing,Software Engineer,Kips Learning Private Limited
Renee Johnson,"January 2, 1971",Rose City,Mathematics teacher education,Dabney S Lancaster Community College,Vice President  Cloud Services,T.R. Sawhney Motors
Teresa Adams,"August 19, 1973",Leisuretowne,Computer networking and telecommunications,City College-Hollywood,Senior Project Manager,Quess IT Staffing Solutions
Hector Williams,"October 25, 1952",Hartwell,Miscellaneous education,ITT Technical Institute√Huntington,Data Analyst,Krishna Enterprises
Melissa Simpson,"November 25, 1945",North Wantagh,Cognitive science and biopsychology,Sheridan Technical Center,Principal Engineer & Software Architect  Umbrella Security,Topre India
Mark Mcclain,"January 19, 2018",Oro Valley,Health and medical administrative services,Wabash College,Engineer Staff - II  IC Design,Bank of America
Sandy Austin,"September 1, 2023",Alburtis,General medical and health services,Northern Virginia Community College,Senior DevOps,Ola Electric Mobility
Steven Perez,"January 10, 1962",Empire,Metallurgical engineering,The University of Montana,SDN Developer @CloudLabs,Volvo
Timothy Martin,"April 27, 1943",Centralia,Biomedical engineering,Chatfield College,Director  Product Management,SSEM
Robert Chapman,"December 19, 1930",Eddington,Educational psychology,Loma Linda University,Software Engineer,Ufi Filters
Susan Jones,"January 4, 1964",Selinsgrove,Marketing and marketing research,Salon Professional Academy (The),Network Engineer,Boston Institute of Analytics
Veronica Simmons,"April 8, 1957",Smiths Grove,Transportation sciences and technologies,New England Culinary Institute,AWS DevOps and Infrastructure Engineer,Colt Technology Services
Jeffrey Jones,"May 20, 2006",Geneva,Biomedical engineering,Academy for Salon Professionals,Partner and Managing Director,Principal Global Services
Shelly Moss,"May 24, 1976",Marshall,Botany,ITT Technical Institute-Kennesaw,Software Engineer,Al Ahleia Switchgear
Sherri Logan,"October 31, 1996",East Moline,International business,Southwest University of Visual Arts-Albuquerque,Senior Solutions Architect,Electrical Research & Development Association
Cynthia Gregory,"July 30, 1967",Lawnside,Computer administration management and security,University of Phoenix-Metro Detroit Campus,Senior Product Manager,Fitness First
Mr. Phillip Edwards,"May 13, 1943",Waukena,Operations logistics and e-commerce,DeVry College of New York's Keller Graduate School of Management,AWS/DEVOPS (Contract),Avians Innovations Technology
Linda Berry,"August 2, 1973",Amazonia,Engineering technologies,Denmark Technical College,Member of the Board (Shinect Mafia),Amrit Cement
Robert Durham,"April 14, 2021",North Olmsted,International relations,Ross Medical Education Center-Flint,Consulting Engineer,Goel Ganga Developments
Julia Johnston,"December 4, 1957",West Falmouth,Forestry,New England Culinary Institute,Senior Product Manager,1 India Family Mart
Jennifer Glass,"February 20, 1982",Lowell,General business,Wheaton College,Graduate Research Assistant,Casino Air Caterers & Flight Services
Vincent Savage,"April 27, 1955",Rosendale,Human resources and personnel management,Pike County Joint Vocational School District,Senior Sales Engineer,Comcast
Christopher Cain,"August 2, 1992",Camuy,Forestry,Stonehill College,Senior Product Manager,Spectro Analytical Labs
Joseph Acosta,"February 5, 1970",Cinnamon Lake,Library science,University of Aesthetics-Chicago,Senior Sales Engineer - Mid Altantic and Federal,Hindustan Construction Company
Matthew Shaw,"September 11, 1998",Vanleer,Environmental engineering,Miami Lakes Educational Center,Sales Engineer,BMW
Robert Griffin,"April 13, 1937",Pecan Grove,Area ethnic and civilization studies,Big Bend Community College,Solutions Architect Business Development,Indo Rama Synthetics (i)
Larry Henderson,"August 4, 1956",Algonquin,Communication disorders sciences and services,Tennessee Technology Center at Memphis,Wireless Technician II,Country Delight
Brendan Khan,"May 3, 1967",Lebanon,Geology and earth science,South Florida Bible College and Theological Seminary,Senior Staff Software Engineer,White Globe
Mary Lewis,"June 20, 1971",Springfield,Electrical engineering technology,National American University-Albuquerque West,Lead QA Engineer,Saud Bahwan Group
Christopher Mayer,"April 16, 1932",Scott City,Miscellaneous business & medical administration,Career Point College,Director of Engineering Cloud R&D,Shriram Finance
Mary Mathews,"May 1, 1940",Sonoita,Liberal arts,Schuylkill Technology Center,Self Employed,Dineshchandra R Agarwal Infracon
Cody Love,"October 13, 1943",Sanborn,Physical sciences,Catawba Valley Community College,Technical Marketing Engineer III (Solutions Engineer III),Comed Chemicals
Alicia Warren,"October 2, 1982",Ligonier,Engineering technologies,Holmes Community College,Product Manager,Amazon Web Services
Vicki Fry,"May 20, 2025",Pickering,Computer engineering,Earlham College,Big Brother,M Square Media
Melinda Jacobs,"September 27, 1941",Sandston,Applied mathematics,Carrington College California-Antioch,Senior Director  SAP Experiential Marketing Strategy & UX,Spacewood
Christine Sanders,"September 1, 1991",Olinda,Computer administration management and security,Everest College-Melrose Park,Data Scientist  Senior Manager  Data Science,Arihant Publications
Andre Haynes,"November 22, 1938",Niotaze,N/a (less than bachelor's degree),The Hair Academy,Mid-Market & Cloud Specialist for Caribbean  Central America  Ecuador  Bolivia  Paraguay & Venezuela,CES
Gloria Dunlap,"August 31, 1940",Norris City,Public administration,Virginia Marti College of Art and Design,Advanced Services Consulting Engineer,Avantha Technologies
Darrell Coleman,"March 27, 1952",Wales,Art and music education,Moler Barber College,Software Engineer (Contractor),Transdyne IT Services
Andrew Lopez,"April 16, 1936",Glenwood,Mathematics and computer science,JFK Medical Center Muhlenberg Harold B. and Dorothy A. Snyder Schools-School of Imaging,Software Engineer,ValueMomentum
Joshua Lopez,"December 14, 1969",Salemburg,Music,Marshalltown Community College,Director of Finance (Advanced Services Organization),Feedback Infrastructure Services
Dana Snyder,"August 28, 1946",Hubbard,Library science,Paul Mitchell the School-San Diego,Consulting Engineer,CRB Tech Solution
Bethany Robles,"July 1, 1986",Lompico,Human services and community organization,Ross Medical Education Center-Canton,Director  Sales Programs and Enablement,KW Group
Carmen Anderson,"December 4, 1966",Morton Grove,Materials science,The University of Texas System Office,Principal Engineer,Orient Electric
Rhonda Oconnell,"September 19, 2015",Rock Mills,Miscellaneous engineering,Montessori Education Center of the Rockies,Global Partner Marketing Manager  Enterprise Network,Rishi Laser
Thomas Mills,"December 6, 1937",Custer,Human resources and personnel management,Westwood College-Dupage,Associate  Technology Investment Banking,Magnasoft Consulting India
David Baker,"June 22, 1933",Kimball,Nuclear engineering,Lakeview College of Nursing,Vice President  Services  US Public Sector,DLV Software
Sandra Haney,"April 26, 1968",Sheridan,Communication technologies,The University of Texas System Office,Regional Sales Manager,Enrich Agro Food Products
Elizabeth Saunders,"February 4, 2008",La Yuca,Studio arts,Pioneer Technology Center,Information System Security Engineer,HP India
Tiffany Ray,"February 20, 1964",Lewes,Mathematics,San Jose City College,Senior Site Reliability Engineer,Extramarks Education
Kelly Wright,"April 5, 1966",Vici,Geological and geophysical engineering,Saint Cloud State University,Technical Lead,Balmer Lawrie
Stacey Jones,"December 21, 1995",Conejos,Secondary teacher education,College of the Atlantic,Global Payroll Manager,Resurgent India
Paula Lee,"June 3, 2006",Clarkton,Geological and geophysical engineering,Graham Webb International Academy of Hair,Software Engineer,Marquis Technologies
Brittany Melton,"July 7, 1945",College Station,Architectural engineering,ITT Technical Institute-San Dimas,Technical Sales & Simulation Support Engineer,Mining Engineering Services
Christian Solis,"April 16, 2014",Houston,Public policy,Paul Mitchell the School-Rhode Island,Network Architect,Asian Colour Coated Ispat
Christopher Anderson,"March 23, 1970",Bystrom,Environmental engineering,Globelle Technical Institute,Lead Android Engineer,Geltec
Ashley Waller,"July 21, 2021",Martin,Miscellaneous biology,Lon Morris College,QA Engineer,Goldstone Cements
James Rich,"July 3, 1950",Oakwood,Astronomy and astrophysics,Northeast Ohio Medical University,Director of Product Marketing,Madina Group
Cindy Young,"June 28, 1939",Baldwin,Food science,New Community Workforce Development Center,Investment Banking Associate,Roha Housing Finance
Anthony Gonzalez,"October 18, 1958",Young Place,Environmental engineering,Blue Cliff College-Lafayette,Software Engineer Intern,AVIOM
Kevin Wood,"June 21, 2025",Ansonia,Geological and geophysical engineering,Lancaster County Career and Technology Center,Network Operations Engineer,Laborate Pharmaceuticals
Jeremy Smith,"January 24, 1943",Goulding,Geosciences,United Theological Seminary of the Twin Cities,QA Engineer,LKP Securities
Ernest Sullivan,"August 28, 1968",Cosmopolis,Visual and performing arts,National American University-Denver,Software Developer,Ubique Systems
Aaron Adams,"February 18, 1973",Grimes,Linguistics and comparative language and literature,American Indian OIC Inc,Partner Sales Manager,Vivo
Mark Page,"April 13, 1992",Washington,Philosophy and religious studies,Ohio Center for Broadcasting-Valley View,Global IOT Industry Marketing Lead,Pontika Aerotech
Mr. Jacob Moore,"August 19, 1951",South Valley,Miscellaneous health medical professions,Dominican College of Blauvelt,Regional Sales Manager,International Travel House
Margaret Lowe,"September 4, 2001",Greenup,"Nuclear, industrial radiology, and biological technologies",Howard Payne University,Senior Manager  Strategy & Business Development - Networking and Security Business Group,Privat Hospital
Annette Walters,"February 18, 2006",Westboro,Geosciences,La Baron Hairdressing Academy-New Bedford,Data Scientist,RSWM
Elizabeth Fleming,"January 18, 1958",La Quinta,Computer and information systems,Premiere Career College,Senior Account Executive,Innova Captab
Lee Mann,"November 14, 1952",Magnolia,Pre-law and legal studies,Dorothea Hopfer School of Nursing-Mt Vernon Hospital,Senior Sales Engineer - Mid Altantic and Federal,Agrim
Pam Miller,"October 28, 1930",Carson,Chemistry,Fortis College,Senior Member of Technical Staff,SATTRIX Information Security
Richard Best,"March 22, 2024",Aledo,Animal sciences,Ithaca College,Design Verification Engineer,ESDS Software Solutions
Stephanie West,"April 15, 1987",Corrales,Soil science,ITT Technical Institute-Durham,Vice President  Customer Engagements  Technical Services,Punjab and Maharashtra Co-operative Bank
Tom Perez,"October 21, 2016",Washington Park,Applied mathematics,Brooks Institute,Data Scientist,Salesforce
Mary West,"September 1, 1968",Kuna,Court reporting,Minneapolis College of Art and Design,Product Manager,AuthBridge Research Services
Richard Wilson,"June 21, 1951",Escalon,Computer networking and telecommunications,Acadiana Technical College-Lafayette Campus,Senior Manager  Global Virtual Sales and Customer Success,CRY - Child Rights and You
Nathaniel Rodriguez,"April 23, 1997",Wasco,Court reporting,ABC Beauty Academy,Cloud Security Automation Software Engineer,Aczet
Christopher Black,"July 1, 2001",Kittrell,Human resources and personnel management,Community Services Division-Alliance City,Software Engineer,Nexa
Javier Dorsey,"May 21, 1944",Tunnel Hill,Social psychology,Sinclair Community College,Software Engineer,Devyani International
Ricky Hall,"September 1, 1952",Sacate Village,Actuarial science,Dade Medical College-Miami,Senior Cloud Security Architect,ACN Health care
Hannah Terry,"February 23, 2011",Dundee,Miscellaneous health medical professions,ATI Career Training Center-Dallas,Director of Network Engineering,Ministry Of Education
Sandra Smith,"March 26, 1932",Dewar,Social science or history teacher education,Talladega College,Senior Product Marketing Manager,Pyramid IT Consulting
Michele Bennett,"October 1, 1932",Jenison,Finance,Mount Marty College,Site Reliability Enginer,Sri Sri Ravishankar Vidya Mandir
Jose Green,"February 9, 1946",South Bethlehem,Miscellaneous engineering,American College of Hairstyling-Cedar Rapids,Senior Software Engineer,VOLTECH O AND M SERVICES
Catherine Roberts,"November 22, 2025",Rosewood,Geography,Paul Mitchell the School-Monroe,Sales Manager (Amazon Business),TresVista
Emily Wilson,"January 6, 2017",Buffalo,Commercial art and graphic design,Regency Beauty Institute-Springfield,Full Stack Software Engineer,Koso India
Tiffany Zamora,"July 21, 1998",Leggett,Other foreign languages,United States Sports Academy,Senior User Interface Developer,Incedo
Gloria Floyd,"January 28, 1938",Coggon,Philosophy and religious studies,John D Rockefeller IV Career Center,Strategic Events Specialist,Amco Batteries
Sierra Padilla,"August 20, 1980",Huron,Information sciences,Fashion Careers College,Principal Product Manager,Manav Rachna International University
Mr. Michael Peters,"July 17, 1982",Byram,Pharmacology,Jackson Community College,Technical Leader,Steril Gene Life Sciences
Thomas Richards,"July 24, 2017",Herrick,Naval architecture and marine engineering,Career Technology Center of Lackawanna County,Service Delivery Director  Oil & Gas Vertical  at Cisco,MicroSpark Software Solutions
James Dickerson,"February 14, 1954",Camden,Chemistry,University of Houston-System Administration,Principal Engineer,360 Realtors
Anna Henderson,"February 7, 1983",Trent,Communication disorders sciences and services,Rollins College,Software Engineer,Bharat IT Services
Jacqueline Ford,"September 21, 1950",St. Martinville,Food science,Euphoria Institute of Beauty Arts & Sciences-Las Vegas,Principal Engineering Director - Conversation As a Platform (CaaP),MMC Infotech Services
Cassandra Fry,"April 10, 2020",Hayneville,Studio arts,Southern Careers Institute-San Antonio,Senior Reliability Engineer,Celebrity Cruises
Kathryn Hoffman,"August 12, 1931",Windsor,Medical assisting services,Lynndale Fundamentals of Beauty School LLC,Area Sales Director,Hinduja Leyland Finance
Matthew Lucas,"January 19, 1970",Pitts,Food science,Regency Beauty Institute-Tinley Park,Global Inside Sales Representative - Fortune 500,Prolific Systems & Technologies
Sarah Sanchez,"March 27, 1986",Jeffersonville,"Electrical, mechanical, and precision technologies and production",Augsburg College,NFV Product Management Senior Advisor / Technical Marketing Engineer,IFFCO
John Franco,"April 30, 1949",Yoder,Miscellaneous biology,Mount St. Mary's College,Software Engineer,JMC Projects
Timothy Jordan,"May 29, 2021",Glencoe,Visual and performing arts,Continental School of Beauty Culture-Olean,Presales Consultant,Dewar's Garage
Blake Owens,"June 3, 1993",Swan Valley,Social work,Clarion University of Pennsylvania,Software Engineer,Sofitel Luxury Hotel
Dr. William Warren,"December 14, 1955",Kennedale,Computer science,University of West Alabama,Senior Systems Engineer,Linux Laboratories
Wayne Weaver,"October 21, 1966",Chalco,Chemistry,Coastal Bend College,Software Engineer,Elysium Pharmaceuticals
Beth Cline,"April 22, 2014",Cerulean,Zoology,Palm Beach Academy of Health & Beauty,Senior Software Engineer,Metro Shoes
Brianna Harris,"October 5, 2015",Melvin,Finance,ATS Institute of Technology,NSX Technical Account Specialist,REPCO HOME FINANCE
Tammy Solis,"March 4, 1989",Highlands Ranch,General social sciences,L'Ecole Culinaire,Product Cybersecurity Vehicle Access and Theft Lead,UpMan Placements
Dean Cook,"December 7, 1938",Yale,Materials science,Pinnacle Career Institute√North Kansas City,Senior Engineering Manager - Payments and Payouts,Starmark Software
Jeffrey Holden,"December 20, 1989",Musselshell,Engineering technologies,South University-West Palm Beach,System Engineer,Bajaj Auto
Jonathan Russell,"February 20, 1990",Udell,Pharmacy pharmaceutical sciences and administration,The Christ College of Nursing and Health Sciences,Social Media Governance Manager,Vidal Health Tpa
Cynthia Tran,"July 2, 1966",Paris,Mechanical engineering related technologies,Hesston College,Cloud and CI Solutions Architect - OCTO,T.v. Sundram Iyengar & Sons
Jordan Calhoun MD,"December 28, 1969",Duarte,General social sciences,Pima Medical Institute-Renton,Supply Chain Manager - Consulting,Anna University
Lucas Nguyen,"December 22, 1936",New Franklin,Cognitive science and biopsychology,Tallahassee Community College,CSG Product Senior Manager,Vistaprint
Erika Weaver,"April 7, 1980",Oldham,Ecology,Newman University,M&A and Divestiture Engineering Integration Specialist,Amneal Pharmaceuticals
Jacob Wu,"July 31, 2008",Springdale,Mechanical engineering,Brown Mackie College-Atlanta,Technical Manager - Cisco TV,HP India
Brittney Hernandez,"June 2, 1998",Martinsville,Linguistics and comparative language and literature,St James Mercy Hospital School of Radiologic Science,Chief of Staff to VP  Cloud Virtualization Group,RR kabel
Bradley Parks,"February 20, 2020",New Strawn,Zoology,Nicolet Area Technical College,IP Engineering  Cloud Delivery Team - DevOps (IaaS  PaaS  SaaS),Council of Scientific and Industrial Research
Cory Guerrero,"July 12, 1961",Caledonia,Social science or history teacher education,Kaplan College-Fort Worth,Network Infrastructure Recruiter,SKH Y-TEC
Alexa Ingram,"January 31, 1974",Hemlock Farms,International relations,Northern Marianas College,Software Engineer,Tripjack
James Tran,"May 25, 2025",Keystone,Mechanical engineering,Greenville Technical College,Product Line Marketing Manager,Verticurl
Sharon Parks,"December 3, 1958",Aquebogue,Miscellaneous engineering technologies,Elizabeth City State University,Test Automation Engineer,Rasandik Engineering Industries India
Eric Lowery,"July 19, 1969",Eielson AFB,Nursing,Green Country Technology Center,Senior Software Engineer,Enco Engineers Combine
Patrick Bush,"March 31, 1965",Kildeer,Teacher education: multiple levels,Le Cordon Bleu College of Culinary Arts-Orlando,Wireless Network Consulting Engineer,ILJIN AUTOMOTIVE
John Williams,"May 22, 2020",Century,Visual and performing arts,Houston Training Schools-Southwest,Software Engineer 2,Fidelis Technology Services
Mr. Ryan Walker,"October 25, 1933",Delafield,Animal sciences,Alvareitas College of Cosmetology-Edwardsville,Senior Data Analyst,Tecosim Engineering Services
Sandra Torres,"October 15, 1988",Vernal,Counseling psychology,St Francis Career College,Security Solutions Architect,XcelServ Solutions
Nathan Adams,"March 3, 1994",Birch Bay,Architectural engineering,ITT Technical Institute-Webster,Software Engineer (Part-time Product Manager),Allied Nippon
Robert Munoz,"May 17, 1947",Rest Haven,Soil science,Aviation Institute of Maintenance-Atlanta,Chief Technologist  Cybersecurity,Shemford Futuristic School
April Carter,"August 26, 1937",Plainview,Advertising and public relations,Northwest Kansas Technical College,Owner/CIO,Ncsi Technologies
Erin Mcdowell,"September 26, 2007",Sumner,Engineering mechanics physics and science,Pensacola State College,Engineering Manager E-Systems - Software/Systems,BCForward
Brian Barrett,"May 3, 1961",Providence Village,Soil science,Anthem Career College-Nashville,Partner and Managing Director,Dyson
Melinda Allen,"November 28, 1963",Sedgewickville,Soil science,Woodbury University,Systems Engineer,SmartStream Technologies
Cassie Brock,"December 2, 2016",Madrid,French german latin and other common foreign language studies,Living Arts College,Python Developer,Cure foods
Lauren Jackson,"April 30, 1938",Oakdale,Architectural engineering,University of Phoenix-Birmingham Campus,Staff Engineer  Unified Communications,Financial Software & Systems
Scott Norman,"July 26, 1991",Annapolis,Applied mathematics,South Georgia Technical College,Senior Software Development Engineer,TradeIndia (Infocom Network Private Limited)
Teresa Fuller,"July 17, 1955",Beverly Hills,Library science,Refrigeration School Inc,Engineering Manager  Systems  Applications & Automation,Gopal Snacks Limited
Harold Garrett,"June 1, 1966",Colony,United states history,College of Business and Technology-Flagler,Advanced Services Engineer,Viveks
Ann Goodwin,"July 3, 1949",Pleasant Hill,International relations,Missouri Valley College,Senior Director  Core Optical Planning and Design,BDR Pharmaceuticals International
Brent Garcia,"August 25, 1942",Mattawana,Science and computer teacher education,Stanbridge College,Senior Manager  Web and Digital,LKQ INDIA
David Sullivan,"June 11, 1966",Aneta,Social psychology,Central Georgia Technical College,Senior Product Manager  R&D,Simeio Solutions
Jared Madden,"July 4, 2020",Trego,Human resources and personnel management,CVPH Medical Center School of Radiologic Technology,Staff Site Reliability Engineer,RBL Bank
Kathryn Garcia,"March 25, 1952",West Wyomissing,Early childhood education,University System of Maryland,System Engineer,Ford Motor Credit Company
David Hayes,"February 6, 2014",Clarks Summit,"Electrical, mechanical, and precision technologies and production",Great Basin College,Senior Program Manager  Operations-NPI,IDFC FIRST Bharat
George Wallace,"February 13, 1996",Humacao,Communication technologies,Kiamichi Technology Center-Spiro,Software Test Engineer,New Allenberry Works
Rhonda Simmons,"April 17, 1971",Thornton,Health and medical administrative services,Institute for Clinical Social Work,Director  Security Product Marketing,Durr India
Philip Bowen,"February 3, 2018",Conetoe,Cognitive science and biopsychology,Coffeyville Community College,Senior Software Engineer,Call 2 Connect
Jay Hall,"December 5, 1984",Grangeville,Language and drama education,Indiana State University,Distinguished Systems Engineer,Sfj Business Solutions
Melissa Johnson,"August 3, 1953",Funkley,Chemical engineering,Huntingdon County Career and Technology Center,CyberSecurity co-op,Bandhan Bank
Ann Boyd,"December 19, 1946",Crowheart,Miscellaneous engineering technologies,The Christ College of Nursing and Health Sciences,Principal Network Engineer,ALBANY MOLECULAR RESEARCH INC
Jacqueline Kennedy,"May 11, 2005",Hopeland,Architectural engineering,AmeriTech College-Provo,Senior Account Executive,Aviva Life Insurance India
Katherine Graham,"May 26, 2015",Clare,Atmospheric sciences and meteorology,Southwest Acupuncture College-Boulder,Senior Netowrk Engineer,BorgWarner Morse Systems
Peter Haynes,"December 25, 1952",Chaffee,Miscellaneous engineering,Heald College-Roseville,Enterprise Account Executive  MidAtlantic,Indo Gulf Fertilisers
Diane Bishop,"July 5, 2012",Norris Canyon,English language and literature,Swarthmore College,Senior Manager  CX Systems and Platforms,Apna
Christina Myers,"March 18, 1995",Van Horn,Communication disorders sciences and services,Sarah Lawrence College,Senior Systems Engineering Manager - America's Partner Organization - Central Area Systems Engineering,International Game Technology
Matthew Miller,"February 11, 1932",Ryan,Business management and administration,George Mason University,Principal Technical Account Manager,Armstrong International
Richard Washington,"July 14, 1954",Gravity,Pre-law and legal studies,Yale University,Software Engineer,Garware Hi-Tech Films
Joseph Chapman,"September 5, 1934",Shaw Heights,Physiology,Georgia Southern University,Data Scientist,Nureca Limited
Jason Williams,"August 8, 1958",La Rue,International relations,Du Bois Business College-Du Bois,Quality Engineer,CES
Christopher Nichols,"October 20, 1956",Belle Haven,Medical assisting services,Protege Academy,Salesforce Developer,63 Moons Technologies
Dennis Turner,"March 8, 1970",Verplanck,Electrical engineering technology,Ohio State School of Cosmetology-Westerville,Cloud & Security Solutions Architect,Nandan Petrochem
Thomas Floyd,"April 21, 1982",St. Ignace,Architecture,Urshan Graduate School of Theology,Technical Marketing Engineer,CriticalRiver
Lindsey Mendoza,"March 12, 1971",Lawai,Commercial art and graphic design,Lincoln College of New England-Southington,Senior DevOps Engineer,Bharti Infratel
Jonathan Jacobson,"May 28, 1931",Linwood,Engineering technologies,ITT Technical Institute-Knoxville,Data Science Intern,Sony Pictures Networks
Lisa Riggs,"April 23, 2025",Stephens City,Library science,Oregon State University,Telecommunications Project Coordinator & Analyst,HighRadius
Kimberly Mitchell,"December 19, 1996",Berea,Construction services,Bon Secours St Mary's Hospital School of Medical Imaging,Technical Support Engineer II,TransUnion
Lisa Riggs,"April 23, 2025",Stephens City,Library science,Oregon State University,Telecommunications Project Coordinator & Analyst,HighRadius
Jeremy Ross,"August 29, 2016",Derby,Art and music education,University of Antelope Valley,Product Manager,Corporation Bank
Carmen Sanchez,"June 9, 1952",South Yarmouth,Science and computer teacher education,Tricoci University of Beauty Culture-Rockford,Senior Director  Worldwide Distribution,Flatworld Mortgage Processing
Maria Morris,"May 15, 2010",Kingston,Microbiology,DeVry College of New York's Keller Graduate School of Management,Senior Embedded Software Engineer,Yashashvi Rasayan
Tyler Lang,"November 6, 2006",Rib Lake,Advertising and public relations,Okefenokee Technical College,Field Sales Engineer (Enterprise Accounts)  US Networking,SPARX IT Solutions
Melissa Martinez,"September 21, 1986",La Vernia,Cosmetology services and culinary arts,Bridgerland Applied Technology College,Senior Staff Engineer,Apollomedics Super Speciality Hospitals
Paul Young,"December 20, 1932",Pacheco,Miscellaneous health medical professions,Charlie's Guard-Detective Bureau and Academy Inc,Software Developer,Cello
Lori Mitchell,"May 11, 2015",Marion,Public policy,Instituto Tecnologico de Puerto Rico-Recinto de Ponce,Enterprise Engineer,The Oman Construction Co. LLC (TOCO)
William Ramos,"August 14, 1946",Commack,Film video and photographic arts,Morehead State University,Software Engineer,Hyoseong Electric
Colton Anderson,"June 16, 2012",Gem Lake,Marketing and marketing research,Culpeper Cosmetology Training Center,Senior Program Manager (Consultant),Hidoc Dr
Jessica Bell,"November 6, 1953",Waldo,Agriculture production and management,Mid-America Christian University,Senior Product Manager,Kd Logistics
Rebekah Gutierrez,"March 4, 1993",Bondville,Pre-law and legal studies,New College of Florida,Programmer,Hewlett Packard Globalsoft
Kimberly Hunter,"September 9, 1932",Clutier,Zoology,FastTrain of Jacksonville,Technology Manager,Schreiber Dynamix Dairies
Daniel Davenport,"November 6, 2024",Port Clinton,Chemical engineering,Grace College and Theological Seminary,Senior Java Microservices Developer/Consultant,Global Autotech
James Fernandez,"December 13, 2015",Bruce,Industrial production technologies,Skyline College,Software Engineer,Newton School: Pay after Placement
April Randolph,"September 22, 1939",Lake Roberts,Treatment therapy professions,The Salon Professional Academy,Independent Consultant,Jindal Group Of Companies
Gabriel Copeland MD,"June 29, 1965",Chugcreek,Petroleum engineering,International Academy of Design and Technology-Nashville,Backend Developer,Bank of Baroda
Laurie Goodwin,"August 5, 1942",Monserrate,International relations,Luzerne County Community College,Industry Strategist - Partners & Services,Hyoseong Electric
Marcia Lin,"April 13, 1953",Hartland,Neuroscience,Bellevue University,Cost Specialist,GO MO Group AB
Breanna Ayala,"October 30, 1988",Rockvale,Computer administration management and security,University of New Mexico-Valencia County Campus,President,On Demand Agility Software
Cindy Gomez,"April 22, 1951",Duck Key,Molecular biology,Marinello Schools of Beauty-Sacramento,Risk Manager,Sartorius Stedim India
Jade Rogers,"May 9, 1970",Moss Bluff,Visual and performing arts,International Academy,Senior Software Engineer,Audi
Scott Lawrence,"July 9, 1946",Orrick,Soil science,Angelina College,Software Engineer,Nexa
Marcus King,"July 3, 1973",Farr West,Business management and administration,Bio-Chi Institute of Massage Therapy,Senior Software Engineer,Balkrishna Industries
Michael Martin,"September 4, 1941",Hutchinson,Oceanography,Glendale Community College,Lead Software Engineer,Radnik Exports
Dillon Case,"November 12, 1992",Goldendale,Pre-law and legal studies,Iowa School of Beauty-Sioux City,National Channel Business Manager - US & Canada,Vamani Overseas
Isaiah Gray,"December 7, 1984",Eagle Harbor,Criminal justice and fire protection,Abilene Christian University,Engineering Manager,Lumax Industries
Tina Hall,"May 27, 1981",Nokomis,Finance,Mr John's School of Cosmetology Esthetics & Nails-Decatur,Technical Solutions Architect,Hyva
Chad Romero,"May 6, 1950",Breinigsville,Electrical engineering,Hands-on Medical Massage School,Senior Project Manager  Core Routing Software Group,Sopra Steria
James Lopez,"August 28, 2022",Middletown,Management information systems and statistics,University of Portland,Vice President  Lead Network Engineer,Zycus Infotech
Abigail Wilson,"August 19, 1975",Albert Lea,Animal sciences,Northeastern State University,BI/Analytics Sales Account Manager,VISA Steel
William Christian,"August 2, 1952",Morristown,Miscellaneous engineering,Grand View University,Lead Instructor  CoderGirl (Web Development),Breach Candy Hospital Trust
Jennifer Cline MD,"June 13, 1993",Bluff City,Communications,Reflexology Certification Institute,Senior Research Consultant,Rolls-Royce
Julia Reeves,"April 1, 1954",Rio Vista,Miscellaneous business & medical administration,Adler School of Professional Psychology,Software Engineer,Gufic Biosciences
Christina Washington,"April 22, 1980",Tonawanda,French german latin and other common foreign language studies,Marinello Schools of Beauty-Burbank,Select Account Manager,Ace Designers
Danny Lee,"March 21, 1965",Jellico,Secondary teacher education,Virgils Beauty College,Account Executive,Bikayi
William Hodge,"March 13, 1948",Waikoloa Village,Operations logistics and e-commerce,Lakewood School of Therapeutic Massage,President-CEO,Minda Vast Access Systems
Angela Ramos,"October 22, 2015",Beulah Beach,Physiology,DeVry University's Keller Graduate School of Management-Illinois,Senior Manager  Product Management  Enterprise Networking,GirnarSoft
Susan Torres,"December 5, 1979",South Lineville,Language and drama education,Clover Park Technical College,Senior Alliance Marketing Manager,Power2sme
Phillip Nelson,"December 7, 1984",Brooklyn Center,Theology and religious vocations,The Art Institute of San Antonio,Data Analytics Intern,Kogta Financial India Limited
Todd Nielsen,"June 23, 2001",East Arcadia,Industrial production technologies,Brown Mackie College-Merrillville,Regional Cybersecurity Lead,Magnum Mi Steel
Matthew Brooks,"January 20, 2018",Edmund,Business economics,New Beginning College of Cosmetology,Senior Product Manager,OodlesTechnologies
Kenneth Branch,"February 16, 1982",South Shaftsbury,Computer science,West Virginia University at Parkersburg,Technical Solutions Architect - Data Center,KMC Constructions
Sandra Buck,"November 12, 1992",Breaux Bridge,N/a (less than bachelor's degree),Pioneer University Graduate School of Education,Solutions Architect / Principal Product Manager,Cambridge Technology Enterprises
Elizabeth Barton,"May 26, 1975",Yates Center,Social work,Spa Tech Institute-Westbrook,Staff Software Engineer,Trident Hotels
Katherine Boone,"August 29, 1992",Mullan,Finance,Eastfield College,Vice President  Global Enterprise South,Sulphur Mills
Steven Morgan,"June 20, 2020",Woodfield,Economics,Andrews University,Staff Engineer,Park Avenue
Cameron Fisher,"February 22, 1989",Nottoway Court House,Library science,ITT Technical Institute-Miami,Application Security Consultant,ANR Software Private Limited
Debra White,"January 27, 1935",Walsenburg,Criminal justice and fire protection,Florida College of Integrative Medicine,Senior Program Manager  Touch Display Driver Integrated IC,Apeejay Surrendra Group
Danielle Reed,"February 22, 2010",Birchwood,Hospitality management,Medvance Institute,Devsecops Engineer,Thomson Digital
James Hood,"December 7, 2008",Canyon,General social sciences,The Art Institute of Seattle,Software Developer 2,AL-SUWAIDI INDUSTRIAL SERVICES
Clayton May,"January 27, 1965",Lake Catherine,Operations logistics and e-commerce,ITT Technical Institute-Columbia,Senior Leader,Fragma Data Systems
Madison Wilson,"November 14, 1996",Lilesville,Architecture,Greenfield Community College,Senior Systems Engineer,Seth Anandram Jaipuria School
Tammy Ramos,"April 19, 1954",Arendtsville,Drama and theater arts,Stewart School,Project Manager,Amoli Organics
Jason Alvarez,"May 29, 2014",Eros,Forestry,Brookline College-Phoenix,DevOps Engineer,Imerys
Alison Walker,"April 11, 2009",Lauderhill,Health and medical preparatory programs,Romanov Academy of Sports Science,Director Business Strategy,Global Consumer Products
Bryan Miranda,"December 14, 1936",Pilot Grove,Drama and theater arts,Ross Medical Education Center-Canton,Senior Software Engineer (eTouch),Tata Steel Utilities and Infrastructure Services
Eric Williams,"February 27, 1931",Lanesboro,Chemical engineering,Mid Florida Tech,Process Engineer and Project Manager,Techtree It Systems
Pamela Cook,"February 27, 1960",Eureka,Animal sciences,Vatterott College-Kansas City,Endpoint Security Engineer,Umedica Laboratories
Russell Bates,"September 20, 1937",Hills,Computer science,Paul Mitchell The School Spokane,Software Engineer,Carillion Alawi LLC
Robert James,"February 13, 2016",Walnut,Mass media,Western State University-College of Law-Argosy,Design Verification Engineer,Apollo 247
Jennifer Velasquez,"August 11, 1984",New Market,Cosmetology services and culinary arts,American Baptist Seminary of the West,Software Engineer,Goodyear
Kristin Hickman,"December 2, 1962",Town and Country,General agriculture,Columbia Southern University,Software Development Engineer II   Machine Learning,Jabra Connect
Thomas Daugherty,"January 8, 2009",Garrison,Physical and health education teaching,Cleveland State University,Client Service Executive-Enterprise Accounts,Innovatiview
Timothy Gordon,"July 27, 1984",Lake Grove,Mathematics and computer science,Yeshivas Be'er Yitzchok,Technical Account Manager,Vodafone Idea
Taylor Diaz,"January 22, 2001",Magas Arriba,Intercultural and international studies,Everest College-Salt Lake City,Design Verification Engineer,AISATS
Evan Davies,"August 21, 2016",Gering,Health and medical administrative services,Kiamichi Technology Center-Durant,Site Reliability Engineer/Performance Engineer,Sakon
Timothy Sanchez,"August 11, 1945",Lowesville,Teacher education: multiple levels,Potomac State College of West Virginia University,Software Engineer,Hero Motors Company
Janet Parker,"March 21, 1930",Henning,General social sciences,New England College of Business and Finance,Python Developer,Wave Infratech
Larry Benson,"May 18, 1988",Belton,Hospitality management,Huston-Tillotson University,Senior Director  Product,Telstra
Ronnie Johnson,"September 23, 2007",Little Chute,Genetics,Madera Beauty College,Senior Software Engineer,CETPA InfoTech
Kelly Guerra,"November 23, 2001",Florin,Special needs education,Arkansas State University-Main Campus,Senior Network Engineer,Peerless Hospital
Natalie Malone,"April 22, 1996",Mill Creek,Educational administration and supervision,B Street Design School of International Hair Styling-Topeka,Renewals Account Manager,SSP India
Monica Brooks,"November 3, 1972",East Port Orchard,Physics,Southern University Law Center,Regional Sales  Cloud Security Portfolio,IIFL SAMASTA
Amanda Sims,"June 21, 2021",Southlake,Political science and government,Clarkson University,Data Center Architect,L&T Finance
Christopher Cameron,"September 29, 1950",Douglas,Information sciences,Carrington College California-Pomona,Senior Application Engineer,Startek
Eric Hernandez,"February 3, 1968",Sebewaing,Statistics and decision science,Oberlin College,Customer Success Manager,Mswipe Technologies
Holly Cochran,"October 8, 1968",Red Chute,Criminal justice and fire protection,Paul Mitchell The School Raleigh,Technical Director,Delhi Police
Anthony Cherry,"September 14, 1984",Linton,Applied mathematics,Pinnacle Career Institute-Lawrence,Technical Manager,Zicom Electronic Security Systems
Alejandro Campbell,"April 29, 2021",Kings Park West,Science and computer teacher education,Riverside Hairstyling Academy,Technical Support Engineer,iPlaceUSA
Nichole Smith,"April 1, 1930",Morehouse,Social psychology,Minnesota School of Business-Lakeville,Program Manager Value Engineering,Havells
Joe Campbell,"October 26, 2009",Bena,Teacher education: multiple levels,Community College of Aurora,Manager of IT  Compliance and Product Cybersecurity,ANZ Operations & Technology
Caitlin Wilson,"November 15, 1937",Hanover,Military technologies,Institute of Business and Medical Careers,Senior Major Account Manager,Soothe Healthcare
Craig Nicholson,"June 17, 2024",Delmont,Business economics,Uta Mesivta of Kiryas Joel,Principal Security Researcher,TVS Electronics
Mariah Thompson,"August 4, 2008",Beverly Shores,Neuroscience,West Virginia University at Parkersburg,Technical Manager,Orient Bell
Lisa Joseph,"October 6, 2008",Pojoaque,Criminology,Lyme Academy College of Fine Arts,Software Engineer,Telecomone Teleservices
Tami Burton,"July 13, 1977",Sodus Point,Physiology,Eastern Maine Community College,Lead Software Engineer,Arvind Group
Charlotte Roy,"March 18, 1960",Cave City,Miscellaneous agriculture,Continental School of Beauty Culture-West Seneca,Mixed Signal Silicon Validation Engineer,Easy Home Finance
Roy King,"January 8, 1974",Mountain Home,Economics,Wayne County Schools Career Center,Sales Recruiter,BUDDI.AI
Shannon Stokes,"August 21, 1966",Swainsboro,Area ethnic and civilization studies,National American University-Albuquerque,Data Warehouse Consultant,New India Co-Op Bank
Ashley Parrish,"November 7, 1969",Wilmar,Metallurgical engineering,Lake Land College,Cloud  Vulnerability System Admin/ Security Engineer,Automatic Data Processing (ADP)
Brooke Allen,"October 19, 2012",Clyde,Physiology,Robert Paul Academy of Cosmetology Arts & Sciences,Enterprise Business Development,P N Gadgil Jewellers
Jennifer Cooper,"April 28, 2021",West St. Paul,French german latin and other common foreign language studies,Michigan State University College of Law,Software QA Engr,Sms Envocare
Sandra Ingram,"March 21, 2025",Oak Shores,Criminal justice and fire protection,Calvin Theological Seminary,Senior Software Engineer,Entero Healthcare Solutions
Tracy Smith,"August 4, 2012",Huber Ridge,Electrical engineering technology,The Salon Professional Academy-Williston,IT Project Manager,Veer-O-- Metals
Victor Ball,"January 15, 1972",Ellinwood,Early childhood education,Pat Goins Ruston Beauty School,Software Engineer,Jamia Millia Islamia
Christian Riddle,"May 28, 1947",Goodman,Miscellaneous agriculture,Ross Medical Education Center-Granger,Software Engineer,Bioworld Merchandising
Thomas Ramos,"April 19, 1971",Cortez,Management information systems and statistics,Hohokus School of Trade and Technical Sciences,Watson AI Senior Software Engineer,Crest Premedia Solutions
Daniel Ferrell,"December 14, 1991",Point Pleasant,Neuroscience,Independence Community College,Owner,Bangalore Baptist Hospital
Tyler Russell,"May 20, 1986",Luke,Marketing and marketing research,Universal Technical Institute-Motorcycle Mechanics Institute Division,Senior Customer Success Manager - Enterprise,Birla Sun Life Insurance
Derrick Brown,"April 18, 2021",Buckeystown,Applied mathematics,Washington College,Automation Lead  Quality Engineer,Sumtotal Systems
Justin Cuevas,"January 13, 1970",Redfield,Biological engineering,Buckner Barber School,Product Manager at Wunderlist and Microsoft To-Do,P.D. Hinduja National Hospital and Medical Research Centre
Ruben Dunn,"November 23, 2020",Albion,Communication technologies,Catholic Theological Union at Chicago,Senior Data Center Engineering DCE-O,Lentra AI
Laura Lopez,"October 24, 1973",Winneconne,Biology,Broadview University-Boise,Senior Technical Support Engineer,Yuken India
Colin Vega Jr.,"March 23, 1982",Utica,Genetics,Keck Graduate Institute,Graduate Research Assistant,DSV - Global Transport and Logistics
Jennifer Warren,"May 20, 1956",Winslow,Multi/interdisciplinary studies,Tennessee Technology Center at Elizabethton,Software System Engineer,Shivam Autotech
Clifford Poole,"January 11, 1978",Bellaire,Pharmacy pharmaceutical sciences and administration,Bar Palma Beauty Careers Academy,Senior Product Engineer,Peninsula Land
James Howard,"May 1, 1955",San Saba,Advertising and public relations,Rockford University,Director  Product Management,Tatva Chintan Pharma Chem
Brendan Kelly,"October 8, 1987",Alamo,Drama and theater arts,Trend Setters Academy of Beauty Culture-Elizabethtown,Freelance Copyeditor,Nspira Management Services
Bonnie Santos,"April 20, 1930",Pacolet,Economics,Career Development Institute,Lead DevOps/Database Engineer,ContinuServe Softech India
Mrs. Kimberly Mooney,"February 20, 1954",Whitesboro,Biomedical engineering,Edward Via College of Osteopathic Medicine,Consultant,Quintessence Business Solutions & Services
Kenneth Washington,"October 30, 1967",Blakely,Journalism,Purdue University-Main Campus,Cybersecurity,Winjit Technologies
Teresa Smith,"May 28, 1952",Shaft,Psychology,Lacy Cosmetology School-Aiken,Senior Solutions Engineer,Tekshapers Software Solutions
Jeremy Silva,"April 16, 1947",Renner Corner,Medical assisting services,Daymar College-Online,Senior Cross-Functional Program Manager,Renishaw
Stacie Sanford,"December 10, 1987",Port Ludlow,Neuroscience,University of Maine at Fort Kent,CTO for Artificial Intelligence  IoT  Machine Learning at Lab2Fab  a Middleby Corporation Company,MeritNation
Denise Jones,"May 7, 1963",Mount Aetna,Information sciences,John D Rockefeller IV Career Center,Channel Marketing Manager  Cloud Security,Swal Corporation
Sarah Brock,"March 18, 2012",Medicine Lodge,Mechanical engineering related technologies,Notre Dame College,Consulting Engineer,SevenMentor
Katherine Lopez,"July 24, 2008",White Sands,Secondary teacher education,Kaplan College-Denver,Senior Software Engineer,Chowgule Industries
Kristine Garcia,"January 24, 1998",Johnsonburg,Psychology,Paul Mitchell the School-Green Bay,Senior IT Developer,Megha Engineering & Infrastructures
Justin Parrish,"August 26, 1969",Sullivan,Public policy,Fontbonne University,Member Of Technical Staff 3,Punj Lloyd
Victor Lewis,"February 25, 1931",Mullica Hill,Human services and community organization,University of Oklahoma Health Sciences Center,General Manager and Vice President of Products - Cloud,Emami
Jennifer Lopez,"October 12, 1968",Bear Creek,General medical and health services,Colegio Tecnologico y Comercial de Puerto Rico,Director of Data Analytics,Signex Technologies
Robert Smith,"November 13, 1954",Potter,Interdisciplinary social sciences,Irvine Valley College,SDE II,Jain Farm Fresh Foods
Scott Stein,"September 22, 2003",Cecilton,Music,Carrington College-Phoenix,Senior Sourcing & Supplier Manager - CSPG Server / Datacenter,Heritage Foods
Eric Flores,"October 29, 1959",Becker,Educational psychology,Grand River Technical School,Software Engineer,Path Infotech
Elizabeth Taylor,"February 13, 2016",Berlin,Computer and information systems,Barton County Community College,Senior Software Engineer,Om Enterprises
Maria Brennan,"March 2, 1982",Corvallis,Communication technologies,Drury University,Site Reliability Engineer,Jaya Hind Industries
Willie Munoz,"October 13, 1948",Richville,Criminology,Beaumont Adult School,Advisory System Engineer - Enterprise Sales,Milestone Gears
Samantha Aguilar,"May 1, 1988",White Cloud,Multi-disciplinary or general science,Florida Coastal School of Law,Software Engineer,Kirtane & Pandit
Dana Jennings,"May 19, 1963",Royal Pines,Mathematics and computer science,Western New Mexico University,Senior Director of Sales,Sun TV Network
Christopher Hall,"September 4, 1933",Drowning Creek,Geological and geophysical engineering,Georgia Highlands College,Senior Solutions Architect - Pre Sales Engineer,Valiant Organics
Jose Coleman,"October 6, 1977",Windy Hills,"Electrical, mechanical, and precision technologies and production",Clarion University of Pennsylvania,Business Transformation Leader,Bestech Group
Mrs. Ashley Taylor,"March 3, 2007",Palo,Fine arts,City Colleges of Chicago-Kennedy-King College,Software Development Engineer,Mahagun India
Joseph Murphy,"November 4, 1969",Bellmore,Industrial and manufacturing engineering,Lyon College,Software Engineer,Unison Pharmaceuticals
Hannah Luna,"November 8, 1953",Winchester,Marketing and marketing research,Glendale Community College,Senior Software Engineer III,Zee Laboratories
Justin White,"August 28, 1954",South Lyon,Physics,Franklin College,Project/Program Manager (Client : Fidelity Investments),S.K. Finance
Christopher Powell,"August 31, 1947",Makoti,Pharmacy pharmaceutical sciences and administration,Bryan University,Advanced Services,TA Digital
Rhonda Cervantes,"August 22, 1940",Olds,Film video and photographic arts,Riverside School of Health Careers,Implementation Consultant / Manager,Visen Industries
Colton Martinez,"January 11, 1945",Almedia,Hospitality management,Arcadia University,Senior Director  Systems Engineering/Office of the CTO,Khivraj Motors
John Rogers,"December 26, 1970",Dacoma,Information sciences,Newschool of Architecture and Design,Site Reliability Engineer,Qcon
Dawn Werner,"September 13, 1971",Beaufort,General medical and health services,Everest Institute-Hialeah,Student,Primus Techsystems
Anthony Carlson,"November 11, 2019",Brownsville,Applied mathematics,New York Academy of Art,Senior Global Workplace Strategy Leader,IQVIA
Joel Williams,"July 12, 1940",Lacey,Health and medical preparatory programs,North Iowa Area Community College,Network Consulting Engineer,Fuji Electric
Jason Powell,"January 7, 1952",Aberdeen,Zoology,Sikeston Career and Technology Center,Unified Access Business Associate - Enterprise Networking,Keltron
Anthony Price,"December 29, 1946",Odessa,Communication disorders sciences and services,Fortis Institute-Pensacola,Data Engineer,Apisero
Nicole Hodge,"February 15, 2011",Altamont,Composition and rhetoric,International Academy of Design and Technology-Chicago,Senior Software Engineer,Pepe Jeans
Erin Edwards,"May 20, 1946",Shavertown,Medical assisting services,Seattle Pacific University,Program Manager,Zamil
Benjamin Mclaughlin,"May 3, 1992",Mounds,Miscellaneous education,South Puget Sound Community College,Solution Engineer,Hindustan Unilever
Candice Ramirez,"November 13, 1941",Lakeview,Molecular biology,Northwest State Community College,Principal Software Engineer,Ghantoot Gulf Contracting
Erin Ortega,"April 1, 1946",Taylors Falls,Communication technologies,Scioto County Career Technical Center,Solutions Architect,Kerakoll
Sherri Baker,"January 15, 2015",Enoch,Transportation sciences and technologies,Aveda Institute-Lafayette,Biometrics Recruiter,Unity Small Finance Bank
Wendy Perez,"December 22, 1940",St. David,Management information systems and statistics,New York Medical College,Senior Accounts Executive - Mid-Market Sales,Jaguar Security Services
Brian Peters,"March 24, 1977",Glenvar Heights,Atmospheric sciences and meteorology,Bryant University,Enterprise Sales Manager,Essilor
Amy Robertson,"December 30, 2011",Rangely,Atmospheric sciences and meteorology,Arizona Western College,Escalations Engineer (Oncommand Product Team),MasterCard
Alisha Williams,"October 6, 2022",Lake View,Genetics,ITT Technical Institute-Baton Rouge,Principal Software Engineer,One Trust
Stephanie Salinas,"May 13, 1974",Tehama,Engineering and industrial management,Northeast Mississippi Community College,Google Cloud Certification Development & Marketing Program Manager - Consultant,ITC Group
Theresa Colon,"September 3, 1994",Nederland,Marketing and marketing research,Beloit College,Senior Manager  People Analytics Product Lab,Hospital Chemist
Mary Peterson,"July 2, 2021",Haskins,Forestry,Franklin W. Olin College of Engineering,Senior Hadoop Developer,Printo Document Services
Brandy Walter,"June 23, 1937",Pearl City,Military technologies,Asian American International Beauty College,Senior Information Security Engineer,Herman Miller
Stanley Martinez,"September 30, 2018",Riverton,Atmospheric sciences and meteorology,University of Maine,Senior Software Engineer,IIT Kanpur
Debra Johnson,"August 10, 1978",Reading,Visual and performing arts,Virginia Commonwealth University,Senior Network Engineer,Outbooks Outsourcing
Michael Bradshaw,"December 20, 1972",Englewood Cliffs,Forestry,Carousel Beauty College-Springfield,Senior Manager Internal Audit,Toyoda Gosei Minda
Arthur Jordan,"December 19, 1939",Oconomowoc Lake,Communication disorders sciences and services,Environmental Technical Institute-Blue Island,Graduate Student,Niyo Solutions
Diana Ramsey,"May 15, 1949",Bonanza Hills,Miscellaneous psychology,Sanford-Brown Institute-Orlando,Cloud Network and Edge Security Architect,"Ministry Of Health, New Delhi"
Derrick Diaz,"October 7, 1998",Green Valley,Medical assisting services,Everest College-San Francisco,Site Reliability Engineer I,Alf Engineering
George Vaughan,"September 14, 1931",North Canton,Architecture,Alverno College,Software Developer,Intas Pharmaceuticals
Christopher Klein,"July 1, 1967",Mulvane,Architecture,Roxbury Community College,Senior Data platform Engineer,Constantia Flexibles
Casey Wright,"February 1, 2023",Dora,Language and drama education,Resurrection University,Senior Solutions Engineer,ONPASSIVE
Charles Ford,"October 18, 1985",Edenton,Pharmacy pharmaceutical sciences and administration,Maria College of Albany,Technical Lead,Softtech Engineers
Stephanie West,"April 15, 1987",Corrales,Soil science,ITT Technical Institute-Durham,Vice President  Customer Engagements  Technical Services,Punjab and Maharashtra Co-operative Bank
Donald Bell,"October 13, 2019",Rockville,Human resources and personnel management,Morrison Institute of Technology,Techincal Lead,Total Shipping & Logistics
Samantha Gardner,"August 31, 1987",Clarksville,Miscellaneous psychology,National American University-Brooklyn Center,Cyber Security Analyst,Luxottica India Eyewear
Carrie Coffey,"October 10, 1986",The Woodlands,Engineering mechanics physics and science,Charleston Southern University,Manager of Cloud Security Sales,Eli Lilly and Company
Justin Simmons,"April 20, 1988",Oriskany Falls,Visual and performing arts,Washington University in St Louis,Channel Development Manager,GD Goenka Public School
Tommy Romero,"February 23, 1943",Canyon Lake,Transportation sciences and technologies,Erie 2 Chautauqua Cattaraugus BOCES-Practical Nursing Program,Manager  Storage Software,Anand Rathi Global Finance
Elizabeth Butler,"January 25, 1986",Rhome,Electrical engineering,California Career School,Principal Engineer  Platform Software,Hoonartek
Ryan Rosales,"December 13, 2025",Macon,Family and consumer sciences,Fortis Institute-Grand Prairie,General Manager  Voice and Video,K D Hospital
Brandon Carrillo,"March 31, 1988",Ramona,Science and computer teacher education,University of Wisconsin-Superior,Software Engineer,SOGEFI
Kaitlyn Collier PhD,"July 16, 1970",Carbon Hill,Computer programming and data processing,Epic Bible College,Converged Infrastructure BDM,Ven Consulting
Kathryn Smith,"December 21, 1989",White Sulphur Springs,Botany,Michigan State University College of Law,Project Management & Planning Operations Supervisor,Varmora Granito
Christie Mccullough,"February 6, 1997",Ardsley,Library science,Yeshivat Mikdash Melech,Network Wireless Consultant.,iPlaceUSA
Lauren Stone,"September 13, 1968",Ephraim,Linguistics and comparative language and literature,Aveda Institute of New Mexico (The),Software Engineer IV/DevOps Team Lead,Canon
Erin Warner,"November 2, 1964",Bridgeton,Elementary education,The Lab-Paul Mitchell Partner School,Senior Software Engineer,Hashedin By Deloitte
Eric Henry Jr.,"November 19, 2012",Susanville,Applied mathematics,Dallas Nursing Institute,Network Engineer,Modicare
Jennifer Mckenzie,"July 10, 1944",Samnorwood,N/a (less than bachelor's degree),Regency Beauty Institute-Dayton,National Account Manager,GM Modular
Albert Black,"October 22, 1940",Bowmore,English language and literature,The Hair Design School-Jackson,Member Of Technical Staff,Kinetic Engineering
Marie Jones,"May 31, 2005",Manchaca,Biology,Everest Institute-Marietta,Software Engineer,Godrej & Boyce Manufacturing
Evelyn Pacheco,"September 25, 2006",Strang,General medical and health services,Ivy Tech Community College,Senior Big Data Engineer,Manav Rachna International School
Daniel Martinez,"January 12, 2019",Addyston,Soil science,Plaza College,Senior Software Engineer,Apex Group
Mary West,"September 1, 1968",Kuna,Court reporting,Minneapolis College of Art and Design,Product Manager,AuthBridge Research Services
Jennifer Fields,"December 10, 2020",Princeton Meadows,Botany,Academy of Salon and Spa,Field Account Manager - DOJ/Federal Law Enforcement,Daimler India Commercial Vehicles
Kevin Fischer,"December 4, 2012",Kangley,Mathematics,Boston Graduate School of Psychoanalysis Inc,Director of Product Management,Suryoday Small Finance Bank
David Williams,"May 27, 1962",Elkhart,Miscellaneous psychology,Elite School of Cosmetology,Software Architect,Merck Life Science
Nancy Williams,"November 13, 1983",Griggstown,Molecular biology,Yeshiva Karlin Stolin,Senior Data Engineer,Elite Engineering And Construction
Sean Moore,"September 28, 1953",Kalaheo,Science and computer teacher education,The Salon Spa Academy,Lead Network Engineer/IP Core Engineering,Samunnati Financial Intermediation and Services
Barbara Burns,"October 13, 2024",Templeton,Political science and government,Future-Tech Institute,Account Executive - Financial Services  Service Cloud,Baggit
Crystal Abbott,"December 8, 1944",Stanton,Miscellaneous engineering,Merced College,User Experience Designer III,Emami Frank Ross
Jerry Jensen,"June 24, 1953",Mason,Pharmacology,Averett University,Segment Operations Manager,CESC
Jennifer Wise,"December 28, 2003",Worthington Springs,Fine arts,Covenant School of Nursing and Allied Health,Software Engineer II,Corporation Bank
Jeffrey Fuller,"March 20, 1948",Dunnstown,Agriculture production and management,The Salon Professional Academy of Elgin,New Product Introduction Program Manager/ Release Manager,Ameyo
Lisa Mercer,"July 1, 2019",Fresno,Marketing and marketing research,Kaplan College-Modesto,CFT Project Manager,Pole To Win
Diane Evans,"July 27, 1964",Royal Kunia,Molecular biology,Cambria-Rowe Business College-Johnstown,Lead Application Developer,Indostar Capital Finance
Mitchell Williams,"January 13, 1996",Williston Park,Electrical engineering technology,Pennsylvania State University-Penn State Berks,Software Engineer,Mothers Recipe
Sandra Alvarez,"March 29, 1942",Scenic Oaks,N/a (less than bachelor's degree),Shippensburg University of Pennsylvania,Software Engineer,JAAC TECHNO SERVICES
Tasha Cochran,"March 19, 2020",Geneva,Economics,Vatterott College-Kansas City,Senior QA Automation engineer,Alpla
David Wise,"April 13, 1951",Kenneth,Soil science,University of Phoenix-Nashville Campus,Senior Cloud Engineer/SRE,Doosan Power Systems
Gloria Odom,"November 1, 2019",Wahpeton,Multi/interdisciplinary studies,Daniel Webster College,Senior Principal Software Engineer  Infrastructure and Networking Group,GE Vernova
Chris Rogers,"December 19, 1963",Boiling Springs,Court reporting,Nashville Barber and Style Academy,Product Owner,Talbros
Kelsey Howell,"August 10, 2017",Valley Grove,Architecture,Argosy University-Sarasota,Policy Specialist,Solartis Technology Services
William Lindsey,"May 22, 1952",Park City,Social work,Fayetteville Beauty College,Principal Systems Engineer,Veeda Clinical Research
Elizabeth Daniels,"August 8, 1980",Vergas,Art and music education,Gateway Community College,Senior Director - GTM Strategy & Operations - Cloud Infrastructure,Specsmakers Opticians
Gail Moss,"November 9, 1932",Hartford,Court reporting,Holy Family University,Systems Engineer 1,Peninsula Land
Emily Wilson,"January 6, 2017",Buffalo,Commercial art and graphic design,Regency Beauty Institute-Springfield,Full Stack Software Engineer,Koso India
Jason Ferrell,"August 25, 1992",Adak,Criminology,Regency Beauty Institute-Mesquite,AWS Cloud Developer,Essae Digitronics
Sergio Carroll,"March 21, 1942",West Canton,Geology and earth science,University of Colorado Denver,Software Engineer,Axis Direct
Stephen Mitchell,"April 16, 1980",Palmetto,Genetics,San Joaquin Valley College-Bakersfield,Systems Engineering Manager,Paper boat
Keith Gonzalez,"December 13, 1937",Sparks,Science and computer teacher education,Empire Beauty School-Bloomington,Systems Engineer,Maccaferri
Matthew Leonard,"November 28, 1949",Cameron,Applied mathematics,Institucion Chaviano de Mayaguez,Data Analyst,Shakti Precision Components
Marie Jones,"May 31, 2005",Manchaca,Biology,Everest Institute-Marietta,Software Engineer,Godrej & Boyce Manufacturing
Cody Woods,"August 7, 1956",Preston-Potter Hollow,Marketing and marketing research,Interior Designers Institute,Media Sales Account Executive,AbsolutData
Scott Anderson,"August 13, 1954",Mexico,Treatment therapy professions,Lees-McRae College,Senior Software Engineer/Team Lead,DHL Global Forwarding
Veronica Osborne,"December 21, 1940",Fowler,Other foreign languages,Orangeburg Calhoun Technical College,Professional Applications Recruiter,CIBERsites India
Justin Ellison,"June 21, 2007",Bay Village,Chemical engineering,Beauty Technical College Inc,Software Development Manager,Zahran Operation & Maintenance
Martin Cox,"September 5, 1939",Merwin,Public administration,Ridley-Lowell Business and Technical Institute,Principle Consultant,Choice Solutions (India)
Marissa Green,"September 6, 2017",Osgood,Electrical engineering,Institute of Audio Research,Founder & Investor,Jetking Infotrain
Tiffany Peterson,"April 22, 1964",Island Heights,Miscellaneous fine arts,Thompson Institute,Lead Program Manager,Manav Rachna International University
Philip Fernandez,"December 19, 2012",Coachella,Health and medical preparatory programs,Irvine Valley College,Regional Sales Manager,Clinic Dermatech
Richard Gordon,"November 23, 1950",Pastura,Agriculture production and management,College of International Esthetics Inc,Senior Network Operations Engineer,Worley
Sophia Johnson,"May 11, 1964",Union Gap,Architectural engineering,Southeast School of Cosmetology,Senior Staff Software Engineer,Liberty Shoes
Jose Ramsey,"November 4, 1960",Sandy Ridge,Treatment therapy professions,Ohio State University-Main Campus,Data Engineer,MyMoneyMantra
Daniel Vincent,"April 2, 1943",Rich Hill,Environmental science,Clarion County Career Center Practical Nursing Program,President and Owner,Shrinath Rotopack
Jill Bean,"January 23, 1946",Salmon Brook,Social work,Valdosta State University,Senior Product Manager,Botree Software International
Rebecca Henderson,"December 12, 1936",College Station,Cognitive science and biopsychology,Kaplan University-Mason City Campus,Solutions Architect,Wockhardt Hospital
Brandon Johnson II,"January 8, 1975",Sneads,Botany,Community College of Rhode Island,UI Developer,Ramco Steels
Kelly Brown,"April 14, 1967",Ferndale,Geography,Anamarc College-Santa Teresa,Vice President Global Supply Chain,Svatantra Microfin
Dustin Gregory,"October 2, 2000",Sterling,Health and medical administrative services,Shiloh University,Software Engineer,Financepeer
Amanda Walters,"April 8, 1995",New Chapel Hill,Computer engineering,Del Mar College,Software Engineer III,RND Softech
Levi Meadows,"January 10, 2014",Summersville,General medical and health services,Regency Beauty Institute-Flint,Cloud Solution Architect,Impresario Entertainment & Hospitality
Mr. William Ward,"February 3, 2021",Roselle,Mining and mineral engineering,ITT Technical Institute-Greenfield,Engineering Manager,Hilti
Carlos Adams,"October 24, 1941",Deatsville,Visual and performing arts,Paine College,Software Engineer,Partha Dental
Dr. Teresa Ortega MD,"November 12, 2016",Virginia Gardens,Interdisciplinary social sciences,Dominican School of Philosophy & Theology,Product Marketing,Kundan Group
Wesley Williams,"November 29, 1982",Glenwood Springs,General business,Sanford-Brown College-Atlanta,Senior Marketing Manager  Cloud Service Providers,Ministry of Defence
Melissa Lawson,"March 21, 1988",Adamsburg,Early childhood education,Argosy University-Chicago,Project Manager,HealthAssure
Tammy Alexander,"March 18, 1995",Crowley,"Electrical, mechanical, and precision technologies and production",Empire Beauty School-Eden Prairie,Software Engineer,DIVI'S Laboratories
Mary Jensen,"March 21, 1964",Patterson Springs,Early childhood education,Goodwin College,Software Developer,Corrtech International
Tina Ortiz,"November 8, 1981",Mantua,"Electrical, mechanical, and precision technologies and production",Southern Connecticut State University,Software Engineer,NSHM Knowledge Campus
Matthew Evans,"June 5, 1935",Miami,Industrial production technologies,Urshan Graduate School of Theology,Senior Account Executive,Asian Colour Coated Ispat
Lisa Nelson,"August 20, 1970",Remington,General medical and health services,Everest University-Lakeland,Product Marketing,Mahatma Gandhi Medical College & Hospital
Stephanie Fields,"May 16, 2023",Thurmont,Biochemical sciences,Minot State University,Executive Assistant to Sydney Carey  CFO + Finance,AG&P Pratham
Julie Johnson,"September 15, 2023",Hanaford,Family and consumer sciences,Kenrick Glennon Seminary,Software Engineer,Param Renewable Energy
Elizabeth Dean,"March 2, 1944",East Pasadena,General education,My Le's Beauty College,Enterprise Engineering Manager,NVH India Auto Parts
Andre Watson,"December 15, 2024",Ballard,Architecture,Crossroads College,Program Manager at Emerge Partners,Kanakadurga Finance
Andrew Christian,"June 15, 2000",Chester,Computer science,Chipola College,CEO / Co-Founder,Goibibo
Eric Taylor,"March 31, 1956",Melvina,Physiology,Empire Beauty School-West Mifflin,Strategic Account Manager,Bharat Financial Inclusion
Steven Mayo,"September 12, 1940",Gary City,Electrical engineering technology,Coastal Carolina Community College,Senior System Engineer,ONKAR DIES
Kyle Jimenez,"June 2, 1967",Long Grove,Engineering technologies,InterCoast Colleges-Orange,Systems Engineer,Axis Securities and Sales
Nicole Gonzalez,"October 2, 1957",Blacksburg,Microbiology,Josef's School of Hair Design Inc-Grand Forks,Software Engineer,Paras Dairy
Cynthia Larson,"August 31, 1944",Scotch Meadows,Music,Regency Beauty Institute-Akron,Senior Software Engineer,91Squarefeet
Brad Rivas,"July 29, 2025",Antares,Health and medical preparatory programs,Chambersburg Beauty School,Global Azure Principal Solutions Specialist,DentalKart
Michael Madden,"January 16, 1967",Petersburg,Psychology,The Academy of Radio and TV Broadcasting,Salesforce & PeopleSoft Technical Trainer & Consultant,Medusind Solutions
Karen Rodriguez,"November 20, 1945",Old Fort,Petroleum engineering,Career Technology Center of Lackawanna County,Technical Solutions Architect,Farmson Pharmaceutical
Nicole Barron,"April 24, 1952",St. Paul,Geology and earth science,Marshalltown Community College,Windows System Administrator - Engineering Support,Pps Motors
Jeff Burgess,"September 17, 2013",Algood,General social sciences,University of Mount Union,Senior Software Engineer,Chromewell Engineering
April Clark,"August 31, 1993",Bushnell,Agricultural economics,Charleston Southern University,President,ZestMoney
Nicholas Rush,"October 17, 1957",Radium Springs,Human services and community organization,Taylor Technical Institute,Software Engineer,Unison Pharmaceuticals
Elizabeth Jackson,"July 18, 1979",Kiowa,United states history,The Creative Center,Strategy Director,Eqic Dies & Moulds Engineers
Sheila Myers,"June 14, 2004",De Beque,Oceanography,Kutztown University of Pennsylvania,Marketing Operations Budget Manager,Log 9 Materials Scientific
Erica Huynh,"June 5, 1951",Rosebud,Geology and earth science,John D Rockefeller IV Career Center,DevOps Consultant,Omaxe
Laura Mosley,"November 24, 1951",Leilani Estates,Library science,Coppin State University,Account Manager,Skymet Weather Services
Kayla Rodriguez,"October 29, 1974",Virgil,Computer programming and data processing,Southern University-Board and System,Systems Reliability Engineer II,Segula Technologies
Vincent Zuniga,"January 24, 1997",Catlett,Mining and mineral engineering,Herkimer County BOCES-Practical Nursing Program,Customer Solutions Architect,Future Retail
Sherry Jones,"February 25, 1937",Lake Crystal,Biological engineering,Empire Beauty School-Maine,Accessibility Test Engineer,Spencer's Retail
Greg Wood,"November 18, 1994",Makena,Advertising and public relations,Butler Community College,Senior Account Executive,Eversendai
Amber Kennedy,"June 12, 1948",Prompton,Industrial and organizational psychology,Strayer University-Global Region,Senior Manager  Product Security,Amazon
David Pennington,"January 10, 1932",Oneonta,Miscellaneous engineering,Academy of Salon and Spa,Engineering Consultant,SCOPE T&M
Daniel Chen,"October 5, 1983",Albrightsville,Commercial art and graphic design,Somerset Christian College,Domain Architect,Halonix Technologies
Michelle Byrd,"January 5, 1949",Mililani Mauka,Soil science,King's College,Senior Technical leader.services,Smc Insurance Brokers
Andrew Whitney,"March 21, 1969",Miami,Sociology,Anthem Institute-Parsippany,Citi Architecture and Technology Engineering Senior Program Manager,KIA MOTORS
Robert Vargas,"April 28, 1968",Landess,Biomedical engineering,Union College,Senior Software Engineer,Teradata
Sarah Moore,"August 24, 2020",Lawrence,Statistics and decision science,Shelton State Community College,Software Engineer,Ginesys
Manuel Diaz,"December 8, 1932",Akron,Economics,Wayne County Community College District,Senior Software Engineer,Prabhat Dairy
Angelica Clark,"July 9, 1982",Sigel,Social psychology,Massasoit Community College,Software Engineer,JP Infra
Cody Burgess,"June 15, 1998",Bluefield,General engineering,Walla Walla Community College,Infrastructure Engineer,Welcomhotel By ITC Hotels
Samuel Turner,"December 23, 1939",Oakbrook,General agriculture,Newberry College,B2B Personalization Product Owner,Vialto Partners
Robert Perkins,"August 9, 2010",Williford,English language and literature,Life University,Technical Support Engineer,Premium Chick Feeds
Crystal Livingston,"March 25, 2013",Vintondale,Civil engineering,Star Career Academy-Norristown,Enterprise Sales Engineer,Lava International
Pamela Aguirre,"December 31, 1967",Palmhurst,Educational psychology,CET-Gilroy,Product Manager,Hexagon Capability Center
James Gardner,"June 20, 1958",Aroma Park,Pharmacology,Volunteer State Community College,Senior Practice Manager - Cybersecurity and Risk Services,Canny Brains
Tiffany Gray,"May 20, 1949",Wilson,Studio arts,The Hair Design School-E Greensboro,Talent Acquisition Senior Recruiter,Source One Management Services
Bonnie Barnett,"February 5, 1964",Divide,Engineering mechanics physics and science,Jacksonville College-Main Campus,Wireless escalation Software Engineer,ETP International
Jessica Morales,"March 20, 2009",Elizabeth,Plant science and agronomy,International School of Beauty Inc,Software Developer,Corpone Staffing Solutions
Phillip Kelly,"May 2, 1965",Elsberry,Educational psychology,Putnam-Westchester BOCES Practical Nursing Program,Software Engineer,Jaypee Brothers Medical Publishers
Linda Miller,"April 21, 1949",Kirwin,Materials engineering and materials science,John Brown University,Director of Marketing,Abaris Healthcare
Joshua Ruiz,"November 16, 1991",Anguilla,Medical assisting services,New York Methodist Hospital Center for Allied Health Education,Software Developer II,DAEWOO E&C
Beth Hall,"August 15, 1980",Vienna,Community and public health,West Coast University-Orange County,Engineering Manager,Taal Tech India
Katherine Alvarez,"March 25, 1983",Dora,Studio arts,Virginia College-Montgomery,Software Development Engineer II,Jain Amar Clothing
Pamela Cox,"November 25, 1989",Solana Beach,"Nuclear, industrial radiology, and biological technologies",Nazareth College,Senior Product Manager,Fangs Technology
Christina Taylor,"July 9, 1937",Munday,Treatment therapy professions,Concordia College at Moorhead,Vice President - Solution Engineering,Mapro Foods
Jake Campbell,"July 29, 2000",Dennis Acres,United states history,University of New Hampshire at Manchester,Senior Solutions Consultant,Export Trading group
Alex Steele,"February 9, 1969",Crosspointe,Aerospace engineering,InterCoast Colleges-Orange,Technical Leader,Sterling Accuris Wellness
Robert Gutierrez,"April 30, 1975",Lonaconing,School student counseling,Ross Medical Education Center-Ann Arbor,Manager  Software Development,MSL Driveline Systems
Cassandra Williams,"January 30, 1937",Cut Bank,Science and computer teacher education,Regency Beauty Institute-Flint,Senior Manager Product Marketing,Reliable Autotech
Brian Mclaughlin,"February 10, 2001",Waverly,Mechanical engineering,Brown Mackie College-Miami,Member,Coronis Health
John Cook,"March 31, 1979",Long Creek,Environmental engineering,Asbury Theological Seminary,Senior DevOps & AWS Engineer,Nxtgen Datacenter Cloud Technologies
Beth Kerr,"December 3, 1949",Bakerstown,Physical fitness parks recreation and leisure,The University of Texas-Pan American,Senior Software Engineer  Data Quality,Landmark Group
Luke Gordon,"May 20, 1969",Sims,Criminology,Palladium Technical Academy,Business Intern,EMERSON PROCESS MANAGEMENT
Sarah Taylor,"August 6, 1934",Chester,Architecture,University of Richmond,Director  Pre-Sales Engineering - US Enterprise East,Mothercare
Ashley Hicks,"July 9, 1939",Bellflower,Educational administration and supervision,Buena Vista University,Director  Customer Experience,Globe Capital Market
Melissa Winters,"July 3, 2024",Toms Brook,Communication technologies,Carousel Beauty College-Springfield,Architect,DLT Lab Technologies
Peter Thomas,"February 2, 1980",Greenville,General agriculture,St Joseph's Medical Center School of Radiography,senior network engineer,Ecocat India
Earl Marquez,"December 12, 2004",Lemmon Valley,Teacher education: multiple levels,North-West College-Glendale,Senior Director,Farida Group
Ashley Coleman,"February 22, 1953",Alamo,Geosciences,Le Cordon Bleu Institute of Culinary Arts-Pittsburgh,Product Manager  Governance Risk and Compliance and Vendor Risk Management,Honda India Power Products
Darrell Coleman,"March 27, 1952",Wales,Art and music education,Moler Barber College,Software Engineer (Contractor),Transdyne IT Services
Sean Spencer,"June 10, 1971",Murphysboro,History,Long Island University-University Center Campus,Consultant,WEBSOL ENERGY SYSTEMS
Cody Hoover,"July 15, 2017",Cowley,General business,Kennesaw State University,Senior Director  Engineering,Markem Imaje
Andrea Hughes,"May 6, 2017",Kinta,Management information systems and statistics,Kaplan College-Corpus Christi,Product Manager,Birla white
Timothy Flowers,"May 6, 1981",Abbott,Engineering technologies,Northampton County Area Community College,Senior Account Manager,Him Teknoforge
Samuel Rocha,"May 14, 1938",Wrenshall,Nursing,Guy's Shreveport Academy of Cosmetology Inc,Lead Project Analyst/Engineer IT,Optum Global Solutions
Benjamin Alvarez,"December 14, 1980",Ross,Early childhood education,Northwest Educational Center,Design Verification Engineer,SBFC Finance
Terri Pennington,"July 30, 2001",West Point,Accounting,Spring Hill College,Engineering Ops / Program Manager Staff,Royaloak Incorporation
Aaron Shepard,"February 17, 1959",Elk Garden,Miscellaneous health medical professions,ITT Technical Institute-Myrtle Beach,Corporate Account Manager,TCPL Packaging
Steven Thomas,"November 15, 1958",Bettsville,Commercial art and graphic design,College of the Holy Cross,ASIC Verification Engineer,Bombay Rayon Fashions
Dean Mullins,"May 4, 2018",Coaldale,Criminology,Empire Beauty School-Maine,Software Engineer (Automation Systems),Rakshit Drugs
Alexa Johnson,"April 28, 1953",Bellmont,Actuarial science,Beauty Academy of South Florida,Member of Technical Staff,Anunta Technology Management Services
Samantha Soto,"May 21, 1935",Long Branch,"Nuclear, industrial radiology, and biological technologies",Lac Courte Oreilles Ojibwa Community College,Software Engineer III,Thriveni Sainik Mining
Heather Bradford,"February 2, 1952",Nettie,Film video and photographic arts,Volunteer Beauty Academy-System Office,Senior System Engineer,Narayana Junior College
Amy Martinez,"October 27, 2025",Ruth,Human resources and personnel management,CET-San Bernardino,Product Marketing Manager / Business Operations Manager (Business Development Operations - Services),Intec Infra-Technologies
Mitchell Garza,"September 13, 1956",East Hodge,Architectural engineering,Cincinnati State Technical and Community College,Software Engineer,Enquero
Sara Yang,"February 14, 1954",Callender,Atmospheric sciences and meteorology,Everest College-Chesapeake,Director Of Engineering - Digital Platform & Data Science Engineering,Ginni Filaments
Sean Burton,"August 24, 1990",Crystal Bay,Electrical engineering technology,Nationwide Beauty Academy,Software Engineer,J. C. Penney
Sara Obrien,"November 2, 2011",Mount Vista,Computer programming and data processing,New River Community College,Recruiter,New Opportunity Consultancy
Crystal Livingston,"March 25, 2013",Vintondale,Civil engineering,Star Career Academy-Norristown,Enterprise Sales Engineer,Lava International
Chelsey Clark,"October 14, 2001",Inver Grove Heights,Cosmetology services and culinary arts,Eli Whitney Technical High School,Technology Solutions Architect - Cloud & Software & Data Center & Campus / Network,Upwork
Melissa Wolf,"April 4, 1979",Goodman,Miscellaneous engineering technologies,Four Rivers Career Center,US Enterprise Pre-Sales Leader,Rotomaker
Debbie Schneider,"December 11, 1952",Sunset,Communications,The University of Texas at Austin,Senior Network Architect,Azuga Telematics
Susan Patrick,"October 5, 2022",Ore City,General business,Rabbinical College of Ohr Shimon Yisroel,Senior Systems Engineer,Pure & Cure Healthcare
Richard Harper,"March 27, 1974",Noblesville,English language and literature,Mandalyn Academy,Software Engineer,Genesys International Corporation
David Carter,"December 1, 1959",Gloverville,French german latin and other common foreign language studies,Stevens-Henager College-Logan,Senior Product Manager,Prolific Systems & Technologies
Michael Patrick,"May 23, 1950",Braman,Microbiology,Western Connecticut State University,Senior Systems Engineer,Modi Mundi Pharma
Denise Jacobs,"March 25, 1947",Burke,Social science or history teacher education,Brittany Beauty School,Technical Solutions Architect,Rodic Consultants
Kaitlyn Adams,"January 18, 1999",Magnolia Springs,Naval architecture and marine engineering,Inter American University of Puerto Rico-Barranquitas,Splunk Engineer/Developer,FAIRWAY ENTERPRISES
Robert Thomas,"June 2, 1999",Richwood,Forestry,Houston Graduate School of Theology,Software Engineer II,Micron Electricals
Claudia Brown,"December 21, 1978",Onarga,Mathematics teacher education,International Baptist College,Director  Workforce Data and Analytics,Lumens Technologies
Regina Phillips,"May 14, 1983",Altamont,Miscellaneous business & medical administration,MedTech College-Ft Wayne Campus,Senior Software Test Engineer,Foxconn
Heidi Gonzalez,"April 19, 1931",Watson,Anthropology and archeology,Anthem College-Kansas City,Technical Support Engineer II,Freudenberg Gala Household Product
Cynthia Vang,"July 4, 1935",Manchester,Communication disorders sciences and services,Yeshiva Derech Chaim,Technical Marketing Engineer,APL Apollo Tubes
Jason Hardy,"March 11, 1960",Saddle River,Naval architecture and marine engineering,ITT Technical Institute-Westminster,Director of Product,COSMO Infrasolutions
Christine Wong,"October 24, 2018",Daisetta,Other foreign languages,Michigan School of Professional Psychology,Solutions Architect (Emerging Technologies  Telco SDN/NFV/Cloud/MANO/Automation),The Hi-tech Robotic Systemz
Rebecca Dougherty,"August 19, 1998",Dubois,Liberal arts,College of Coastal Georgia,Senior Systems Engineer (Sales),Tatva Global School
Dr. Jennifer Smith DVM,"August 29, 2000",Eden,Public administration,Anna Maria College,Sales Engineer,APPL Industries
John Jones,"January 22, 1945",Amherst,Ecology,Rio Hondo College,Senior Director of Engineering,Ess Kay Fabrication
Michaela Hernandez,"April 22, 2006",Piru,Public administration,Illinois Valley Community College,Software QA Automation and Testops Engineer,Talwalkars Better value Fitness
Louis Brown,"May 29, 1982",Telford,Electrical engineering,Umpqua Community College,System Engineer II,Gulf Oil Corporation
Christine Martin,"December 20, 1940",University Park,Cosmetology services and culinary arts,Champion Institute of Cosmetology,Site Reliability Engineer,Amol Pharmaceuticals
Benjamin Brown,"February 26, 1941",Gardner,Hospitality management,University of Wisconsin-Whitewater,Site Reliability Engineer,Bhutani Group
Eric Shaffer,"October 13, 1989",Ridgecrest,Teacher education: multiple levels,Flair Beauty College,Quantitative Analyst,ATC Telecom Infrastructure
Samuel Bowman,"November 20, 2019",Encino,Hospitality management,Craven Community College,Senior Data Scientist II,BDR Pharmaceuticals International
Sarah Smith,"January 7, 1985",Perryman,Agricultural economics,Virginia College-Baton Rouge,ZPA Regional Sales Manager  Northeast,Avantel
Nancy Gaines,"August 30, 1958",Upper Santan Village,Film video and photographic arts,Paul Mitchell the School-Wichita,Senior Product Manager,Jamia Hamdard University
Alan Mahoney,"June 24, 1995",Marianne,Biological engineering,Traxlers School of Hair,Software Engineer,Ddrc Srl Diagnostics
Jon Jackson,"April 15, 1955",Stapleton,Food science,DeVry University-Tennessee,Staff Engineer  ML Compiler Team,Paras Buildtech
Jennifer Adkins,"August 18, 1946",Vidalia,Biomedical engineering,University of Central Arkansas,Senior Global Security Engineer,Altera Digital Health
Ryan Guerrero,"April 5, 1972",Bessemer,Art history and criticism,Wade College,Associate,ASA & Associates
Jessica Long,"May 6, 1989",Hungerford,Medical technologies technicians,University of Phoenix-Atlanta Campus,Manager - GM Product Cybersecurity for Infotainment,Indian Terrain Fashions
Nicole Mills,"May 12, 1962",Birchwood,Miscellaneous fine arts,Odessa College,Senior Manager  Regional Sales,Mott MacDonald
Amy Garcia,"January 1, 1955",Spring Valley,Elementary education,DeVry University's Keller Graduate School of Management-California,Linux/AWS/Openstack - Cloud Engineer,ShopX
Carlos Kirk,"September 2, 1969",Alden,Fine arts,H Councill Trenholm State Technical College,Product Manager  DevOps,Aptus Value Housing Finance India
Shannon Hernandez,"July 3, 1963",Jasper,Genetics,Kendall College,Global Services Executive,Vandana Global
Robert Gomez,"July 30, 1965",Montague,Naval architecture and marine engineering,National American University-Denver,Senior Partner Marketing Manager,D Light Energy
Joy Zimmerman,"July 17, 1992",Pasatiempo,Astronomy and astrophysics,Landmark College,Software Developer,Creative Synergies Group
Dr. Jennifer Smith DVM,"August 29, 2000",Eden,Public administration,Anna Maria College,Sales Engineer,APPL Industries
Carol Ingram,"September 27, 1930",Waterloo,Naval architecture and marine engineering,Virginia College-Richmond,Product Designer II,Dr. Balabhai Nanavati Hospital
Cheryl Sandoval,"March 10, 2004",Grenville,Miscellaneous business & medical administration,Demmons School of Beauty,Partner  Senior Solution Architect,Techved Consulting
Ann Hansen,"April 6, 1971",Smithfield,Atmospheric sciences and meteorology,Laird Institute of Spa Therapy,Data Science Immersive Program - Student,Ingenero Technologies
Nicole Rodriguez,"September 15, 2024",Emmet,Criminal justice and fire protection,First Coast Technical College,Technical Marketing Engineer,Indian Coast Guard
Kimberly Alvarez,"May 26, 1969",Lincoln,General education,Charles A. Jones Career and Education Center,Director of Real Estate and Workplace Services,SOTI
John Massey,"April 16, 1953",Big Bend,Engineering mechanics physics and science,Mech-Tech College LLC,Partner & Managing Director,Bobst India
Brian Davis,"January 4, 1945",Bellwood,Visual and performing arts,Wisconsin School of Professional Psychology,Account Manager  (Mid-Market Commerical),Milk Mantra Dairy
William Edwards,"October 14, 1997",Riverdale,Journalism,Unitech Training Academy-Alexandria,Director  Software Development,Great Champ Technology Limited
John Carter,"August 7, 1973",Cross Plains,Interdisciplinary social sciences,Empire Beauty School-Malden,Fellow Pirate,Sterling Holiday Resort
Keith Wright,"December 7, 1956",Port Royal,Cosmetology services and culinary arts,Tricoci University of Beauty Culture-Glendale Heights,Senior Software Engineer,Mövenpick Hotels & Resorts
Abigail Mills MD,"June 28, 2000",Tekoa,Plant science and agronomy,Brittany Beauty School,Staff Software Engineer,Shriram Automall
Catherine Williams,"December 5, 2018",Andrews,Early childhood education,Uta Mesivta of Kiryas Joel,Senior Systems Engineer  Americas Partners  Juniper Networks,Escon Elevators
Steven Butler,"March 2, 2025",Fairlee,Public administration,Villa Maria College,Associate Tech Specialist,ADNOC
Timothy French,"April 15, 1974",Thomson,Film video and photographic arts,Chamberlain College of Nursing-Missouri,Senior Manager Security Services,Elite Engineering And Construction
Maria Taylor,"March 11, 1979",Oxford,Soil science,Regina's College of Beauty-Monroe,Financial Analyst - OpEx,Sjmmcsl
Melanie Davidson,"June 8, 1963",New Auburn,"Nuclear, industrial radiology, and biological technologies",Mitchell Technical Institute,Senior Platform Administrator,The West Coast Paper Mills
Cynthia Freeman,"July 27, 1930",Apison,Communication technologies,Quinebaug Valley Community College,Project Manager,Samsung Display
Kevin Snyder,"April 10, 1972",Pearsonville,Film video and photographic arts,Kentucky Wesleyan College,Software Engineer,TAJSATS AIR CATERING
Paul Franco,"March 5, 1947",Copperopolis,Statistics and decision science,Institute of Design and Construction,Senior Software Engineering Manager,Kanakadurga Finance
Angel Rojas,"May 6, 1964",Ainsworth,Agricultural economics,Baptist Memorial College of Health Sciences,Software Engineer,Minda Furukawa Electric
Tony Moore,"August 11, 1998",Melrose,Treatment therapy professions,Knox County Career Center,Graduate Research Assistant,Govt of Karnataka
James Livingston,"December 1, 2013",Peoa,Court reporting,Illinois College,Principal Engineer,MARK EXHAUST SYSTEMS
Elizabeth Holmes,"August 13, 1955",Bibo,Physical fitness parks recreation and leisure,Assabet Valley Regional Technical School,Engineer,RFCL
Mr. Micheal Ray,"December 11, 1969",Ramblewood,General medical and health services,Ronny J's Barber Styling,Data and Projects Analyst,Tirumala Milk Products
Erin Nash,"October 26, 1963",Cyril,Operations logistics and e-commerce,Pima Medical Institute-Tucson,DevOps Engineer,Amp Motors
Brian Ware,"August 22, 2017",Northvale,School student counseling,Paul Mitchell The School-Arlington,Corporate Counsel  Product,Bando India
James Robinson,"November 11, 1968",Newton,Communication disorders sciences and services,Centura College-Alexandria,MTS Software Engineer  - DPG,Defsys Solutions
Mrs. Meghan Sanders,"June 6, 1934",Woodsboro,Forestry,Jenny Lea Academy of Cosmetology,Dreamforce Event Producer,Wunderman
William Ramos,"August 14, 1946",Commack,Film video and photographic arts,Morehead State University,Software Engineer,Hyoseong Electric
April Wallace,"June 2, 1986",Prospect Park,Art history and criticism,West Hills Community College District,Inside Sales Representative - ShareFile Overlay,Malayala Manorama
Ricardo King,"August 28, 2006",Edna,General social sciences,Cameo Beauty Academy,Principal Engineer,VGM Consultants
Terri Cisneros,"April 17, 1996",Calypso,Mining and mineral engineering,Universidad Del Este,Technical Solutions Architect,Nkgsb CO-OP Bank
Matthew Krause,"April 11, 1974",Whittemore,Botany,Environmental Technical Institute-Itasca,Accounting Manager,M.J Global
Vernon Walters,"December 3, 1950",Richards,Miscellaneous education,Kaplan Career Institute-Brooklyn,Security Researcher and Intelligence Analyst,Punjab and Maharashtra Co-operative Bank
Seth Diaz,"September 22, 1952",Evergreen,General business,Trinidad State Junior College,Google Cloud Solution Architect,VISION
Tammie Castillo,"October 12, 1934",Pleasant View,General engineering,Santa Fe Community College,Software Engineer,Freight Systems
Todd Mcbride,"August 7, 2024",Quechee,Geological and geophysical engineering,Excelsior College,Software Engineer,Sembcorp Energy India
Joseph Knight,"May 19, 1941",Woodburn,International business,Sanford-Brown Institute-Cranston,Product Manager,Lynk
Thomas Friedman,"January 18, 1965",Watson,Astronomy and astrophysics,Canton City Schools Adult Career and Technical Education,Business Intelligence Analyst,Gj Solutions
Donna Reese,"September 23, 2009",Spirit Lake,Social science or history teacher education,Helene Fuld College of Nursing,Senior Software Engineer,TechMojo Solutions
Dakota Vaughn,"July 7, 1958",Providence,Educational psychology,Portland Community College,Member Board Of Directors,CSC Global
Melissa Brewer,"May 3, 1949",Vivian,Pharmacy pharmaceutical sciences and administration,ASM Beauty World Academy,Product Marketing - Enterprise Networks - DNA Center Ecosystem,Fourth Dimension Technologies
Donald Flores,"July 3, 2006",Tustin,Nursing,Denver Seminary,Operations Project Manager,Paramatrix Technologies
Tanner Mann,"August 17, 1950",Graettinger,Intercultural and international studies,Widener University-Delaware Campus,Sales Engineer,The Professional Couriers
Amanda Swanson,"February 29, 1964",Helen,International relations,Sanford-Brown Institute-New York,Data Scientist,Corient Business Solutions
Lauren Daniels,"November 3, 1941",Lake Village,General medical and health services,Empire Beauty School-Maine,Senior DevOps Engineer,ZingHR
Shannon Cook,"December 2, 1940",Campton,English language and literature,FastTrain of Miami,Communications & Employee Engagement Manager - Cisco Global TAC,Anion Healthcare Services
Heather Parrish,"October 14, 1965",Rivesville,Naval architecture and marine engineering,Southeastern Beauty School-Columbus Midtown,Senior Director  Product Management,GATI-KWE
Jill Martin,"January 29, 1994",Sidman,Hospitality management,Inter American University of Puerto Rico-San German,Senior Consultant,Pathfinder Business Analysis
Gregory Hale,"January 20, 1979",Peak Place,Community and public health,Bristol Community College,Devops/AWS Engineer,Trident Automobiles
Kurt Wagner,"December 15, 1976",Berkeley Lake,Oceanography,University of New Mexico-Taos Campus,Co-Founder,C & C Constructions
Brittany Clements MD,"April 28, 2002",Downsville,Economics,SUNY College at Plattsburgh,Senior Software Engineer,Bausch & Lomb
James Fernandez,"December 13, 2015",Bruce,Industrial production technologies,Skyline College,Software Engineer,Newton School: Pay after Placement
Jeremy Briggs,"May 31, 2009",Bay Point,Composition and rhetoric,Central Baptist College,Software Engineer,SA Technologies
Christopher Cameron,"September 29, 1950",Douglas,Information sciences,Carrington College California-Pomona,Senior Application Engineer,Startek
Darin Byrd,"October 22, 1990",Glenpool,Nursing,Everest Institute-Tigard,Product Manager,RCF
Nicholas Payne,"September 29, 1941",Seward,Communication technologies,Destination Academy for Spa and Salon Professionals,Project Leader,IFB
Jacqueline Banks,"November 29, 1989",Lynnville,Hospitality management,Fortis College-Dothan,Site Reliability Engineer,Mazars
Johnathan Harper,"March 17, 1954",Rison,Oceanography,Research College of Nursing,Design Verification Engineer,Essjay Ericsson
Erin Ortega,"April 1, 1946",Taylors Falls,Communication technologies,Scioto County Career Technical Center,Solutions Architect,Kerakoll
April Collins,"August 1, 1956",Grafton,Mathematics teacher education,Paul Mitchell the School-Nashville,Signal Integrity Engineer,Seoyon E-hwa Automotive
Veronica Diaz,"September 29, 1932",Ravanna,Psychology,Heald College-Portland,Senior Software Engineer,Lifestyle
Tasha Cochran,"March 19, 2020",Geneva,Economics,Vatterott College-Kansas City,Senior QA Automation engineer,Alpla
Jessica Fisher,"September 30, 2025",Townville,Pre-law and legal studies,Quincy University,Principal Cyber Security Engineer,UPS Supply Chain Solutions
Linda Rodriguez,"October 10, 2025",Oakdale,Management information systems and statistics,Sebring Career Schools-Huntsville,Graduate Research Assistant,Centurion University of Technology and Management
Sarah Buchanan,"April 21, 1994",Hawaiian Acres,Agricultural economics,FastTrain of Tampa,Systems Engineering Manager,Department of Agriculture
Rachel Sullivan,"November 13, 1935",Center City,Genetics,Piedmont Virginia Community College,Systems Engineer,Synthite Industries
Rebecca Oneill,"December 10, 1936",La Porte,Social psychology,Prairie View A & M University,Software Engineer,Sirca Paints India
Brittany Macdonald,"June 19, 2009",San Lorenzo,Multi/interdisciplinary studies,Lasell College,Python Full Stack Software Developer,Systech Solutions
Bryan Castro,"November 24, 1944",Carolina,Civil engineering,University of Phoenix-Harrisburg Campus,SMB Account Manager,Jamia Millia Islamia
Felicia Murphy,"September 5, 2004",Germantown Hills,Finance,Global Business Institute,Senior System Engineer,North West Carrying Co.
Carlos Hensley,"May 25, 1967",Princeton Junction,Health and medical administrative services,Colgate Rochester Crozer Divinity School,Principal Software Engineer,Sahajanand Medical Technologies
Wanda Ramos,"July 4, 1998",Takilma,Miscellaneous psychology,Salter School of Nursing & Allied Health,M&A IT Project Manager,Metro Cash & Carry
Kevin Huerta,"September 28, 1946",Drakesboro,General engineering,National College-Willoughby Hills,Software Engineer,Datavail Infotech
Daniel Murphy,"July 7, 1962",Sylvan Beach,Clinical psychology,Saint Joseph's College of Maine,Product Manager,Orient Fashions
Mallory Collins,"May 22, 1948",Turbotville,Early childhood education,Our Lady of the Lake University-San Antonio,Senior Solution Architect,iOPEX Technologies
Austin Fuller,"August 25, 2014",Achille,Multi-disciplinary or general science,University of Illinois at Urbana-Champaign,Independent DevOps Release Consultant,Tricon Infra Buildtech pvt.Ltd
Carol Bowman,"January 28, 1978",Potosi,Public administration,Naropa University,System Test Engineer,MFX
Angela Parks,"July 8, 2017",Wright City,Genetics,Alpena Community College,Sales Manager - Oracle Business Analytics,Imerys
Andrew Williams,"March 8, 1957",Arial,Secondary teacher education,Massachusetts Bay Community College,Lead Software Development Engineer in Test,iB Hubs
Kelly Brooks,"August 12, 1991",Saugatuck,Miscellaneous education,Acupuncture and Massage College,Software Engineer,Crown Solutions
Katherine Clarke,"March 25, 2002",Lublin,Computer networking and telecommunications,State Fair Community College,Director of Community Engagement  NPA-LI Program Director,V2 Retail
Rachel Sullivan,"November 13, 1935",Center City,Genetics,Piedmont Virginia Community College,Systems Engineer,Synthite Industries
Denise Wiley,"December 3, 1938",Wathena,Physical and health education teaching,Yeshiva Gedolah Imrei Yosef D'spinka,Software Engineer,Value Point Systems
Debra Bradley,"June 17, 1948",Rancho Cordova,Special needs education,Anthem College-Sacramento,Software Engineer II,Thermo Fisher Scientific
Scott Gomez,"September 1, 1981",Gainesville,General business,Aesthetics Institute of Cosmetology,Financialy Analyst - LIFT Program,ABC Consultants
Emily Arnold,"July 25, 1947",Ames,Library science,Premiere Career College,Senior Lead Technical Software Engineer,Indo Farm Equipment
Hunter Miller,"March 12, 1986",Christmas,Management information systems and statistics,The University of Texas Medical Branch,Senior Product Manager,Niit Foundation
Sarah Proctor,"November 11, 1941",New Iberia,Science and computer teacher education,Tennessee Technology Center at Knoxville,Production Engineer,Kosan Crisplant
Pam Roberts,"August 9, 1942",Eureka Springs,Psychology,Aveda Institute Columbus,Site Reliability Engineer,Dishnet Wireless
Joshua Hopkins,"April 22, 2007",Greentown,School student counseling,New England College of Optometry,Scrum Master/Agile Coach,Liugong India
Timothy Melton,"September 9, 1967",New Haven,Court reporting,Tennessee Technological University,Merck Pharmaceutical - VMware / Cloud Automation Architect,Sahyadri Industries
Terrance Jackson,"September 30, 1959",Saginaw,General business,CET-Chicago,SOFTWARE DEVELOPMENT LEAD | MANAGER | PRODUCT OWNER,HTC
Eric Richmond,"September 27, 1978",Rough and Ready,Public administration,Lewis and Clark Community College,Network Architect,Hindustan Pencils
Mary Pearson,"January 22, 1969",Toronto,Biology,Sunnyside Beauty Academy,Founding Partner and Engineer,Alivira Animal Health
Jessica White,"July 24, 1943",Lytton,Animal sciences,Everest Institute-Kalamazoo,Lead SQL Developer,Fairdebt Solutions
Rebecca Rodriguez,"September 12, 1954",Sportsmen Acres,Miscellaneous agriculture,Vermont State Colleges-Office of the Chancellor,Founder  Managing Partner,Access Healthcare
Ronald Mckenzie,"May 11, 1998",Luthersville,Health and medical preparatory programs,Yuba College,Pre-Si SoC Verification Engineer,Sonalika Tractors
Gabriel Andrews,"September 5, 1955",Paton,Geography,Capitol City Trade and Technical School,Lead Software Engineer,Unitech Power Transmission
John Coffey,"September 28, 1958",Tunnel Hill,Computer engineering,Maryland Institute College of Art,Owner,Uniproducts
Erica Alvarez,"May 23, 1940",Waldo,Criminology,Pontifical College Josephinum,Software Engineer in Test,Neuland Laboratories
Sharon Hicks,"May 14, 1934",Rosemount,Mechanical engineering related technologies,Lenoir-Rhyne University,Staff Accountant,The Oman Construction Co. LLC (TOCO)
Stephen Walker,"May 24, 1937",Summit,Treatment therapy professions,The Hair Design School-N Memphis,Systems Engineer,Exotel
Ashley Meyer,"November 19, 1938",Friendship,International relations,Rhode Island College,Software Engineer,Caratlane Trading
Dennis Blanchard,"July 20, 1931",Madelia,Computer networking and telecommunications,Regency Beauty Institute-Rockford,Software Engineer,Accuster Technologies
Joshua Hayes,"February 15, 2009",Annada,Miscellaneous education,McNally Smith College of Music,Senior GPU Verification Engineer,Patni Computer Systems
Deborah Stewart,"April 9, 2012",Plymouth,Naval architecture and marine engineering,Career Networks Institute,Senior Manager  Systems Engineering - Strategic Accounts,Delta Electronics
Tracy Hernandez,"November 11, 2024",Old Bethpage,Community and public health,Fortis Institute-Pensacola,Senior AWS/ DevOps Engineer,Angel One
Dr. Jose Garcia,"February 7, 1970",Watson,Naval architecture and marine engineering,Pacific Lutheran Theological Seminary,NLP (Natural Language Processing) Developer,Formidium Corp
David Murphy,"March 30, 1931",Seabrook Farms,Advertising and public relations,System - A Paul Mitchell Partner School,Senior Technical Program Manager,National Dairy Development Board
Dawn Davis,"May 17, 2009",Kaunakakai,Medical assisting services,Ohr Hameir Theological Seminary,Software Engineer,Machino Polymers
Gary Rodriguez,"October 23, 1981",Ouzinkie,Miscellaneous health medical professions,Inter American University of Puerto Rico-School of Law,Senior Software Development Engineer Test,Amazon Services
Jennifer Montgomery MD,"July 24, 1969",Cattaraugus,Metallurgical engineering,Case Western Reserve University,Director - Security Business Group,Hindustan Syringes & Medical Devices
Krista Curtis,"September 14, 2019",Konawa,Miscellaneous engineering,"International College of Beauty, Arts & Sciences",Senior Software Engineer,Magnasoft Consulting India
Annette Lane,"July 16, 1987",Sherwood Shores,Materials science,Carrington College-Albuquerque,Site Reliability Engineer,Glenmark Pharmaceuticals
Brian Porter MD,"July 24, 1942",Emily,Computer and information systems,Brown Mackie College-St Louis,Management Consultant,SDNA Global
Taylor Acevedo,"March 1, 1948",Bloomfield,Petroleum engineering,La Roche College,Insights Manager  Consumer Intelligence,AGC Networks
Kyle Kaiser,"May 21, 2022",The Woodlands,Miscellaneous engineering,Blue Cliff College-Houma,Senior Cloud Engineer/SRE,Ginesys
Jade Rogers,"May 9, 1970",Moss Bluff,Visual and performing arts,International Academy,Senior Software Engineer,Audi
Anthony Washington,"May 8, 1946",Trumansburg,Pharmacology,University of Central Arkansas,Product Consultant (Enterprise Integration & EDW/BI),GMR Energy
Shannon Cook,"December 2, 1940",Campton,English language and literature,FastTrain of Miami,Communications & Employee Engagement Manager - Cisco Global TAC,Anion Healthcare Services
Darius Khan,"September 28, 1937",Isle of Palms,Food science,Middlebury College,Business Operations Manager,Future Market Insights
Ryan Davis,"July 30, 1983",Princeton,Pharmacy pharmaceutical sciences and administration,Augusta School of Massage,Software Development Lead,Nutricia
Shawn Bell,"July 3, 1998",La Tour,General engineering,Branford Academy of Hair & Cosmetology,Leader  US Public Sector Consulting Partners ♦ Partner Management ♦ Enterprise Cloud Computing,Indwell
Kenneth Webb,"August 20, 1991",Chesapeake City,Engineering technologies,Carrington College California-Pleasant Hill,Director Network Engineering,Brinks Arya India
Ronald Cook,"November 11, 2009",Redondo Beach,General engineering,Enterprise State Community College,Senior Software Engineer,Haldia Petrochemicals
Robert Gross,"January 28, 1945",Bucyrus,Miscellaneous engineering technologies,Clarksburg Beauty Academy and School of Massage Therapy,Architecture Validation Engineer,Decimal Point Analytics
Joshua Nelson,"February 23, 1988",Burtonsville,Actuarial science,Genesis Career College,Principal Product Manager,Spencer's Retail
Mrs. Michele Boyd,"April 12, 1947",Mono Vista,Engineering and industrial management,Johnson & Wales University-North Miami,Director  Service Delivery Executive,Virtuoso
Judy Jones,"June 12, 2010",Wall Lake,Oceanography,Culver-Stockton College,Linguistic QA Project Manager,AB Mauri India
Amanda Arroyo,"October 18, 1996",Mount Sterling,Art and music education,Vanguard College of Cosmetology-Baton Rouge,Supplier Commodity Manager,Fourrts
Kimberly Gibson,"August 31, 2018",North Bellmore,Multi-disciplinary or general science,Automeca Technical College-Aguadilla,Security Solutions Architect,Essilor
John Stokes,"February 7, 1950",Winters,Mass media,Pensacola School of Massage Therapy & Health Careers,Software Engineer III,Mawana Sugars
Teresa Obrien,"October 14, 1972",Rome,Miscellaneous biology,Mercyhurst North East,Senior IT Internal Auditor,Woodlands Multispeciality Hospital
David Ponce,"January 14, 2006",Grand Marsh,Art history and criticism,Gainesville State College,Sales Engineer,AtkinsRealis
Christian Valencia,"February 18, 1992",Homestown,United states history,Isabella G Hart School of Practical Nursing,Global Account Manager,Classteacher Learning System
Alison Short,"March 17, 1993",Cayuga Heights,Educational psychology,Whitman College,Manager of Governance & Engineering,Techno Electric & Engineering Company
Stacey Clark,"October 10, 1997",Van Wyck,Miscellaneous business & medical administration,Wesleyan University,Account Executive,Luthra Group Company
Eric Ponce,"February 4, 1958",Richgrove,Library science,Washington State Community College,Product Designer,Pyro Group
Lisa Morales,"February 13, 1939",Manassa,Chemical engineering,ITT Technical Institute-Warrensville Heights,Software Engineer,Easypolicy.com
Dr. Michael Evans,"June 24, 2013",Tarrytown,Petroleum engineering,Kiamichi Technology Center-Durant,Manager of Network Operations,SACHA Engineering
Theodore Cunningham,"March 26, 2013",Carney,Civil engineering,Lindsey Institute of Cosmetology,Engineering Manager,Técnicas Reunidas
Rebecca Edwards,"August 4, 2024",Holly Hills,Miscellaneous psychology,Assumption College for Sisters,Engineer,Group Pharmaceuticals
Bernard Smith,"November 28, 1999",Silver Creek,Sociology,ETI Technical College,Director Of Business Development,Gland Pharma
Ashley Wise,"November 16, 1963",Wildwood,English language and literature,Brown Mackie College-Indianapolis,Strategic Accounts,Pradhan Mantri Kaushal Kendra
Glenn Ford,"June 13, 2017",San Luis,Counseling psychology,Shoreline Community College,Engineering Program Manager,Kirloskar Ebara Pumps
Lonnie Miller,"July 9, 2015",Vienna Center,Biochemical sciences,Carlos Albizu University-Miami,Malware Researcher,Iol Chemicals & Pharmaceuticals
Teresa Martinez,"August 28, 2013",North Mankato,Physics,Augusta School of Massage,Site Reliability Engineer - Oracle Cloud,Nureca Limited
Jordan Calhoun MD,"December 28, 1969",Duarte,General social sciences,Pima Medical Institute-Renton,Supply Chain Manager - Consulting,Anna University
Bonnie Barnett,"February 5, 1964",Divide,Engineering mechanics physics and science,Jacksonville College-Main Campus,Wireless escalation Software Engineer,ETP International
Erin Smith,"December 19, 1981",Sullivan,Soil science,Montreat College,Trusted Partner Community Manager and Onboarding Specialist,The Chennai Silks
Parker Wright,"May 17, 1942",Mandeville,Film video and photographic arts,Iliff School of Theology,Software Engineer,Reliance Infrastructure
Amanda Conley,"July 8, 2009",Mecosta,Communication disorders sciences and services,New York Theological Seminary,Senior Interactive Developer,Prione Business Services
Mrs. Ashley Mooney,"May 7, 1962",Noxapater,Nuclear engineering,Sebring Career Schools-Huntsville,Software Engineer,Pennar Industries
Melissa Lawson,"March 21, 1988",Adamsburg,Early childhood education,Argosy University-Chicago,Project Manager,HealthAssure
Mr. Jeremiah Galvan MD,"September 19, 1963",Arbela,Communications,MyComputerCareer.com,Office Manager,Sterling Talent Solutions
Kristine Bryant DVM,"January 15, 1942",Winnebago,Plant science and agronomy,Eclipse School of Cosmetology and Barbering,Lead IT Applications Analyst (Technical Lead  Solution Architect),Dyson
Eric Short,"March 6, 1952",Springdale,Intercultural and international studies,Academy of Healing Arts Massage & Facial Skin Care,Senior Account Executive,FMC
Stephanie Herrera,"December 3, 1981",West Little River,Counseling psychology,Washington County Community College,Cybersecurity Account Manager,Nucleus Software Exports
Michael Carter,"August 28, 1988",Bannock,Film video and photographic arts,ITT Technical Institute-Arlington,Principal Engineer,Sukhbir Agro Energy
Darren Morse,"February 11, 1957",Jamesburg,"Electrical, mechanical, and precision technologies and production",Allied American University,Tech Yahoo,Gmmco
Erica Taylor,"July 16, 1956",Escanaba,Social science or history teacher education,National College-Willoughby Hills,Inbound Sales Representative,Jorie Healthcare
Shane Hopkins,"October 8, 1984",Lakefield,Educational psychology,Newberry School of Beauty,Senior Manager  Technical Support,ITCONS e-Solutions
Melanie Ramos,"May 25, 1953",Diaz,Social work,Schuyler-Steuben-Chemung-Tioga-Allegany BOCES,Senior Director Sales - Strategic Verticals,Inorbit Mall
Melody Stevens,"July 8, 2018",Meservey,N/a (less than bachelor's degree),Bradford-Union Area Career Technical Center,Data Science Mentor,NIMT
Sherry Franco,"January 6, 1943",Big Stone City,Social science or history teacher education,Colorado Technical University-Kansas City,Director,Shalimar Paints
Tricia Russo,"July 14, 2021",Deschutes River Woods,Aerospace engineering,Connecticut College,Advanced Data Scientist Co-op,Defence Research & Development Organisation
Joy Brooks,"August 27, 1990",Ellsworth,General engineering,Anthem College-Denver,Director Americas Enterprise Sales Engineering,Bekaert Industries
Katherine Wright,"March 17, 2010",Coffeyville,Economics,Superior Career Institute,Recruiter,Sun Mobility
Derrick Anderson,"June 29, 1959",Carpenter,Biomedical engineering,New Jersey Institute of Technology,Graduate Research Assistant,Pricol Engineering Industries
David Larsen,"August 8, 1956",Carrollton,Cosmetology services and culinary arts,Ohio State University-Main Campus,Software Engineer,HP Computing and Printing Systems
Anthony Rivera,"August 13, 1932",Forest,Miscellaneous education,Cazenovia College,Network Engineer  Backbone,Lentra AI
Isabella Taylor,"November 7, 1931",Champ,Computer programming and data processing,MotoRing Technical Training Institute,Senior Consulting Analyst,R L Fine Chem
Sergio Massey,"February 16, 1988",Ixonia,Miscellaneous agriculture,University of Nevada-Las Vegas,Software Engineer,AMS Comtel BPMS
Virginia Johns,"March 1, 1943",Groton,Physical fitness parks recreation and leisure,Hartnell College,Recruiter III - SERT,Samsung
Lisa Mendoza,"April 26, 1989",Glenwood,Hospitality management,Universal Barber College,Escalation Support Engineer,Niit Foundation
Paul Burton,"February 22, 1948",Dupont,Studio arts,Baker College of Flint,Senior Software Engineer,IndusInd Bank
Bethany Neal,"December 15, 1968",Irvine,Chemistry,Highline Community College,Release/DevOps Enginner,Osam Dairy
Jim Skinner,"August 19, 1941",Luquillo,Theology and religious vocations,California Nurses Educational Institute,Senior Software Engineer,Ocrolus East
Tracy Burke,"July 10, 1957",Pine Bluffs,Computer networking and telecommunications,Polaris Career Center,Data Analyst and Visual Analytics Consultant,Prime Focus
Ralph Gray,"July 13, 1962",Napakiak,Family and consumer sciences,Family of Faith College,Senior Software Developer,Niva Bupa Health Insurance Company
Karen Adams,"June 4, 1989",Campbell Station,Art history and criticism,Everest College-Thornton,Software Engineer,Fernandez Hospital
Joshua Murray,"May 30, 1999",Kendall,Human services and community organization,University of Puerto Rico-Mayaguez,Design Verification Engineer,BYD Electronics
Brooke Johnson,"November 15, 1986",Prestonsburg,Miscellaneous engineering,Upper Valley Career Center,Enterprise Engagement Manager,Securens System
Gary Gilbert,"May 24, 1964",Meadow Valley,Mathematics and computer science,Washington Hospital School of Radiography,Product Sales Specialist,Cambridge School
Kimberly Thomas,"June 22, 1943",Poy Sippi,General engineering,De Anza College,Consultant,EqualizeRCM Services
Colton Martinez,"January 11, 1945",Almedia,Hospitality management,Arcadia University,Senior Director  Systems Engineering/Office of the CTO,Khivraj Motors
Mary Morgan,"July 11, 1997",Pampa,Materials engineering and materials science,Otterbein University,Product Marketing Manager,Pradhan Mantri Kaushal Kendra
Traci Vincent,"November 22, 2022",Marietta,Actuarial science,Phillips Beth Israel School of Nursing,Software Engineer,Kotak Education Foundation
Eric Murphy,"February 6, 1992",Clam Gulch,Ecology,Jolie Hair And Beauty Academy-Hazleton,Advisory Software Engineer,Transguard Group
Kimberly Curtis,"September 3, 1972",Canoochee,Computer engineering,Elmira College,Security Engineer,SunTec Web Services
Michael Clay,"April 6, 1976",Crescent City,Other foreign languages,Warrensburg Area Career Center,Vice President of Product,Scc Infrastructure
Shannon Hill,"February 3, 1996",Lake Holiday,Miscellaneous engineering technologies,Pittsburgh Technical Institute,Senior Support Escalation Engineer,Indusind Marketing & Financial Services
Jason Martin,"July 13, 1983",Fort Pierre,Architectural engineering,Preferred College of Nursing-Los Angeles,Director  Office of the CFO,Sutherland Healthcare Solutions
Kyle Horton,"July 26, 1943",Shiloh,Court reporting,Chisholm Trail Technology Center,Principal Technical Network Architect,Balrampur Chini Mills
David Wallace,"March 24, 2007",Moreland Hills,Other foreign languages,Texas School of Business-North,Software Architect/Designer/Developer,Mettl
Tonya Jones,"September 27, 1959",Victor,Electrical engineering,Bennett Career Institute,Distinguished Engineer,LA Technologies
Gary Miller,"July 16, 1992",Nimrod,Human services and community organization,Blue Cliff College-Fayetteville,Senior Product Manager  UCaaS-Unified Communication as a Service,Simon India
Kevin Stokes,"August 3, 1972",Willards,Community and public health,Lake Area Technical Institute,Senior Product Manager,WWF-India
Michelle Mitchell,"May 12, 1994",Ainaloa,Computer and information systems,Savannah State University,Chief Of Staff to CEO,Coastal Marine Construction & Engineering
Riley Knight,"December 7, 1996",Madison,Fine arts,Mid-Atlantic Christian University,Software Engineer II,A-Check Global
Thomas Zhang,"June 9, 2011",Collins,Management information systems and statistics,Aquinas Institute of Theology,Senior Software Development Engineer,Kuantum Papers
Jason Stevenson,"October 24, 1972",Twin Brooks,Geological and geophysical engineering,California Career College,Sr.Engineer  Systems Design & Technology,Amp Motors
Russell Anderson,"April 26, 1930",Lofall,Hospitality management,ATA Career Education,Senior Software Engineer,Apna
Jane King,"May 7, 2025",Ridgeway,Biological engineering,DeVry University-Tennessee,Senior Director  AI/ML/DL Solutions and Product  Management,Fossil Group
Lauren Barr,"October 16, 2024",Carlisle,General education,The Salon Professional Academy-Tonawanda,Software Engineer,Amara Raja Power Systems
Kerry Ware,"December 6, 2009",Holbrook,Medical technologies technicians,Concorde Career Institute-Miramar,Software Engineer 2,ELGI Equipments
Joel Hansen,"December 11, 1961",Claire City,Miscellaneous agriculture,DeVry University-Tennessee,Consultant,Spark Engineering
Emily Salazar,"January 11, 2021",Utica,Liberal arts,New Concept Massage and Beauty School,Technical Lead,Sulzer
Dustin Wilson,"May 29, 1980",Logan,Soil science,University of Alaska Fairbanks,Systems Engineer - Texas,Khivraj Motors
Miranda Perry,"August 15, 1964",Williamsville,Industrial and organizational psychology,Embry-Riddle Aeronautical University-Prescott,Google Ads Account Strategist,Brane Enterprises
Daryl Lowe,"February 29, 1972",Pedricktown,Theology and religious vocations,American College of Acupuncture and Oriental Med,EVice President Marketing,Concentric
Catherine George,"May 4, 1949",Greencastle,Social psychology,Regency Beauty Institute-Baltimore-Golden Ring,Product Marketing Manager,Manav Rachna International School
Brianna Bailey,"October 4, 1951",Wareham Center,Psychology,Lynchburg College,Pricipal Engineer II,Flipkart Health+
Brandon Stewart,"September 25, 2011",Marcus,Mathematics,Brio Academy of Cosmetology-Niantic,Senior Developer,ICG Medical
Luke Freeman,"October 13, 2015",Monmouth,Nuclear engineering,Doane College-Lincoln Grand Island and Master,Co-Founder and Head of Design,Pothys
Lawrence Glover,"January 26, 2001",Verdon,Nuclear engineering,Lacy Cosmetology School-Lexington,Head of Product Marketing  G Suite (Google Apps),ILJIN AUTOMOTIVE
Katie Davis,"October 11, 1936",Del City,Sociology,Ohio State University-Main Campus,Consumer Insights Manager,S R Enterprises
Madison Rodriguez,"October 3, 1963",Michigan City,Communications,Career College Consultants,Senior Manager  Product Marketing,Pegasus InfoCorp
Gavin Nelson,"August 19, 2015",Bryson,General medical and health services,ITT Technical Institute-Mount Prospect,Executive Communications and Marketing  GPO SAE through The Select Group,SEED CSR
Curtis Miller,"June 5, 1999",North Liberty,Miscellaneous education,International Institute of Cosmetology,Senior Technical Architect,ABI Showatech
Jason Williams,"August 8, 1958",La Rue,International relations,Du Bois Business College-Du Bois,Quality Engineer,CES
Gerald Wall,"September 27, 2015",Minneola,Art and music education,National College-Canton,Applications Manager,Bharat Fritz Werner
Elizabeth Sanchez,"January 7, 1960",Kalama,Agriculture production and management,Pat Goins Benton Road Beauty School,Enterprise Systems Engineer,Future Lifestyle Fashion
Matthew Morgan,"May 19, 1959",Cobbtown,Business economics,National College-Canton,Senior Manager  Demand Planning and Logistics,Xome
Kathryn Morris,"January 22, 1990",Mounds,Human services and community organization,South Texas Vocational Technical Institute-Corpus Christi,Senior Advisor Product Manager,Freudenberg Gala Household Product
Crystal Hill,"June 27, 1968",Angoon,Social science or history teacher education,National College of Natural Medicine,Salesforce Developer &  Administrator/Web Development Specialist,uFaber
Brian Wilkins,"September 18, 1940",Advance,Miscellaneous psychology,El Camino Community College District,Professor,Ofbusiness
Edward Taylor,"May 18, 1936",Walkertown,Cognitive science and biopsychology,ITT Technical Institute-Omaha,Senior Software Engineer,Mythri Infra
Jessica Porter,"January 21, 1956",Coalmont,Metallurgical engineering,Granite State College,Senior Power Electronics and Systems Engineer - Energy Management and Power Electronics,HSBC Global Banking and Markets
Darlene Collins,"December 2, 2017",Osceola,Biochemical sciences,San Bernardino Community College District,AWS Cloud Engineer/Cyber security @ Plus3IT / Intelligence agency,L&T Defence
Joseph Ward,"July 18, 2020",Waukon,Drama and theater arts,Paul D Camp Community College,Product Manager,Eqic Dies & Moulds Engineers
Judy Brown,"September 9, 1939",Moss Beach,Multi/interdisciplinary studies,Lincoln Technical Institute-Brockton,Senior Software Engineer,Kesoram Industries
Brian Allen,"November 27, 2021",Piñon Hills,Social work,Cincinnati Christian University,Software Development Engineer Intern,Delhi Public School
Jamie Mayer,"September 5, 2018",Liberty,Cognitive science and biopsychology,Sussex County Community College,Remote Systems Administrator,Kirloskar Ferrous Industries
Alexis Arroyo,"December 6, 2004",Oak Ridge,Geosciences,College of Saint Benedict,Senior Software Engineer,Zf Wind Power
Robert Bailey,"December 20, 2025",Southern Ute,Visual and performing arts,ITT Technical Institute-Charlotte South,Senior Customer Solutions Engineer,Systra Consulting
Philip Huff,"August 8, 1959",Alanson,Special needs education,Academy of Massage Therapy,Senior Director  Technical Program Management,Kundan Group
Paul Guzman,"November 6, 2022",Valley Acres,Atmospheric sciences and meteorology,Santa Ana Beauty Academy,Financial Analyst,Glass Wall Systems
Michael Stanley,"February 13, 1994",Granger,Agriculture production and management,Baptist Bible College,Senior Network Engineer,SPX Flow Technology
Derek Coleman,"January 2, 2016",Wartrace,Computer programming and data processing,Niagara County Community College,Software Engineer,Tata Consumer Products
Chloe Ellis,"August 7, 1973",Hobart,Computer programming and data processing,American College of Hair Design Inc,Founder & Managing Partner,Parle International
Sarah Howell,"June 5, 2012",Bowleys Quarters,Biomedical engineering,Day Spa Career College,Product Marketing Director,SBI Cards & Payment Services
Jill Ray,"August 25, 1944",Loogootee,Astronomy and astrophysics,North Florida Cosmetology Institute Inc,Senior Manager  Research & Strategy,Bangalore Baptist Hospital
Sarah Short,"January 24, 2025",Westminster,Physics,Brown Mackie College-Northern Kentucky,Senior Product Manager  Ad Tech,Navodaya Vidyalaya Samiti
Katherine Weaver MD,"February 15, 1963",Sunnyside-Tahoe City,Family and consumer sciences,University of Michigan-Flint,Presales Manager,SA Infrastructure Consultants
Jamie Lindsey,"July 7, 1938",El Dara,Chemical engineering,Granite State College,Enterprise Account Executive,Vasant Masala
Antonio Nichols,"December 20, 1940",Seven Mile,Ecology,Tillamook Bay Community College,Software Dev Engineer II,Nv Group
Scott Stephens,"August 12, 1997",North St. Paul,Theology and religious vocations,ATI Career Training Center-Garland,Senior Principal Solutions Architect,ITD Cementation India
Manuel Robinson,"February 22, 1996",Pingree Grove,Pharmacy pharmaceutical sciences and administration,University of Minnesota-Twin Cities,Software Engineer,Sheela Foam
Rebecca Thompson,"March 9, 1952",Bridgman,Educational administration and supervision,Columbia-Greene Community College,Presales Director  Americas Modern Infrastructure & Primary Storage Team,SJS Enterprises
Angelica Lopez,"July 8, 1940",Glenns Ferry,Human resources and personnel management,Eastern Connecticut State University,Front End Web Developer,Pratham Motors
Krista Davis,"January 2, 2013",Ridge Wood Heights,Miscellaneous psychology,ITT Technical Institute-Charlotte South,Senior Developer,United Colors of Benetton
David Carter,"December 1, 1959",Gloverville,French german latin and other common foreign language studies,Stevens-Henager College-Logan,Senior Product Manager,Prolific Systems & Technologies
Douglas Vasquez,"September 29, 2025",Jarales,Chemistry,Grand Canyon University,Senior Engineer,Uber
Laura Lucero,"September 7, 1977",Hanover,Botany,New York Institute of English and Business,Senior Engineer,Sfc Solutions
Maria Coleman,"May 20, 1967",Belgrade,General social sciences,Lincoln Technical Institute-Lincoln,Software Development Engineer In Test,NxtWave
Michael Shaw,"October 29, 1968",Malibu,Pharmacy pharmaceutical sciences and administration,Kent State University at Tuscarawas,Software Engineer,Heidelberg Cement
Jessica Clark,"January 31, 2005",Coffeeville,Composition and rhetoric,Kansas City University of Medicine and Biosciences,Associate Data Analyst,ALTEN
Heather Carr,"January 22, 1989",Elk Point,French german latin and other common foreign language studies,Northwestern State University of Louisiana,Lead Software Engineer,Snapdeal
Patrick Ellis,"September 26, 1988",Lawrenceville,Social work,Pacific Oaks College,Senior Customer Success Manager,DEC Infra
Alyssa Long,"December 5, 1968",Peaceful Valley,Pharmacology,Simmons Institute of Funeral Service Inc,Software Engineer,Oberoi Group of Hotels
Alexis Pham,"March 27, 1951",Vandenberg AFB,Studio arts,San Juan College,Senior Marketing Manager  for Service Providers and  Cloudline Servers,Bellsonica Auto Component
Daniel Freeman,"April 9, 1946",Keener,Multi-disciplinary or general science,Wartburg College,Senior Information Security Analyst,Enpro Industries
Larry Harding,"November 15, 2023",Ciales,Social work,College of the Desert,Senior Director  SMB Sales and GTM Operations  Google Cloud,Sakthi Finance
Paul Vasquez,"December 12, 1961",Awendaw,Finance,Southwest University of Visual Arts-Tucson,Software Engineer,Target Engineering Construction Company
Timothy Ho,"May 21, 2001",Gilbert,Cosmetology services and culinary arts,University of Alaska Fairbanks,Software Engineer,Hurix Digital
David Garrison,"January 10, 1958",Depoe Bay,Geological and geophysical engineering,Lane College,Software Engineer,IREO
Hannah Perez MD,"December 18, 1966",Hinton,Miscellaneous biology,Aveda Institute Portland,Virtual Sales Engineer - Cloud Data Services,GE Healthcare
Tom Perez,"October 21, 2016",Washington Park,Applied mathematics,Brooks Institute,Data Scientist,Salesforce
Angelica Parker,"July 7, 1944",Hatfield,Plant science and agronomy,Poplar Bluff Technical Career Center,Software Engineer III,Savvysoft Technologies
Nicole Gomez,"January 28, 1938",Williams,Multi/interdisciplinary studies,Ross Medical Education Center-Kentwood,Senior Systems Engineer,Dulux
Lucas Nguyen,"December 22, 1936",New Franklin,Cognitive science and biopsychology,Tallahassee Community College,CSG Product Senior Manager,Vistaprint
Brian Mclaughlin,"February 10, 2001",Waverly,Mechanical engineering,Brown Mackie College-Miami,Member,Coronis Health
Jason Hardy,"March 11, 1960",Saddle River,Naval architecture and marine engineering,ITT Technical Institute-Westminster,Director of Product,COSMO Infrasolutions
Angela Patel,"July 15, 1994",Lodge Grass,Cognitive science and biopsychology,Pennsylvania State University-Penn State Greater Allegheny,Network Architect/Engineering Group Lead,Sheth Creators
Michael Rosario,"November 12, 2003",Bowerston,Medical assisting services,Alabama A & M University,Lead IT Analyst,Bajaj Finserv Health
Eugene Patterson,"August 8, 1965",Covington,"Nuclear, industrial radiology, and biological technologies",Aesthetics Institute of Cosmetology,Consulting Systems Engineer,Cloud Analogy
Thomas Daugherty,"January 8, 2009",Garrison,Physical and health education teaching,Cleveland State University,Client Service Executive-Enterprise Accounts,Innovatiview
Jamie Walton,"July 1, 2000",Elkhorn,Engineering and industrial management,Sanford-Brown Institute-Jacksonville,Vice President  Client Consulting & Services,Foxlink India Electric
Kim Williams,"July 19, 1933",Ingram,Counseling psychology,Blue Ridge Community College,Director  Services Product Management,Bhandari Automobiles
Robert Johnson,"January 9, 1959",Roff,Counseling psychology,Hudson County Community College,Practice Lead,Evelyn Learning Systems
Derek Hall,"September 14, 1992",Waukau,Natural resources management,Corban University,Founder & Managing Partner,PES Engineers
Jason Bell,"May 23, 1931",St. Lawrence,Biomedical engineering,The Art Institute of Ohio-Cincinnati,Software Engineer,Daimler Truck
Juan Carroll,"September 11, 2014",Buckner,Mathematics,Cabrini College,Candidate Care Specialist,Mars
John Massey,"April 16, 1953",Big Bend,Engineering mechanics physics and science,Mech-Tech College LLC,Partner & Managing Director,Bobst India
Timothy Thomas,"January 5, 1948",Elm Creek,Engineering mechanics physics and science,Lincoln College of New England-Southington,Member Of Technical Staff,American Tower Corporation
Lucas Reynolds,"April 11, 1988",Surprise,Medical assisting services,Northern Arizona University,Software Engineer,Gail Gas
Brian Hayden,"October 22, 1988",Ettrick,Public administration,Bennett College for Women,Senior Product Success Manager,Lido Learning
Reginald Copeland,"May 14, 1990",Rayville,Statistics and decision science,New York University,Agile Coach,Marksans Pharma
Sarah Berry,"September 6, 1955",Parkersburg,Mathematics,Argosy University-Washington D.C.,Customer Support Engineer,McNROE
Sara Lawson,"February 4, 1989",West Mineral,Theology and religious vocations,Texas School of Business-Southwest,Fullstack Software Engineer,Ray Engineering
Gary Chavez,"November 11, 2022",South Wallins,Pharmacology,The Boston Conservatory,Senior Business Analyst,GTL
Elizabeth Jennings,"September 29, 2019",Mound Bayou,Plant science and agronomy,San Francisco Conservatory of Music,Corporate Sales Executive-New England (RI  CT  NH  & VT),Menzies Aviation Bobba
Jose Collins,"June 9, 1998",Loveland,Mining and mineral engineering,Pinellas Technical Education Center-St Petersburg,Software Engineer,Cheil India
Richard Larsen,"April 30, 1982",Castlewood,Miscellaneous psychology,Academy of Hair Design Inc,Member Of Technical Staff,Sarda Energy & Minerals
Christopher Howard,"May 29, 1991",Sulphur Springs,Plant science and agronomy,MediaTech Institute-Oceanside,Principal Software Engineer,ManpowerGroup
Bianca Kim,"May 12, 2013",Sun,Soil science,Star Career Academy-Newark,Devops Lead,Calsonic Kansei Motherson Auto Products
James Gardner,"June 20, 1958",Aroma Park,Pharmacology,Volunteer State Community College,Senior Practice Manager - Cybersecurity and Risk Services,Canny Brains
Omar Price,"March 23, 2014",Mounds,Visual and performing arts,University of St Augustine for Health Sciences,Data Scientist,Isys Softech
Thomas Olson,"March 26, 1961",Vidalia,Human services and community organization,Lancaster Beauty School,Senior Manager  Strategic Event Content,Swal Corporation
Shawn Evans,"January 16, 2022",Lakeview,Miscellaneous health medical professions,Empire Beauty School-Bordentown,National Account Manager,TechNova Imaging Systems
Colin Terry,"November 15, 1998",Pleasant Run Farm,International business,International Training Careers,Demand Gen Marketing Manager  Cloud Collaboration Group,Innovatiview
Gregory Brown,"July 26, 1989",Homerville,Intercultural and international studies,Regency Beauty Institute-Lewisville,Executive Director,Tracks Components
Julie Sandoval,"October 4, 2014",Armington,International relations,Houston Training Schools-Southwest,Software Engineer,Kaveri Seed Company
Patrick Ellis,"September 26, 1988",Lawrenceville,Social work,Pacific Oaks College,Senior Customer Success Manager,DEC Infra
Christopher Copeland,"May 22, 1999",Garden City,Pharmacy pharmaceutical sciences and administration,Arkansas Northeastern College,Senior Software Engineer,Tata Boeing Aerospace
Kurt Daniels,"November 22, 2011",Snellville,Advertising and public relations,Escuela De Troqueleria Y Herramentaje,Associate Director  Program Management,UnitedHealth
Jennifer Mckenzie,"July 10, 1944",Samnorwood,N/a (less than bachelor's degree),Regency Beauty Institute-Dayton,National Account Manager,GM Modular
Sandra Lee,"March 26, 1934",Rosenberg,Animal sciences,National Beauty College,Senior Information Security Consultant,KPR Mill
Devin Mayer,"April 8, 1986",Iago,Physical and health education teaching,Faith Baptist Bible College and Theological Seminary,Architect - Big Data  Cloud and Enterprise Content,Bounce
Christine Lopez,"November 27, 1999",Lenapah,Educational administration and supervision,Saint Francis Medical Center School of Nursing,Senior NPI Program Manager,Renewsys India
Claudia Black,"April 9, 2012",Montpelier,Neuroscience,Southern Oklahoma Technology Center,Senior Tibco Engineer,BlueBinaries Engineering and Solutions
Jodi Rodriguez,"July 14, 1965",Agua Dulce,Miscellaneous education,Northwest State Community College,Software Engineer,Rotomaker
Destiny Powers,"July 27, 2009",Fullerton,Counseling psychology,Miami-Jacobs Career College-Springboro,Principal,Seaways Shipping Logistics
Jeffrey Ellis,"October 16, 1984",Corunna,Mathematics and computer science,Cleveland State University,Data Analyst,HMD Global
Eric Thomas,"May 2, 1930",Winnetoon,Industrial and manufacturing engineering,ITT Technical Institute-Charlotte South,Lead Technical Marketing,Adroit Synergies
Jennifer Moses,"November 3, 1992",Drummond,Geology and earth science,Progressive Training Centers,Product Sales Specialist - Data Center,Minda Kyoraku
Dr. John Jenkins,"August 20, 1932",Keddie,Cosmetology services and culinary arts,ITT Technical Institute-Norwood,Consuting Systems Engineer,Central Institute of Plastics Engineering & Technology
Daniel Murphy,"July 7, 1962",Sylvan Beach,Clinical psychology,Saint Joseph's College of Maine,Product Manager,Orient Fashions
Amber Wilson,"February 3, 1964",Wood Village,Botany,Fashion Institute of Technology,Network Support Engineer,Real Estate Group
Daniel Henderson,"June 6, 2012",Bates City,Genetics,New Concept Massage and Beauty School,Information Security Associate,Cygnet Infotech
Angela Vaughn,"March 11, 2012",Coldstream,Computer science,Stevens Institute of Business & Arts,Channel Marketing Communications Manager,Al-Yamama Group
Bryan Bond,"April 21, 1933",Cold Bay,Film video and photographic arts,Star Career Academy-Clifton,Senior Product Manager,SMC
John Fowler,"December 10, 2025",Iago,Theology and religious vocations,Longs Peak Academy,Techincal Marketing Engineer [Cloud  IoT and Virtualization],Canny Brains
James Livingston,"December 1, 2013",Peoa,Court reporting,Illinois College,Principal Engineer,MARK EXHAUST SYSTEMS
Javier Stanley,"November 30, 1955",Girdletree,Molecular biology,Sanford-Brown Institute-Wilkins Township,Partner Operations Manager,King George's Medical University
Steven Cook,"December 29, 2012",Lobelville,Biology,Florida Institute of Animal Arts,Senior Cyber Security Specialist | ISSO  Tier 2 Threat Detection Analyst,Cameo Corporate Services
Stacy Robertson,"February 25, 1989",North Boston,Geological and geophysical engineering,Yeshivath Viznitz,Senior Customer Support Engineer IV for Contact Center,MSL Driveline Systems
Tina Taylor,"July 15, 2016",Ball,Language and drama education,Bexley Hall Episcopal Seminary,Senior DevOps Engineer,Lucy Electric
Angela Wilson,"January 8, 1996",Hanaford,Electrical engineering,University of Puerto Rico-Bayamon,Technical Lead,e-Procurement Technologies
Barry Gregory,"October 30, 1976",Oklahoma,Geosciences,Mid-America College of Funeral Service,Account Manager,Credence Resource Management
Daniel Stewart,"July 2, 1952",Fritz Creek,Forestry,Cameo College of Essential Beauty,Big Data Architect,Star Hospitals
Micheal Green,"October 29, 1936",Rector,Journalism,BJ's Beauty & Barber College,Lead Front-End Developer,Healthians
Phyllis Schmidt,"August 14, 1948",Palmetto Bay,Military technologies,University of Massachusetts Medical School Worcester,Office Assistant,Applied Solar Technologies India
Ricky Davis II,"December 26, 1976",Mount Kisco,Ecology,Fisk University,Manager Technical Support Services,Durovalves India
Taylor Taylor,"May 22, 2022",Moscow,Criminal justice and fire protection,Butler Tech-D Russel Lee Career Center,Senior Network Solutions Engineer,Bonfiglioli Transmissions Private Limited
Karen Gomez,"March 16, 1986",Indian Hills,Food science,Ohio University-Lancaster Campus,Senior Manager  Technical Operations  Strategy & Planning -  GSP Americas,Knowledgeworks Global
Alyssa Morales,"December 2, 1969",De Soto,Management information systems and statistics,Iverson Institute,Senior Payroll Manager- Asia Pacific Region,Azentio
Maria Sims,"April 4, 1965",Paynes Creek,Mining and mineral engineering,Colegio Universitario de San Juan,Senior Technical Leader,Yokogawa
Mary Alvarez,"February 16, 1961",Gonvick,Miscellaneous fine arts,Gonzaga University,SRE Manager  Cloud Operations,Tatvasoft
Darryl Richardson,"January 17, 1965",Fairview,Educational administration and supervision,The School of Hairstyling,Staff Solutions Architect - Dell Execution Team,Luxoft
Dennis Soto,"August 6, 2023",Emory,Geosciences,Universal College of Beauty Inc-Compton,Senior DevOps Engineer,Winsome Textile Industries
John Carter,"August 7, 1973",Cross Plains,Interdisciplinary social sciences,Empire Beauty School-Malden,Fellow Pirate,Sterling Holiday Resort
Victoria Parker,"February 17, 1986",Abie,Cognitive science and biopsychology,Empire Beauty School-Lauderhill,Software Engineer  AWS Deep Learning,Dainik Jagran
Donna Williams,"November 28, 1955",Revere,Environmental engineering,Connors State College,Principal Product Manager,ZF Commercial Vehicle Control Systems
Charles Poole,"August 23, 1966",Willow Springs,Atmospheric sciences and meteorology,Christopher Newport University,Director of Product Management,TVS Sundram Fasteners
Aimee Montoya,"December 23, 2025",Torreon,Microbiology,Assemblies of God Theological Seminary,Software Developer,Envision Enterprise Solutions
Joshua Fowler,"October 2, 1964",Payne Springs,Special needs education,Northcentral University,Administrative Assistant,Synopsys
Paul Ross,"June 27, 1940",Hillsborough,Composition and rhetoric,Southwest School of Business and Technical Careers-San Antonio,Software Engineer,Broadcom
Kenneth Edwards,"July 10, 1936",Foley,Molecular biology,Capitol College,EDI developer/ Database Administrator,Uniproducts
Tammy Werner,"July 4, 1943",Minor Hill,Engineering technologies,Georgian Court University,Senior Enterprise Account Executive,Avvashya Cci Logistics
Nicholas Terrell,"May 11, 2019",Cape Meares,Humanities,Crafton Hills College,Staff Engineer SQA,LS Automotive India
Nicole Gomez,"January 28, 1938",Williams,Multi/interdisciplinary studies,Ross Medical Education Center-Kentwood,Senior Systems Engineer,Dulux
Jeremy Sparks,"July 13, 1964",Pine Grove,Operations logistics and e-commerce,Le Cordon Bleu College of Culinary Arts-Scottsdale,Project Leader,K7 Computing
Adam Stewart,"January 7, 2006",Bowlus,Naval architecture and marine engineering,Immaculata University,Presentation /Info-graphic Artist,IRIS Business Services
Javier Hays,"May 23, 1959",Brodhead,Theology and religious vocations,The Lab-Paul Mitchell Partner School,Cisco Global Cybersecurity Program Awardee,Tractors and Farm Equipment
Wayne Gray,"May 14, 1940",Sloan,Philosophy and religious studies,University of California-Riverside,Project Manager,NTL Electronics India
Ernest Bush,"December 12, 1982",Sidney,Electrical engineering,Spalding University,Software Engineer,Adma Solutions
Edward Hill,"March 1, 1951",Arlington,Pre-law and legal studies,Trinity College of Puerto Rico,Software Engineer,Gopalan Enterprises
Kimberly Lloyd,"May 29, 2023",Westwood,Humanities,Dowling College,Regional Sales Director,Wirtgen India
Traci Vincent,"November 22, 2022",Marietta,Actuarial science,Phillips Beth Israel School of Nursing,Software Engineer,Kotak Education Foundation
Marcus Blair,"September 23, 1990",Lignite,Biological engineering,Sherman Kendall's Academy-Sugarhouse,Technical Leader  INSBU,NIMHANS
Jeffrey Maldonado DDS,"November 9, 2008",Blair,Miscellaneous business & medical administration,Miller-Motte Technical College-Lynchburg,Recruiter,Mercurius Advisory Services
Jocelyn Campbell,"April 4, 1954",Springport,Geology and earth science,United States Coast Guard Academy,Senior Software Engineer,Pitambari Products
Alexis Cervantes,"March 18, 2011",New Market,Architectural engineering,Ave Maria School of Law,Hardware Engineer,Li & Fung
Mr. Thomas Jones PhD,"June 15, 2007",Regan,Treatment therapy professions,Isothermal Community College,Program Manager - Customer Experience for Services,Toyota Financial Services
Lisa Harrison,"April 2, 1982",Thomasville,Criminal justice and fire protection,Regency Beauty Institute-Fairview Heights,Software Engineer,Nagarro
Kimberly Thompson,"March 28, 2004",Kill Devil Hills,Botany,Instituto Tecnologico de Puerto Rico- Recinto de Manati,Software Engineer,Bajaj Allianz Life Insurance
Danielle Mcdaniel,"July 20, 1948",West Leipsic,Electrical engineering technology,Appalachian Beauty School,Account Manager,Coverfox
Shari Ray,"November 8, 2005",Chesapeake,Other foreign languages,Minneapolis Business College,Engineer-Firmware and Software,Indian Potash
David Hooper,"October 13, 1944",North Kingsville,Miscellaneous social sciences,CUNY Kingsborough Community College,Principal Engineer,Pine Labs
Leslie Greer DVM,"July 10, 1945",West Jefferson,General social sciences,Sanford-Brown Institute-Wilkins Township,Software Engineer III,MSC Technology India
Shannon York,"July 28, 2005",Spearville,Art history and criticism,Polytechnic University of Puerto Rico-Miami Campus,Senior Software Engineer,Ppap Automotive
Jesse Hinton,"August 4, 2001",Big Water,Military technologies,Cincinnati State Technical and Community College,SDN Developer @CloudLabs,ABCI Infrastructures
Lori Franco,"November 22, 2011",Boyertown,Microbiology,Thunderbird School of Global Management,Senior Director Planning & Optimization,Milltec Machinery Pvt Ltd Bangalore
Angie Henderson,"April 15, 1980",Westminster,Elementary education,Kiamichi Technology Center-Atoka,Community Relations Project Manager,Kemin Industries
Matthew Garcia MD,"June 9, 1950",Hamilton,Studio arts,Northwest College,Inside Sales Manager for Business Development,Citizen Co-operative Bank
Adam Gillespie,"August 21, 2007",Waterflow,School student counseling,Hairitage Hair Academy,Enterprise Account Director,SCOPE T&M
Richard Mitchell,"January 16, 2001",Bradshaw,Early childhood education,Michael's School of Beauty,Advisory Solution Architect,Bhutani Group
Nancy Jones,"December 27, 2015",Woodbury,Psychology,Instituto de Banca y Comercio Inc,SRE/DevOps Engineer,Hi-Tech
Kelly Cox,"March 29, 2021",Huntington Station,Geosciences,Delta College of Arts & Technology,Software Development Engineer,Consultancy Services
Anthony Hernandez,"October 30, 2003",Grace City,Environmental engineering,University of Phoenix-Chattanooga Campus,Director/Architect,Omkar Realtors and Developers Group
Kristi Jordan,"June 1, 1946",Fairburn,Mathematics and computer science,Cottey College,Analyst,Government of India
Julie Gillespie,"September 16, 1942",Rosedale,Industrial and manufacturing engineering,Lanier Technical College,Information Security Analyst,Hapag-Lloyd
James Washington,"June 27, 1938",Good Thunder,Business economics,Harvard University,Senior Systems Engineer,Plintron Global Technology Solutions
Joshua Murray,"May 30, 1999",Kendall,Human services and community organization,University of Puerto Rico-Mayaguez,Design Verification Engineer,BYD Electronics
Keith Davis,"January 5, 2000",White Mountain,Communications,Central Texas College,Director,LOTS Wholesale Solutions
Deanna Woodard,"March 26, 2024",Center,Miscellaneous engineering,Bluegrass Community and Technical College,Enterprise Solutions Architect - Data Loss Prevention.,Mahindra Tractors
Richard Brown,"February 14, 2009",Gulf Port,Physical fitness parks recreation and leisure,ITT Technical Institute-Little Rock,Network Consulting Engineer,DNEG CREATIVE SERVICES
Angela Trevino,"June 19, 1934",Crystal Springs,Architectural engineering,Northland College,Software Engineer,Advanced Micro Devices
Lori Flowers MD,"October 30, 1966",Brook Park,Materials science,Paul Mitchell The School-Charleston,Product Manager/Carrier Network Marketing,Alp Consulting
Brittney Phillips,"December 21, 1984",Irvington,Electrical engineering,Saint Francis Medical Center School of Nursing,Member  Board Of Directors,iNeuron.ai
Jose Crawford,"April 8, 1965",Lorenz Park,Electrical engineering,Golden State College of Court Reporting,Senior Software Engineer,Indwell
Samantha Robertson,"December 3, 1976",Taylor,Studio arts,Oxnard College,Software Engineer 3,Lanco Infratech
Richard Gordon,"November 23, 1950",Pastura,Agriculture production and management,College of International Esthetics Inc,Senior Network Operations Engineer,Worley
Annette Rivas,"November 18, 2006",McDonald,Engineering mechanics physics and science,Washington College,Technical Support Engineer,Heavy Engineering Corporation
Emily Salazar,"January 11, 2021",Utica,Liberal arts,New Concept Massage and Beauty School,Technical Lead,Sulzer
Lance Lynn,"August 17, 2020",Virden,International business,Inver Hills Community College,Software Engineer,Alivira Animal Health
Julie Martin,"June 29, 2021",Camuy,Theology and religious vocations,America's Career Institute,System Administrator,Kama Ayurveda
Elizabeth Graham,"September 29, 1963",Escondido,Liberal arts,Ulster County Community College,Executive Assistant,Texport Syndicate India
Joseph Norris,"January 24, 2018",Sabillasville,Physical sciences,Trident Technical College,Network Implementation Engineer,Tyco Fire & Security
Casey Murphy,"June 24, 1969",Elmira,Special needs education,Pennsylvania State University-Penn State Harrisburg,Senior Java Developer,SNS College of Engineering
Katherine Padilla,"June 25, 1997",Alleman,Neuroscience,Nebraska Wesleyan University,Design Verification Engineer,Star Health & Allied Insurance
Donna Freeman,"January 27, 1944",Red Oaks Mill,Ecology,NorthWest Arkansas Community College,Head of Solutions Engineering for Google Cloud Platform,Balaji Enterprises
Tammy Anderson,"May 21, 1932",Toad Hop,Public administration,Alaska Bible College,Business Transformation Architect,Talwalkars Better value Fitness
Anthony Schmidt,"August 25, 1946",Liverpool,Oceanography,Tri County Regional Vocational Technical High School,Front-End Software Engineer,DISYS
John Cole,"May 22, 1960",White Stone,Communications,Aveda Institute-Covington,Contact Center Sales Specialist,Oxford University Press
Robert Morgan,"September 17, 1985",Innsbrook,Social science or history teacher education,Regency Beauty Institute-Maplewood,Senior Product Manager,Willowood Chemicals
Benjamin Sullivan,"June 20, 1974",Newnan,Pharmacy pharmaceutical sciences and administration,Wilmington College,Senior Information Security Engineer,Delhi Police
Mariah Perry,"June 12, 1949",Dermott,Public policy,Saint Anthony College of Nursing,Software Engineer,Kips Learning Private Limited
Sandra Walker,"June 12, 2018",Holts Summit,Nuclear engineering,KD College Conservatory of Film and Dramatic Arts,Senior Software Engineer  Quality,Stats Perform
Joshua Moody,"November 10, 1935",Waldwick,Communications,Metropolitan State University,Technical Platform Specialist,Indian Metals & Ferro Alloys
James Harrison,"June 24, 1997",West Haverstraw,Military technologies,Westwood College-Annandale,Consulting Engineer,PropTiger.com
Kayla Moore,"September 29, 2023",Okaton,Music,Saint Martin's University,Product Manager,DCM Engineering
Stephen Roth,"July 13, 2021",Vincent,Nuclear engineering,University of Wisconsin-Superior,Software Engineer,NSK
Amy Reynolds,"October 14, 2006",Gotham,Commercial art and graphic design,Central School of Practical Nursing,Senior Systems Design Engineer,Mindlance
Laura Luna,"April 27, 1937",Coats,Clinical psychology,Case Western Reserve University,Apache Apex - Co-Founder  fmr Chief Architect  Member PMC  Committer,RR
Mitchell Hernandez,"October 6, 1985",Belle,Architecture,Miami-Jacobs Career College,Principal Architect,Pran Beverages India
Cindy Bradley MD,"August 27, 1937",Forreston,Hospitality management,Carnegie Institute,Director  Product Management & Strategy,Allianz Partners
Carolyn Miller,"February 14, 2004",Willis,Cosmetology services and culinary arts,Amarillo College,Network Engineer,Power2sme
Bonnie Larson,"December 27, 1945",Tierras Nuevas Poniente,Engineering mechanics physics and science,Hellenic College-Holy Cross Greek Orthodox School of Theology,Senior Vice President  Global Technical Services,Nalco water
Nicole Collins,"April 25, 1952",Henlopen Acres,Philosophy and religious studies,University of California-San Diego,Senior Wireless Network Architect,Genesys International Corporation
Laura Fowler,"May 20, 1976",Pine Level,Chemistry,MBTI Business Training Institute,Advisory Board Member,SSP India
Ashley Jackson,"November 23, 1979",Lynch,Metallurgical engineering,University of Mississippi Medical Center,Software Engineer,Yamaha Motor
Melissa Santos,"March 30, 1964",Newport Center,Molecular biology,ATA College,Founder & Investor,IKF Finance
Joann Ferguson,"May 13, 1958",Economy,Community and public health,Brooks Institute,Software Development Engineer In Test,SunSource Energy
Maria Alexander,"August 28, 2012",La Mirada,Miscellaneous health medical professions,Centro de Estudios Multidisciplinarios-San Juan,Manager  Technical Marketing,ACC
Travis Marsh,"March 16, 1991",Hamburg,Advertising and public relations,College of the Sequoias,Technical Consultant,Ogilvy
Sharon Johnson,"September 30, 2007",Garnet,Chemistry,ITT Technical Institute-Tarentum,Commercial Select Sales,Hirschvogel Components
Sara Cain,"April 6, 1959",Susanville,Linguistics and comparative language and literature,Fremont College,Escalation Engineer,Layam Management Solutions
Cody Reid,"December 27, 2006",McNeal,"Nuclear, industrial radiology, and biological technologies",Beth Hamedrash Shaarei Yosher Institute,Senior QA - Security,Oswal Castings
Jack White,"January 23, 1946",Kennard,Pharmacy pharmaceutical sciences and administration,Virginia College-Savannah,Senior Java Developer,Gulbrandsen
Danielle Norris,"July 28, 2025",Smith Corner,General medical and health services,Tennessee Technology Center at Whiteville,Senior Network Engineer,Axa XL
Heather Kim,"December 25, 1939",Port Huron,Business management and administration,Creative Images Institute of Cosmetology-North Dayton,Collaboration Engineer,Teemage Precast In
Krista Williams,"May 27, 1942",Bluewell,General education,Pennsylvania Academy of Cosmetology Arts and Sciences,Lead Solutions Engineer  North Central Area,Chqbook.com
Chloe Ellis,"August 7, 1973",Hobart,Computer programming and data processing,American College of Hair Design Inc,Founder & Managing Partner,Parle International
Brian Lee,"November 29, 2014",Chicago,Engineering technologies,Wright Beauty Academy,Salesforce.com Product Manager,Hidoc Dr
Crystal Mills,"May 5, 1993",Stantonville,Miscellaneous business & medical administration,East Arkansas Community College,SDET,VLCC
Michael Williams,"April 8, 1995",Hemingford,Art and music education,Paul Mitchell the School-Sherman Oaks,Senior Strategic Account Executive Automotive,Takata
Bradley Walker,"February 5, 2009",Fayette,Naval architecture and marine engineering,Glen Oaks Community College,Principal Engineer I,Sharayu Toyota
Kenneth Webb,"August 20, 1991",Chesapeake City,Engineering technologies,Carrington College California-Pleasant Hill,Director Network Engineering,Brinks Arya India
Sean Kane,"May 2, 2013",Chester,Information sciences,Suffolk University,Enterprise Account Manager,Basavatarakam Indo American Cancer Hospital Research Institute
Kevin Torres,"July 21, 2000",Austell,Geology and earth science,Universal College of Beauty Inc-Los Angeles 1,Software Engineer,Manav Rachna International School
Emily Henderson,"March 20, 1984",Hanover,Cosmetology services and culinary arts,East-West University,Member Of Technical Staff,Technico Industries
Cassandra Bonilla,"April 21, 2019",Greenville,Biochemical sciences,Central Oregon Community College,Data Architect - ESCi Contractor,Kamal Fincap
Dr. Jose Gray DDS,"May 18, 2007",Bromley,Music,Emma's Beauty Academy-Mayaguez,Software Developer,SoftAge Information Technology
Brian White,"October 31, 1945",Elkmont,Social science or history teacher education,Leston College,Senior Director - Partner Marketing,Aurigo
Brendan Khan,"May 3, 1967",Lebanon,Geology and earth science,South Florida Bible College and Theological Seminary,Senior Staff Software Engineer,White Globe
Amber Yang,"April 7, 2012",Buckley,Treatment therapy professions,San Diego Miramar College,Senior IT Instructor and Consultant,Woosu Automotive India
Kathryn Perry,"March 23, 1986",Gadsden,School student counseling,The Process Institute of Cosmetology,Global Account Director - ICPs  Silicon Valley,DESIGNCO
Jennifer Velasquez,"August 11, 1984",New Market,Cosmetology services and culinary arts,American Baptist Seminary of the West,Software Engineer,Goodyear
Jacqueline Dickerson,"September 4, 1988",Port Barre,Other foreign languages,Northcoast Medical Training Academy,Senior Consultant,Sata Vikas India
Christopher Burnett,"April 13, 1935",Bardwell,Actuarial science,Regency Beauty Institute-Wichita,Software Engineer  Tools and Infrastructure,Anmol Industries
Carol Gay,"November 17, 2008",Pine Hills,Botany,Drury University,CRM Platform Lead,The Digital Group Infotech
Kent Freeman,"April 29, 2003",Felicity,History,Toledo Restaurant Training Center,Vice President Of Engineering,TATA Advanced Materials
Jonathan Tanner,"November 16, 2025",Durham,Fine arts,Northeastern Hospital School of Nursing,Director M&A Security,SrinSoft Technologies
Andrea Butler,"December 1, 1939",Antonito,Aerospace engineering,Windward Community College,Software Engineer IV,Hero Vired
Maria Alexander,"August 28, 2012",La Mirada,Miscellaneous health medical professions,Centro de Estudios Multidisciplinarios-San Juan,Manager  Technical Marketing,ACC
Julia Mullins,"November 16, 2023",Oak Hills,General agriculture,Everest College-Aurora,Full Stack Android Developer,Jindal Group Of Companies
Kevin Alvarado,"September 21, 1973",Crane,International business,Bryant & Stratton College-Richmond,Engineer,TestingXperts
Travis Tucker,"May 10, 2003",Jonesville,Mass media,University of Western States,Senior Devops Engineer,Central Bank of India
Megan Miller,"April 24, 1946",Snook,Animal sciences,Georgia Piedmont Technical College,Software Engineer,PaySquare Consultancy
Cassandra Harrell,"November 15, 1957",DeLand Southwest,Computer programming and data processing,Northwestern Polytechnic University,Principal Software Engineer,Meghmani Finechem
Samuel Lee,"October 16, 2020",Carnuel,Computer and information systems,Paris Junior College,Lead Systems Engineer,Kef Infrastructure India
Stacy Stein,"May 24, 2008",Manchester,International relations,Kanawha Valley Community and Technical College,Business Development Leader &  Senior Client Executive,Centex Exports
Becky Shepherd,"July 15, 1940",Lompico,Language and drama education,Kettering College,Senior Engineer,Sony
Raymond Powell,"July 26, 1935",Christmas,Interdisciplinary social sciences,Anthem College-Sacramento,Staff Engineer,Galderma
Andre Haynes,"November 22, 1938",Niotaze,N/a (less than bachelor's degree),The Hair Academy,Mid-Market & Cloud Specialist for Caribbean  Central America  Ecuador  Bolivia  Paraguay & Venezuela,CES
Jennifer Santos,"January 28, 1964",Newtown,Miscellaneous engineering,Montana State University Billings,Software Engineer,Knowledge Splice Services pvt ltd.
Alyssa Orr,"March 24, 1947",Kistler,Art history and criticism,University of Pittsburgh Medical Center-Shadyside School of Nursing,Presentation Designer,Reynolds
Paula Gentry,"June 10, 2005",Eaton,Educational administration and supervision,America's Career Institute,Practice Manager,HTC
Pamela Burnett,"May 12, 2006",Rochester,French german latin and other common foreign language studies,Naval Postgraduate School,Network Support Engineer,efficiently
Patricia Moore,"June 19, 1966",Fulton,Soil science,Georgia Military College-Warner Robins Campus,Director Digital Practices,Orbit Techsol
David Bryant,"February 21, 1968",Cole Camp,Art history and criticism,Pinnacle Institute of Cosmetology,Software Engineer,ScoreMe Solutions
Linda Fernandez,"November 1, 1931",Ashland,Social science or history teacher education,Stevens Henager College,Channel Partner Account Manager,Lavya Associates HR Services
John Mcfarland,"December 5, 1964",Randolph,Miscellaneous social sciences,Ilisagvik College,Executive Assistant,Any Brand
Dean Cook,"December 7, 1938",Yale,Materials science,Pinnacle Career Institute√North Kansas City,Senior Engineering Manager - Payments and Payouts,Starmark Software
Derek Frazier,"January 13, 1961",Salt Lick,Business economics,The University of West Florida,Senior Java Developer,Wunderman Thompson
Carol Christensen,"March 5, 1961",Ransom,Educational administration and supervision,Orange County Community College,Global AV Deployment Engineer,Borgwarner Emission System
Phillip Jones,"July 16, 1974",Olga,General engineering,Lincoln Technical Institute-Whitestone,Security Engineering Manager,Lauren Information Technologies
Tanner James,"December 22, 2013",Lake Park,Astronomy and astrophysics,Central Louisiana Technical Community College,Full Stack Software Developer,Avians Innovations Technology
Donna Carter,"September 18, 2025",Three Rivers,Engineering technologies,Branford Hall Career Institute-Windsor Campus,Senior Platform Engineer,Ness Technologies
Dr. Julie Miller,"February 21, 1978",Hobart,Construction services,SBI Campus-An Affiliate of Sanford-Brown,Network Engineer,Molecular Connections
Tamara Gonzales,"January 4, 1991",Shageluk,Biomedical engineering,Laurel Business Institute,Staff Software Engineer,Aero Club-Woodland Store
Jessica Thompson,"July 11, 2024",Potomac Mills,Intercultural and international studies,Star Career Academy-New York,Associate Programmer Analyst,HP Computing and Printing Systems
Michael Coleman,"February 7, 2011",Wellston,Industrial and manufacturing engineering,Western Nevada College,Database  Analytics & Artificial Intelligence Outbound Product Management,DLV Software
Samantha Salinas,"July 17, 1982",Table Rock,Animal sciences,Jenny Lea Academy of Cosmetology and Aesthetics,Senior Consultant,Sapiens
Martha Lee,"May 30, 1946",Glen Elder,Transportation sciences and technologies,Saint Martin's University,Vice President of Marketing,Net Access India
Yvonne Chambers,"January 27, 1988",Bentonia,Actuarial science,System - A Paul Mitchell Partner School,GM  AWS Mobile,Nash Industries
Howard Hunter,"February 28, 1974",South Vacherie,Biochemical sciences,Ecclesia College,Solutions Performance Engineer,Energo Engineering Projects
Peter Davis,"April 19, 2020",Emery,Electrical engineering technology,Connecticut Center for Massage Therapy-Groton,IT Architect,Emonics
Amber Cooper,"July 8, 1936",Denton,Journalism,Anthem College-Minnesota,Senior Software Engineer,Monocept
Claudia Black,"April 9, 2012",Montpelier,Neuroscience,Southern Oklahoma Technology Center,Senior Tibco Engineer,BlueBinaries Engineering and Solutions
Christine Tyler,"June 28, 2004",Hooper Bay,Neuroscience,Franklin College,Staff System Test Enginee,Tata Memorial Centre
Christine Cardenas,"July 30, 1991",Maysville,Operations logistics and e-commerce,College of Hair Design,Chief Cybersecurity Engineer,Garuda Polyflex Foods
Charles Gonzales,"March 18, 2023",Roberts,Educational psychology,New Beginning College of Cosmetology,Network Security Architect,Gera Developments
Amber Crawford,"September 18, 1961",Rutherford,Metallurgical engineering,Miller-Motte Technical College-North Charleston,Data Engineer,Zeta
Brian Burton,"March 21, 2009",Belle Fourche,Architectural engineering,Brown Mackie College-Louisville,Senior Member Of Technical Staff,Schindler Group
Corey Johnson,"December 12, 1968",Tillamook,Molecular biology,Virginia College-Shreveport/Bossier City,Data Analyst,FCC Clutch
Omar Price,"March 23, 2014",Mounds,Visual and performing arts,University of St Augustine for Health Sciences,Data Scientist,Isys Softech
Amy Adams,"May 19, 2002",Valley View,Business management and administration,Cornerstone University,Senior Manager  IT M&A,Zones Corporate Solutions
William Saunders,"July 27, 2022",Metcalf,Cognitive science and biopsychology,University of Southernmost Florida,Solutions Architect,ZF Commercial Vehicle Control Systems
Ronnie Jenkins,"January 24, 1960",Palmer,Pharmacology,University of Phoenix-Maryland Campus,Cloud Operations Engineer,Kawasaki Motors
Ashlee Thomas,"March 31, 1990",Kualapuu,Biomedical engineering,Milan Institute of Cosmetology-Amarillo,Cyber Risk Services - Senior Manager,Par Pharmaceutical Companies
Haley Johnson,"March 28, 1933",South Heart,Mechanical engineering,Virginia College-Columbia,Software Engineer - Machine Learning,Apar Industries
Barbara Wagner,"February 26, 2001",Morgantown,Interdisciplinary social sciences,The Art Institute of Cincinnati,Network Architect,Krishna Enterprises
Krista Gibson,"December 24, 2023",Notchietown,Civil engineering,Salinas Beauty College Inc,Senior Business Development Manager,Elite Powertech
Gail Morales,"July 30, 1948",Hyde,Computer and information systems,Eagle Gate College-Layton,Senior Site Reliability Engineer,Tema India
Patrick Mcneil,"February 12, 2001",Heeia,Mechanical engineering related technologies,University of Oklahoma Health Sciences Center,Software Engineer,Jayem Automotives
Kelly Andersen,"July 29, 1934",De Tour Village,Agriculture production and management,State College of Florida-Manatee-Sarasota,Software Developer Lead,Mikuni
Rachel Flores,"April 3, 2006",Peaceful Village,Miscellaneous biology,Citrus Heights Beauty College,Product Manager II  Mobile,FICO
Andrew Potter,"April 6, 1934",Paloma Creek,Nuclear engineering,Unitech Training Academy-West Monroe,Distinguished CPaaS Sales Engineer,Pearl Polymers
Jeffrey Stokes,"June 28, 2000",South Pasadena,Special needs education,New York University,Senior Software Engineer,Nitor Infotech
Jeremy Turner,"February 8, 2019",Coaldale,Criminal justice and fire protection,Colegio Mayor de Tecnologia Inc,Software Engineer III,Smartworks
Jacqueline Ford,"September 21, 1950",St. Martinville,Food science,Euphoria Institute of Beauty Arts & Sciences-Las Vegas,Principal Engineering Director - Conversation As a Platform (CaaP),MMC Infotech Services
Ashley Bell,"March 14, 1956",West Memphis,Drama and theater arts,Carousel Beauty College-Middletown,Lead Java Developer,KMC HOSPITAL
Stephen Thompson,"February 16, 1995",Crows Nest,Biochemical sciences,Anthem College-Sacramento,Deal Desk Analyst,Napier Healthcare Solutions
Barbara Wagner,"February 26, 2001",Morgantown,Interdisciplinary social sciences,The Art Institute of Cincinnati,Network Architect,Krishna Enterprises
Kristen Smith,"February 23, 1979",Glen Jean,Genetics,Medvance Institute-Fort Lauderdale,Go-Live Support,Treebo Hotels
John Hudson,"March 24, 1973",Phenix City,Medical technologies technicians,Institute of Hair Design,Engineering Manager,Hombale Constructions and Estates
Jason Oliver,"December 5, 1952",Oval,Astronomy and astrophysics,Mount St. Mary's College,SR. Programmer/Analyst,Unibic Foods
Timothy Hayden,"May 11, 1990",Delmita,Nuclear engineering,Maryville University of Saint Louis,Executive Assistant (IT-CISO; VP-PCSS  VP-ePMO/BAT),Urbanpro
Justin Brown,"January 7, 1970",Florida,Physiology,West Hills Community College District,Director of Digital Strategy,S K Samanta & Co
Calvin Keith,"June 15, 1992",Kenmare,Teacher education: multiple levels,Empire Beauty School-Virginia Beach,Enterprise Content Oversight  Experience Design & Content Strategy,Axis Securities and Sales
Brittany Melton,"July 7, 1945",College Station,Architectural engineering,ITT Technical Institute-San Dimas,Technical Sales & Simulation Support Engineer,Mining Engineering Services
Mrs. Julia Chavez DDS,"March 27, 2001",Douglass,Family and consumer sciences,Mercyhurst University,Network  & Data Center Specialist,DreamOrbit
Adam Evans,"November 19, 1952",Taft,Oceanography,Kaplan Career Institute-Broomall,Software Engineer,Pebs Pennar
Paul Guzman,"November 6, 2022",Valley Acres,Atmospheric sciences and meteorology,Santa Ana Beauty Academy,Financial Analyst,Glass Wall Systems
Robin Richardson,"June 2, 1976",Erie,Applied mathematics,Charles H McCann Technical School,Senior Site Reliability Engineer,Bhima Jewellers
Andrew Harper,"December 31, 2001",Skidmore,Management information systems and statistics,Fort Valley State University,Site Reliability Engineer,Shrachi Group
Julia Mullins,"November 16, 2023",Oak Hills,General agriculture,Everest College-Aurora,Full Stack Android Developer,Jindal Group Of Companies
Jonathan Bates,"April 27, 1997",Massanetta Springs,Art history and criticism,Monteclaro Escuela de Hoteleria y Artes Culinarias,Workday consultant / DCM Architect,ARB Bearings
Elaine Martin,"September 10, 1954",Wrightsville Beach,General medical and health services,American InterContinental University-Online,Software Engineer,Mecon
Kimberly Norton,"January 29, 1994",Fullerton,Accounting,San Francisco State University,Senior Automation QA Engineer,MindGate Solutions
Walter Romero,"September 24, 1977",Redvale,Engineering and industrial management,Professional Training Centers,Front End Developer,DAIMLER TRUCKS ASIA
Connie Miller,"May 21, 2025",Gulf Port,Architectural engineering,ITT Technical Institute-Boise,Software Developer,Amartex Industries
Grant Wood,"January 13, 2024",Kiryas Joel,Commercial art and graphic design,National Beauty College,Senior Software Engineer,Ivy Hospital
Maria Garcia,"May 6, 1957",Cassville,International relations,St John's Seminary,Lead Cloud and Devops Engineer,QualiZeal
Eric Hull,"March 15, 2019",De Smet,Nutrition sciences,Tohono O'Odham Community College,Developer Support Specialist III,Elite Powertech
Mark Edwards,"February 24, 1977",Southeast Arcadia,Petroleum engineering,Dewey University,Global Business Development Manager,Delux Bearings
Nancy Webb,"March 30, 1970",Barclay,Business management and administration,National American University-Austin,Openstack Engineer,GMR Group
Melinda Kim,"May 1, 1954",Aucilla,Mass media,Princeton Information Technology Center,Consultant,Riddhi Corporate Services
Derek Zuniga,"February 2, 2018",Prairieville,Industrial and manufacturing engineering,Colorado Academy of Veterinary Technology,Senior Product Manager  Finance Systems,Takenaka
Laura Green,"January 27, 2012",Kaanapali,Architectural engineering,Coast Career Institute,Lead Solution Engineer,Kalpataru Power Transmission
Sharon Santos,"December 4, 2004",Roosevelt,Advertising and public relations,Ohio Center for Broadcasting-Cincinnati,Physical Security Engineer,Reliance Industries
William Austin,"October 15, 1944",Fairfax,Physical and health education teaching,Capitol College,Lead Software Engineer,Root Industries
Mr. Aaron Arnold,"December 16, 1948",Sour John,Mathematics,Lycoming College,Senior Manager  Global GTM Strategy  Cloud & Managed Services,Lido Learning
Scott Powers,"May 26, 1937",Mount Gretna,Criminology,Healing Mountain Massage School,Firewall security Engineer,United Spirits
Stacey Snyder,"December 26, 2003",Skiatook,Cognitive science and biopsychology,Velvet Touch Academy of Cosmetology,Senior Design Network Engineer,PressureJet Systems
Donald Salazar,"July 22, 1938",Paragonah,Theology and religious vocations,St Vincent's College,System Administrator,Religare
Kenneth Schmidt,"December 5, 2006",North Granby,Miscellaneous business & medical administration,Edinboro University of Pennsylvania,Experienced Associate - CyberSecurity & Privacy,Tema India
Mary Pearson,"January 22, 1969",Toronto,Biology,Sunnyside Beauty Academy,Founding Partner and Engineer,Alivira Animal Health
Erica Turner,"February 17, 1997",Walden,Mechanical engineering related technologies,DuVall's School of Cosmetology,Senior Digital Marketing Manager,Light Microfinance
Samantha Chavez,"February 2, 2002",Williamsville,Medical assisting services,SOLEX College,Cisco System Sales Engineer,Mukand Limited
George Villa,"December 16, 2009",Sheffield,Sociology,Williams College,Product Manager,Bajaj Housing Finance
Deborah Curry,"May 24, 1941",Coloma,Advertising and public relations,Don Roberts School of Hair Design,Senior Systems Engineering Director,Patel Motors
Vanessa Rivera,"February 23, 1967",Lower Grand Lagoon,Geography,Franklin Career Institute,President,TriGeo Technologies
Tina Padilla,"August 22, 1949",Uniontown,Social science or history teacher education,Ozark Christian College,Technical Support Specialist,Service Master Clean
Megan Boyd,"March 3, 1963",Sandy Ridge,Journalism,Northern Oklahoma College,Senior Principal Engineer,Codeforce 360
Brandon Edwards,"March 31, 1985",Springdale,Engineering and industrial management,Interactive Learning Systems-Houston,Front End Developer,SirionLabs
Ryan Adams,"October 13, 2011",Catonsville,Finance,Classic Cooking Academy,Senior Software Development Engineer,GAIL
Nathan Dillon,"February 8, 2015",Sweet Home,Public policy,Aveda Institute Denver,Software Engineer 2,Meitra Hospital
Heather Shaffer,"October 2, 1948",Wilton Manors,Cosmetology services and culinary arts,Warren County Career Center,Software Developer,DLT Lab Technologies
Laura Jackson,"April 10, 1958",Gambier,Physiology,Webber International University,Sales Engineer - Great Lakes Region,HealthKart
Aimee Gonzalez,"June 9, 1984",Yantis,Nuclear engineering,Alaska Pacific University,Business Analysis Manager,Allianz
Ann Huffman,"May 15, 1936",Goldfield,Computer science,Minnesota State College-Southeast Technical,Director Operations - Enterprise Identity  Information Security  Supply Chain Transformation,SNL Bearings
Heather Payne,"December 31, 1997",Ulen,Food science,Institute for Doctoral Studies in the Visual Arts,Principal Test Engineer,Metec Design & Construction Engineers
Emily Smith,"September 14, 2016",Wurtland,Information sciences,James Rumsey Technical Institute,Business Operations Manager - Global Customer Experience Operations,Stashfin
Michelle Fowler,"December 1, 2010",Ellendale,Plant science and agronomy,Union College,Senior Product Manager,Telecomone Teleservices
Trevor James,"May 16, 1989",Martinsville,Educational psychology,Georgia Institute of Cosmetology,Member Of Technical Staff,Cloud Analogy
Victor Harmon,"October 20, 1967",Marueño,Miscellaneous psychology,Baptist Theological Seminary at Richmond,Senior Product Line Manager,Inox Leisure
Jason Clark,"June 16, 1981",Franconia,Chemical engineering,Laurel University,Senior Partner and Managing Director,Cleartrip
Joy Brooks,"August 27, 1990",Ellsworth,General engineering,Anthem College-Denver,Director Americas Enterprise Sales Engineering,Bekaert Industries
Erin Fox,"July 4, 1941",Winner,Miscellaneous social sciences,Wytheville Community College,Software Engineer,JustDial
David Wang,"May 11, 1997",Roy,Political science and government,LeGrand Institute of Cosmetology Inc,Software Developer,Indian Potash
Gregory Chase,"December 20, 1996",Sun,Industrial and organizational psychology,Empire Beauty School-Matthews,Sales Operations,Hartex Rubber
Joshua Nelson,"February 23, 1988",Burtonsville,Actuarial science,Genesis Career College,Principal Product Manager,Spencer's Retail
Joshua Guerrero,"April 19, 1967",Beaver Creek,Studio arts,Memphis College of Art,Full Stack Senior Software Engineer,Mukand Sumi Special Steel
Timothy Ho,"May 21, 2001",Gilbert,Cosmetology services and culinary arts,University of Alaska Fairbanks,Software Engineer,Hurix Digital
Steve Miller PhD,"January 31, 1984",Narrows,Counseling psychology,Sentara College of Health Sciences,Principal Engineer,Atkins
Connor Benton,"July 30, 1948",Le Grand,Atmospheric sciences and meteorology,Dorsey Business Schools-Southgate,Senior Accountant – Inventory Accounting (Corporate Controllers Group) / Finance Epic Owner (Services),Pennar Industries
Andrew Avila,"May 21, 2008",Lincolnton,Architectural engineering,Brown Mackie College-Tulsa,Principal Architect,Deepak Fasteners
Kevin Miller,"December 20, 1957",Tylertown,Geography,New Life Business Institute,Program Manager,Adani Gas
Justin Smith,"January 14, 1937",Monticello,Industrial production technologies,Flair Beauty College,Infra Connectivity Program Manager,IWS
Erica Lane,"November 9, 1991",Lebanon,Health and medical administrative services,Dewey University,Principal Engineer,SONATRACH
Jason Waters,"October 21, 1941",Star City,Mining and mineral engineering,Newbridge College-Long Beach,Customer Success Manager,Shivalik Small Finance Bank
Rachel Curry,"August 30, 1976",Canton,Astronomy and astrophysics,Adler Graduate School,Engineering Program Manager,Welspun Global Brands
Joseph Mendoza,"January 30, 2019",Cheboygan,Construction services,Austin's School of Spa Technology,Business Analyst,JPAL
Larry Harding,"November 15, 2023",Ciales,Social work,College of the Desert,Senior Director  SMB Sales and GTM Operations  Google Cloud,Sakthi Finance
Angel Johnson,"March 26, 2011",Crandon,Communication technologies,Montessori Institute of Milwaukee,Senior Director  DevOps,Teleindia Networks
Alexander Wright,"May 16, 1950",Parsonsburg,Soil science,Norfolk State University,Senior Systems Engineer,Kepler Healthcare
Brenda Harris,"March 7, 2022",Empire,Early childhood education,Samford University,Technology Program Management Director,Duroshox
Mark Taylor Jr.,"February 3, 1957",Elmer,Neuroscience,Academy for Careers and Technology,Network Support Team Lead at Cisco Meraki,Grasim Industries
Nicole Richards,"November 25, 1931",South San Jose Hills,Electrical engineering technology,The University of the Arts,Software Engineer 3,Mynd Solutions Private
Kathy Ortega,"March 2, 1945",Brainards,International business,Cuyahoga Valley Career Center,Senior Technical Sales Engineer,Star Cement
Aaron Adams,"February 18, 1973",Grimes,Linguistics and comparative language and literature,American Indian OIC Inc,Partner Sales Manager,Vivo
Mariah Thompson,"August 4, 2008",Beverly Shores,Neuroscience,West Virginia University at Parkersburg,Technical Manager,Orient Bell
Mark Wallace,"July 26, 1965",Celoron,Neuroscience,Intellitec College-Grand Junction,Software Engineer III,Salaryfy
Erica Lane,"November 9, 1991",Lebanon,Health and medical administrative services,Dewey University,Principal Engineer,SONATRACH
Meredith Shaw,"March 9, 1991",Wagoner,Sociology,Great Basin College,Software Engineer  System Administrator,World Network Services
Ryan Palmer,"October 24, 1956",Ranchester,Electrical engineering,Southeastern Institute-Columbia,Staff Software Engineer,Lemon Tree Hotels
Adriana Parks,"February 18, 2013",West College Corner,Architecture,Miller-Motte Technical College-Madison,Major Account Manager,Rosenberger Electronic
Katherine Andrews,"December 8, 1988",Coker,Mathematics teacher education,Salon Professional Academy (The),Senior System Engineer,Hughes Systique Corporation
Debra White,"January 27, 1935",Walsenburg,Criminal justice and fire protection,Florida College of Integrative Medicine,Senior Program Manager  Touch Display Driver Integrated IC,Apeejay Surrendra Group
Jason Kirk,"March 28, 1948",West Menlo Park,Miscellaneous engineering technologies,Hastings Beauty School,Enterprise/Cloud Solutions Architect,Frontline NCR Business Solutions
Tracey Hogan,"June 18, 1933",Elmdale,Petroleum engineering,Montebello Beauty College,Head of Digital Customer Experience Marketing,SHARON BIO MEDICINE
Jason Beck,"February 12, 1948",Kyle,N/a (less than bachelor's degree),Chadron State College,Software Engineer,Blackrock
Kayla Rodriguez,"October 29, 1974",Virgil,Computer programming and data processing,Southern University-Board and System,Systems Reliability Engineer II,Segula Technologies
Holly Williams,"May 25, 1943",Porters Neck,Area ethnic and civilization studies,Magnolia College of Cosmetology,Founder // CEO,Bajaj Housing Finance
Juan Brewer,"June 20, 2013",Alma Center,Miscellaneous psychology,Vatterott College-Saint Joseph,Automation Developer/Junior Python Developer,Reliance Capital
Jaime Williams,"March 31, 1976",Roscoe,French german latin and other common foreign language studies,Knox College,Senior Security Engineer,VBeyond Corporation
Gerald Wall,"September 27, 2015",Minneola,Art and music education,National College-Canton,Applications Manager,Bharat Fritz Werner
Cassidy Bailey,"August 9, 1994",Prichard,Secondary teacher education,Community College of Rhode Island,Senior Software Developer,Al Tasnim Enterprises
Scott Nichols,"June 13, 1930",Ivyland,Miscellaneous engineering,Atlanta Institute of Music,Senior Data Engineer @GoDaddy,YLG Salon & Spa
Reginald Morrow,"May 28, 1983",Yoder,Industrial production technologies,Mary Baldwin College,Director Product Management,Sri Sri Ravishankar Vidya Mandir
Andrea Ramirez,"March 6, 1985",Hartford,Ecology,Regency Beauty Institute-Grand Rapids,National Carrier Account Executive  Strategic Carrier Sales,Inditex
Jessica Murphy,"February 26, 2007",Rathbun,Linguistics and comparative language and literature,Jarvis Christian College,Software Engineer,Equate Petrochemical
Joshua Hayes,"February 15, 2009",Annada,Miscellaneous education,McNally Smith College of Music,Senior GPU Verification Engineer,Patni Computer Systems
Ashley Bell,"March 14, 1956",West Memphis,Drama and theater arts,Carousel Beauty College-Middletown,Lead Java Developer,KMC HOSPITAL
Kathleen Odonnell,"December 13, 1936",Quartzsite,Health and medical administrative services,Success Schools LLC,Senior Program Manager - Wireless Engineering,Zuari Agro Chemicals
Jennifer Parks,"November 14, 1993",Alpha,Mining and mineral engineering,Troy University,President,Getronics
Edward Guzman,"October 6, 1958",Keiser,Political science and government,Black River Technical College,Network Consulting Engineer,Mindsprint
Kenneth Stokes,"October 18, 2016",Royston,Mechanical engineering,Bergin University of Canine Studies,Senior Project Manager,Vertiv
Kim Morrow,"April 15, 1993",Big Lake,General business,Technical Learning Centers Inc,Software Development.Developer.Expert,Zydus Hospital
Dana Jennings,"May 19, 1963",Royal Pines,Mathematics and computer science,Western New Mexico University,Senior Director of Sales,Sun TV Network
Chad Scott,"August 11, 1939",Dakota,Industrial and manufacturing engineering,Phillips Hairstyling Institute,Director of Engineering,REC Power Development and Consultancy
Maria Simmons,"July 19, 2010",Briaroaks,Geological and geophysical engineering,Trinity Lutheran Seminary,COO / Co-founder,ABP Group
Jonathan Stanley,"June 8, 1963",River Bluff,Natural resources management,Genesis Career College-Lebanon Campus,Principal Engineer,Dhanlaxmi Bank
David Silva,"November 1, 2024",Santa Venetia,Intercultural and international studies,Mid-Del Technology Center,Customer Focused Technical Support Eng Staff,TRF
Miss Stephanie Cherry,"August 24, 1990",St. Matthews,Industrial production technologies,Riverside Hairstyling Academy,Senior Devops Engineer,Maharishi Vidya Mandir
Danielle Smith,"November 16, 1930",Grand Coulee,General medical and health services,University of Cincinnati-Clermont College,Red Team Member,St Stephens Hospital
Philip Weaver,"June 20, 2009",Highland City,Physics,EDP School of Computer Programming,Principal Member of Technical Staff - Data Scientist,Hpl Electric & Power
Jesse Lynch,"July 23, 1961",Petoskey,Mass media,St Johns College,Staff Software Engineer,Srijan Realty
Christopher Perez,"May 11, 1977",Alanson,Mathematics and computer science,ITT Technical Institute-Fort Wayne,Senior Product Manager,Analytix Business Solutions
Michelle Jackson,"September 8, 1943",Tryon,Operations logistics and e-commerce,Regency School of Hair Design,Data Center Presales Architect,Steel Strips Wheels
Kevin Hernandez,"September 12, 1982",Clayton,Area ethnic and civilization studies,All-State Career School-Pittsburgh,Director  Product Management - Quote-to-Cash,Essel Infraprojects
Shannon Jones,"December 28, 1987",Ashton,Music,Empire Beauty School-Appleton,Enterprise Directory Services Operations Lead,Joyalukkas
Stacey Snyder,"December 26, 2003",Skiatook,Cognitive science and biopsychology,Velvet Touch Academy of Cosmetology,Senior Design Network Engineer,PressureJet Systems
Maria Davidson,"July 4, 1932",Athalia,Social science or history teacher education,Columbus State University,Senior Sales Engineer - Citrix ShareFile,Hi Tech Projects
Jon Ramos,"October 28, 1997",Palominas,Biomedical engineering,Lincoln College of Technology-Cleveland,Brand Chair,Mahindra Tractors
Jaclyn Long,"June 3, 1978",Laguna Park,Physiology,Maryland Institute College of Art,Software Engineer,Wipro
Rebecca Oneill,"December 10, 1936",La Porte,Social psychology,Prairie View A & M University,Software Engineer,Sirca Paints India
Chad Pennington,"February 25, 1937",Norbourne Estates,Actuarial science,University of Hawaii at Manoa,Senior Product Manager - Advanced Technology Group,Uber
Carol Taylor DDS,"March 17, 1982",East Camden,Geology and earth science,Lorain County Community College,Solutions Architect,Mutual Industries
Natalie Burns,"April 10, 1941",Wheatland,Studio arts,Dean College,Partner & Managing Director - Silicon Valley,Rich Graviss Products
Rhonda Martin,"February 12, 1945",Pine Canyon,Composition and rhetoric,Kentucky Community and Technical College System,Senior Frond End /UI Developer /Architect,Unicommerce Esolutions
Katherine Hammond,"April 12, 2013",New Middletown,Computer programming and data processing,University of South Alabama,Software Engineer,Hill International
Bianca Chavez,"August 7, 1996",Zephyrhills,Physiology,Cambridge Junior College-Yuba City,Senior Network Engineer - National Data Center,Ramdev Food Products
Tanner Holmes,"August 8, 2005",Rolfe,Drama and theater arts,University of Wisconsin-Eau Claire,Director  SaaS Operations and SW Delivery,Oasis Partners Asia
Stephanie Barton,"May 10, 2021",Elgin,Medical assisting services,The Salon Professional Academy-Tacoma,Technical Lead / Consultant – New York Life Insurance Company,Ukay Metal Industries
Steven Rodriguez,"November 4, 1952",Kelso,Cosmetology services and culinary arts,Waubonsee Community College,Order and Contract Management Analyst (Contractor),Bajaj Allianz General Insurance
Charles Goodman,"November 7, 2008",Falls City,Applied mathematics,ITT Technical Institute-Marlton,Senior Manager  Software Engineering,BDO Rise
Alejandro Weaver,"May 2, 1943",Elkport,Nursing,Motlow State Community College,Systems Engineering Manager,ThyssenKrupp Industries India
Lisa Ryan,"January 18, 1966",Paden,Family and consumer sciences,Argosy University-Nashville,Principal Architect / Senior Principal Engineer (Director),TVS Mobility
David Douglas Jr.,"February 3, 1968",Henderson,Nursing,Antonelli College-Hattiesburg,Sales Regional Manager,Olectra Greentech
Christina Ferguson,"December 7, 1938",Snead,Geosciences,Marymount College,Security Engineer / Data Analyst,L&T Power Transmission & Distribution
Brittney Phillips,"December 21, 1984",Irvington,Electrical engineering,Saint Francis Medical Center School of Nursing,Member  Board Of Directors,iNeuron.ai
Charles Bush,"April 2, 1930",Sunrise Manor,Interdisciplinary social sciences,Erikson Institute,Sales Engineer,UNITILE
Christian Lambert,"January 11, 2025",Socastee,Miscellaneous health medical professions,DeSales University,DevOps Solution Architect,Chetak Enterprises
Sara Stuart,"September 27, 1993",Merrionette Park,Chemical engineering,Holy Cross College,Full Stack Engineer,Honour Lab
Eric Kane,"December 8, 1946",Narberth,N/a (less than bachelor's degree),Fresno City College,Technical Product Manager,Veolia
Adam Vaughan,"November 27, 2003",Colmar Manor,Geography,Amberton University,Editor,Shriram Group
Teresa Cohen,"July 21, 2001",Stevenson Ranch,Medical assisting services,Albany Medical College,Senior Java Developer,Red FM 93.5
Sharon Rogers,"December 3, 1967",Spackenkill,Architectural engineering,International Academy of Design and Technology-Sacramento,Account Manager,Simar Infrastructures
Kenneth Schmidt,"December 5, 2006",North Granby,Miscellaneous business & medical administration,Edinboro University of Pennsylvania,Experienced Associate - CyberSecurity & Privacy,Tema India
Patrick Adkins,"November 9, 1941",Portsmouth,Computer engineering,Mitchell Community College,Team Lead Site Reliability Engineer,Impact Guru
Samantha Thomas,"March 19, 1948",Clever,History,South Texas College of Law,Senior Engineering Manager,WAKEFIT INNOVATIONS
Richard Mitchell,"January 16, 2001",Bradshaw,Early childhood education,Michael's School of Beauty,Advisory Solution Architect,Bhutani Group
Stacey Sampson,"May 2, 1940",Beech Bottom,Mathematics,ITT Technical Institute-Murray,Marketing Manager,SOLAR INDUSTRIES INDIA
Elizabeth Robbins,"September 15, 1949",Mechanicsburg,Criminology,Middle Georgia Technical College,Senior Key Account Manager,New Holland
Connor Summers,"April 2, 1985",Oskaloosa,Miscellaneous education,Lamar University,Program Manager,Muthoot Housing Finance Company
Cynthia Nguyen,"January 20, 2013",Quail Creek,Psychology,Michigan Technological University,Information Security Engineer,Shivam Infocom
Bryan Thomas,"July 31, 2008",Parkerfield,"Nuclear, industrial radiology, and biological technologies",ITT Technical Institute-Green Bay,Senior Software Engineer,Dimension India Network
Thomas Morse,"February 10, 1930",Pickens,Materials science,Grace University,Director  Global Infrastructure Services,Paramount Products
Taylor Andersen,"November 4, 1989",Vero Beach,Educational administration and supervision,Wheaton College,Solutions Architect,Apothecon Pharmaceuticals
Sheila Ramirez,"December 17, 2002",Northport,Finance,The Richard Stockton College of New Jersey,Senior Product Marketing Manager,Forbes Marshall
Wendy Dickerson,"August 30, 1939",Hurdsfield,Public administration,Thomas College,Technical Writer,John Energy
Eric Rush,"April 17, 1992",Maunabo,Philosophy and religious studies,Indian Capital Technology Center-Sallisaw,Associate Vice President - Global Sales Management  Business Development,Northern Trust Operating Services
Jacqueline Webb,"February 22, 1944",Beaulieu,Aerospace engineering,Ridge Career Center,Senior Architect  CCIE 25730,Maharashtra Seamless
Jacob Williams,"November 26, 1973",Eagarville,Journalism,Mount Carmel College of Nursing,Test Engineer III,Medanta the Medicity
Stephen Olson,"January 24, 1945",Lefors,Special needs education,DeVry University-Oregon,Presales Engineer - Threat Intelligence,2COMS
Paul Rich,"July 19, 1940",High Falls,Criminal justice and fire protection,Sikeston Career and Technology Center,Global Sales Director- BSN & ECD & CCX Divisions: HPE & Cloud Service Providers,Yum!
Amy Leach,"January 22, 1976",North Bend,Library science,ITT Technical Institute-Orlando,Formal Verification Engineer,Emerald Jewel Industry India
Brenda Gonzalez,"August 29, 1998",Atlantic,Microbiology,University of Phoenix-Phoenix Campus,Cloud Security Engineer,Manjushree Technopack
Vincent Smith,"October 1, 2003",Otter Creek,Astronomy and astrophysics,Northwest Technology Center-Fairview,Change Management Consultant,Emami Paper Mills
David Chapman,"June 10, 2023",Iuka,Engineering mechanics physics and science,Farmingdale State College,Senior QA Engineer/Automation,Al Ayuni Investment and Contracting
Franklin Harris,"January 4, 1983",Deep Water,Family and consumer sciences,Brigham Young University-Hawaii,Technical Account Executive,The Lalit
Devon Roberts,"May 27, 1975",Country Life Acres,Communication technologies,FIDM/Fashion Institute of Design & Merchandising-Los Angeles,Software Engineer,Donaldson India Filter Systems
Kayla Watson,"February 23, 1942",Lyon Mountain,Miscellaneous engineering,Tiffin University,Enterprise Business Development Representative,Paytm
Ashley Schaefer,"April 6, 1984",Weldon,Nuclear engineering,Regency Beauty Institute-Clearwater,Senior Sales Engineer,Osam Dairy
David Jones,"November 30, 1980",Goodman,Secondary teacher education,Ailano School of Cosmetology,Sales Manager,Jyothy Laboratories
Kathleen Montoya,"October 20, 1994",Gibson,Early childhood education,Virginia Military Institute,Systems Engineer,Reliance Footprint
Mrs. Heather Christensen,"November 15, 1978",Beason,Hospitality management,Blessing Rieman College of Nursing,Vice President  Global Enterprise South,Huhtamaki
Jack Martinez,"September 13, 1995",Waldo,Mathematics,Florida Institute of Technology,Vice President Technical Marketing Engineering - Enterprise Networking Business,Goldstone Cements
James Morgan,"December 13, 1970",Palmer,Biological engineering,Antioch University-Seattle,Software Engineer,Savista Global Solutions
Alisha Williams,"October 6, 2022",Lake View,Genetics,ITT Technical Institute-Baton Rouge,Principal Software Engineer,One Trust
Chad Barnett,"March 20, 1960",Memphis,Geosciences,National American University-Brooklyn Center,Sales Manager,Ups Logistics
Caleb Jackson,"March 23, 1994",Summit,Miscellaneous biology,Centura College-Alexandria,Web Content Manager,Wittur Elevator Components
Donna Williams,"November 28, 1955",Revere,Environmental engineering,Connors State College,Principal Product Manager,ZF Commercial Vehicle Control Systems
Sean Clay,"January 12, 1951",Bridgeport,Pharmacology,David Demuth Institute of Cosmetology,Senior Software Engineer,INFOSEC VENTURES
Kimberly Valenzuela,"September 13, 1939",Greensburg,N/a (less than bachelor's degree),South Hills Beauty Academy Inc,President/Owner,Sigachi Industries
Michael Brown,"December 16, 1951",Wolcottville,Health and medical preparatory programs,Lansdale School of Business,Senior Network Engineer,VIP Industries
Holly Grant,"July 14, 1991",Cokato,Social psychology,Warren Wilson College,Senior Product Manager - Artificial Intelligence,Sewa Grih Rin
Sarah Collins,"August 11, 2012",Cayuse,Soil science,West Georgia Technical College,Technical Consultant,ETA ASCON Group
Melissa Greene,"July 4, 1958",De Pere,Marketing and marketing research,Daniel Webster College,Senior Software Engineer,Duck Creek Technologies
Michelle Patterson,"December 24, 1960",Cottage Grove,Community and public health,Fayette Institute of Technology,Army Account Manager,WovVTech
Bryan Harrison,"February 17, 1953",Freetown,Computer networking and telecommunications,RGV Careers An Institute for Higher Learning,Sales Engineer,Rotork Controls
Kayla Williams,"October 25, 2016",Clayton,Clinical psychology,Westwood College-Dupage,Product Manager,Him Teknoforge
Shannon York,"July 28, 2005",Spearville,Art history and criticism,Polytechnic University of Puerto Rico-Miami Campus,Senior Software Engineer,Ppap Automotive
Deborah Reed,"March 13, 2010",Archer City,Industrial and manufacturing engineering,Rogers Academy of Hair Design,Senior Manager  Research & Strategy,The Mission Hospital
Marcus Cook,"September 28, 1980",Victoria Vera,Multi/interdisciplinary studies,Rockingham Community College,Product Sales Specialist - Cloud Automation,Vishay Precision Transducers
Patricia Le,"January 6, 1969",Perham,Miscellaneous social sciences,American Institute of Beauty,Senior Network Engineer,Capline Services
Keith Davis,"January 5, 2000",White Mountain,Communications,Central Texas College,Director,LOTS Wholesale Solutions
George Smith,"October 9, 1986",Port Clinton,Applied mathematics,ITT Technical Institute-Waco,Multimedia Producer,KONE
Deborah Shaw,"September 26, 2002",Santa Rosa Valley,Family and consumer sciences,Soka University of America,Embedded Software Engineer,VDA Infosolutions
Marcus Blair,"September 23, 1990",Lignite,Biological engineering,Sherman Kendall's Academy-Sugarhouse,Technical Leader  INSBU,NIMHANS
Steven Morgan,"June 20, 2020",Woodfield,Economics,Andrews University,Staff Engineer,Park Avenue
Jane Edwards,"February 12, 1931",Fredonia,Mass media,University of Wisconsin-System Administration,Sales Engineer,Asian Colour Coated Ispat
Daniel Flynn,"October 31, 2017",Fort Belknap Agency,French german latin and other common foreign language studies,Citizens School of Nursing,Talent Acquisition Recruiter,Micro Turners
Margaret Kennedy,"November 7, 1934",Maywood,French german latin and other common foreign language studies,Tennessee Technology Center at Crump,Senior Site Reliability Engineer,ASC Technology Solutions
Douglas Hampton,"February 10, 1961",Greens Landing,Human services and community organization,International Training Careers,Data Analyst,DNV
Alexander Ferguson,"December 19, 1997",Du Quoin,Miscellaneous engineering,Paul Mitchell The School-Cincinnati,Recruiter,Beumer Group
Troy Baker,"March 9, 2017",Merkel,Medical technologies technicians,Dallas Baptist University,Senior Account Executive,AML RightSource
Justin Murphy,"June 28, 1939",La Paloma-Lost Creek,"Electrical, mechanical, and precision technologies and production",Universal College of Beauty Inc-Los Angeles 1,Senior Product Manager  Risk Signals,ABI Showatech
Jay Moss,"July 15, 1939",Cedarville,Communication technologies,Berry College,Global Account Manager,Pitambari Products
Francisco Johnson,"November 6, 2000",Shady Hills,Engineering mechanics physics and science,Ross Medical Education Center-Portage,Senior Software Test Engineer - Infotainment Division,iBall
Peter Morgan,"September 1, 2025",Thornhill,Computer and information systems,Bullard-Havens Technical High School,Senior Devops Engineer,Polyhose
Carol Goodman,"July 3, 2010",Barceloneta,Mechanical engineering related technologies,University of Pittsburgh Medical Center-Shadyside School of Nursing,Partner  Acquisitions & Asset Management,Flyweis Technology
Chelsea Nguyen,"April 29, 2016",Dayton,Communication disorders sciences and services,Western Piedmont Community College,Software Engineer,Kalinga University
Angela Nelson,"March 6, 1931",Lake City,Oceanography,American University of Puerto Rico,Technical Leader Software Engineering,RapiPay
Steven Clark,"August 20, 1968",Waikane,Criminal justice and fire protection,PJ's College of Cosmetology-Glasgow,IT Senior Analyst + Scrum Master,Viraj Profiles
Stephanie Byrd,"June 13, 1967",Winter Haven,Criminal justice and fire protection,University of North Carolina Wilmington,Senior Software Engineer,UpMan Placements
Betty Vazquez,"March 29, 2024",Roberts,Natural resources management,Manchester Beauty College,Product Manager IoT,Isgec Heavy Engineering
Richard Hale,"June 11, 1945",Sunnyside,Materials engineering and materials science,Midwest Institute,Senior Program Manager - Wireless Engineering,Sembcorp Energy India
Nicole Moore,"April 1, 1959",Mud Bay,Applied mathematics,McKendree University,Test R&D Engineer,Fujitec
Christian Garcia,"September 25, 2025",Sisco Heights,International relations,Madisonville Community College,Cyber Software Engineer,Mahindra Last Mile Mobility
Danielle Bennett,"February 12, 1999",Wyncote,Biomedical engineering,Becker College,Consulting Field Systems Engineer,Voith
Alejandra Ellis,"September 21, 2009",Maricopa,Miscellaneous education,Sanford-Brown College-Dallas,Software Engineer,Sparkout Tech Solutions
Bailey Hughes,"July 10, 2006",Babbie,Educational psychology,InterCoast Career Institute-South Portland,Senior Software Engineer,Abellon Clean Energy
Jeffrey Robertson,"July 19, 1942",Williams,Geography,Union University,Network Engineer,Jayabheri Automotives
Joel Smith,"June 25, 1947",Hubbardston,Composition and rhetoric,Fortis Institute-Mulberry,Senior Software Engineer,Amity International School
Chad Flores,"May 6, 1955",Trevose,Human resources and personnel management,Everest College-West Los Angeles,Software QA Engineer,Rhenus Logistics
Brooke Wilson,"January 25, 1939",North Warren,Physiology,Academy of Careers and Technology,Security Solutions Provider for Texas,Desein
Derrick Ford,"August 1, 2024",Schofield,Ecology,Advance Beauty College,Group Product Manager  Google Compute Engine,Veritas
Rachel Walsh,"November 11, 1991",Gresham,Communication technologies,Henderson State University,Software Engineer,Essar Group
Mandy Lee,"September 1, 1947",Kansas,Film video and photographic arts,Camelot College,Senior Software Engineer in Test,Lanco Amarkantak Power
Daniel Reynolds,"June 22, 1951",Viola,Composition and rhetoric,Toni & Guy Hairdressing Academy-Colorado Springs,Network Software Engineer,Arvind Technocrats & Engineers LLP
William Edwards,"October 14, 1997",Riverdale,Journalism,Unitech Training Academy-Alexandria,Director  Software Development,Great Champ Technology Limited
Luke Johnson,"May 14, 1994",Rush Valley,"Electrical, mechanical, and precision technologies and production",Bloomfield College,Software Engineer,Boehringer-Ingelheim
Ronald Murray,"May 27, 1944",Edgewood,Computer networking and telecommunications,University of Puerto Rico-Utuado,Industry Go-to-Market Director,Four Points By Sheraton
Nichole Alvarez,"August 15, 2003",Churchville,Counseling psychology,Cheeks International Academy of Beauty Culture-Cheyenne,Senior QA and Automation Engineer,RICE GROUP
Jaime Walker,"October 12, 2013",Collinsville,Industrial and manufacturing engineering,International Academy,Senior Software Engineer,NIELIT
Heather Meadows,"October 15, 2006",West Long Branch,Science and computer teacher education,Charlotte School of Law,Network Infrastructure Engineer,Mindsprint
Jordan Villarreal,"May 8, 1949",Plainfield,Computer programming and data processing,Sanford-Brown Institute-Garden City,Technical Specialist,Medecins Sans Frontieres
William Manning,"February 28, 2024",Minturn,Metallurgical engineering,Meridian College,Customer Experience Marketing Lead - Americas Field Marketing,SOLAR INDUSTRIES INDIA
Trevor Hill,"August 5, 1994",Sunset,Elementary education,Nationwide Beauty Academy,Senior Customer Success Manager  Oracle Social Cloud,Salasar Techno Engineering
Christopher Pena,"January 19, 2015",Miamitown,Humanities,Central Carolina Technical College,President,Mega Rubber Technologies
Caleb Carroll,"October 6, 1977",Mulhall,Forestry,Blue Cliff College-Shreveport,Program Manager,Jaya Hind Industries
Kimberly Norton,"January 29, 1994",Fullerton,Accounting,San Francisco State University,Senior Automation QA Engineer,MindGate Solutions
John Duncan,"May 27, 2013",Huron,Industrial and organizational psychology,St. Bonaventure University,QA Automation Engineer,Gensol Engineering
James Torres,"March 8, 1935",Castalian Springs,Nuclear engineering,Holy Name Medical Center School of Nursing,Product Manager  Cool Block program,Securitas
Samantha Prince,"February 16, 2000",Thomson,Pre-law and legal studies,Saint Joseph's College-New York,Senior Director  Corporate Communications,Temenos
Eric Parker,"December 20, 1996",Chillicothe,International business,City College-Altamonte Springs,Security Engineer,Provab Technosoft
Dale Beck,"September 17, 2020",Beverly,Sociology,Prism Career Institute,Engineering Manager,Jumio
Kerry Chavez DDS,"October 22, 1967",Penelope,Health and medical administrative services,Escuela De Troqueleria Y Herramentaje,Demand Planner,Systematix Infotech
Adrian Sanchez,"August 16, 2004",Hays,Fine arts,JFK Medical Center Muhlenberg Harold B. and Dorothy A. Snyder Schools-School of Imaging,Mobile Applications Developer,Monjin Interviews
Ashley Wilson,"February 26, 1962",Hayesville,Drama and theater arts,Utah College of Massage Therapy Inc-Salt Lake City,Principal,Capricot Technologies
Mr. Aaron Arnold,"December 16, 1948",Sour John,Mathematics,Lycoming College,Senior Manager  Global GTM Strategy  Cloud & Managed Services,Lido Learning
Benjamin Phillips,"August 17, 1989",Beedeville,Geosciences,Beckley Beauty Academy,Global Account Manager,ADNOC
Melissa Goodman,"January 22, 1981",Zap,Art history and criticism,Kaplan College-Chula Vista,Global Head of Real Estate & Workplace (Senior Director),Honeywell Automation
Jennifer Martinez,"June 13, 1938",Caberfae,Engineering technologies,Lewis and Clark Community College,Director of Networking,EGIS
Robert Cooper,"May 15, 1986",Scotland,Mechanical engineering,Fisher College,DevOps Engineer/ Windows Admin,Otis Elevator
Christopher Velazquez,"January 18, 1965",Dentsville,Educational administration and supervision,Nebraska Methodist College of Nursing & Allied Health,Data Engineer,TradeIndia (Infocom Network Private Limited)
Justin Brooks,"June 30, 2024",Orange,Mathematics and computer science,Everest College-Ontario,Infrastructure Developer,Namaste India Foods
Jason Riggs,"October 9, 1999",Sylvania,Medical technologies technicians,Crafton Hills College,Global Cybersecurity Leadership,Mahindra Agri Solutions
Stephanie Stone,"August 29, 1986",Belmont,Intercultural and international studies,Chicago School for Piano Technology (The),Program Manager - Power Electronics,Colan Infotech
Michele Hill,"April 28, 1992",Birmingham,Human services and community organization,Bemidji State University,Product Specialist Manager,Vfs Global Services
Michael Preston,"May 9, 1966",Polk City,Theology and religious vocations,Strayer University-Texas,Data Scientist,Zydex Industries
Lee Rivera,"October 28, 1949",Huntington,Sociology,Whitworth University,Senior Security Engineer,Luthra Group Company
Robin Ortiz,"March 16, 1995",Savageville,Humanities,International Academy of Design and Technology-Orlando,Senior Technical Leader,Orange Health Labs
Robert Li,"November 16, 1950",Lansdowne,Engineering and industrial management,Evangelical Theological Seminary,Technical Marketing Engineer,Remsons Industries
Edward Burgess,"September 28, 1964",Vernonia,General medical and health services,Lourdes University,Assistant Vice President of Information Security/Risk Officer,NTN NEI Manufacturing
Shannon Chapman,"February 29, 1956",Syosset,Family and consumer sciences,Florida College of Natural Health-Brandenton,Business Analyst,Kalpa Electrikal
Patrick Mcneil,"February 12, 2001",Heeia,Mechanical engineering related technologies,University of Oklahoma Health Sciences Center,Software Engineer,Jayem Automotives
Robert Ali,"April 25, 1938",North Druid Hills,Social work,Sonoma State University,Technical Solutions Architect,Yahoo
Steven Gordon,"June 16, 1987",Willow Island,Cognitive science and biopsychology,AOMA Graduate School of Integrative Medicine,Product & Business Data Analyst,NTPC GE Power Services
Katie Davis,"October 11, 1936",Del City,Sociology,Ohio State University-Main Campus,Consumer Insights Manager,S R Enterprises
Travis Dixon,"April 20, 1941",Union City,Statistics and decision science,Abington Memorial Hospital Dixon School of Nursing,Software Engineer,L&T Transportation Infrastructure
Christian Rodriguez,"February 11, 1959",Arrey,Studio arts,Ottawa University-Kansas City,Product Marketing Manager,Gandhi Automations
Olivia Gonzalez,"October 17, 1997",Addieville,Molecular biology,Texas School of Business-Friendswood,Agile Coach - Agile Project Manager,Qinecsa Solutions
Bradley Taylor,"July 7, 1946",Megargel,Nuclear engineering,Academy of Hair Design Inc,DevOps and Cisco Networking Consultant,Sterling Auxiliaries
Frank Lawrence,"August 11, 1995",Kirksville,Biology,Minnesota School of Business-Lakeville,Product Manager  Learning@Cisco  Security Curriculum,Japfa Comfeed
Jessica Cobb,"November 6, 1941",Morgantown,Accounting,Hobe Sound Bible College,SAM - Services Account Manager,Zodiac Clothing Company
Lisa Cervantes,"November 8, 1981",Narragansett Pier,Zoology,Sharon Regional Health System School of Nursing,Senior Software Engineer,Natco Pharma
Carol Tucker,"August 8, 1935",Marbleton,Psychology,International Academy of Design and Technology-Troy,Sales Engineer,Fitkids Education and Training
Angela Potts,"September 7, 1970",Breckenridge,Biological engineering,Marywood University,Data Solution Architect,Maxvalue Credits & Investments
Nichole Parker,"December 19, 1989",Oak Grove,Neuroscience,Career Colleges of America,Site Reliability Engineer,F1 Info Solutions Services
Stephen Taylor,"July 1, 1934",Woodland Beach,Environmental engineering,Boricua College,Principal Software Engineer,Gruh Finance
Kevin Cunningham,"March 26, 1995",Slater,Physical and health education teaching,Otis College of Art and Design,Software Development Engineer,GAVS Technologies
Lauren James,"February 6, 1980",Berne,Linguistics and comparative language and literature,American Health Institute,Senior Systems Engineer,Peerless Hospital
Laura Kelley,"July 14, 2023",Bovill,Miscellaneous business & medical administration,Vanguard College of Cosmetology-Metairie,Supplier Commodity Manager,Maharishi Ayurveda Products
Victoria Garcia,"January 17, 1949",Goldstream,Operations logistics and e-commerce,California Lutheran University,Senior Technical Product Marketing Manager,National Health Mission
Amanda Anderson,"July 9, 1976",Sound Beach,Theology and religious vocations,Ross Medical Education Center-Port Huron,Staff Engineer,Synergy Maritime
Steven Haas,"October 23, 1979",Downey,Educational administration and supervision,Claremont School of Theology,Consulting Systems Engineer,SrinSoft Technologies
Eric Hunt,"February 18, 2007",Milesburg,Medical technologies technicians,Tennessee Technology Center at Murfreesboro,Software Engineer,Allied Blenders & Distillers
John Clark,"April 26, 1963",Slater,Marketing and marketing research,Global Business Institute,Software Engineer,Nido Machineries
Andre Pace,"December 2, 1930",Twining,Botany,Slippery Rock University of Pennsylvania,Manager Marketing,Bharati Vidyapeeth University
Kevin Wilson,"December 19, 1951",Monterey,Electrical engineering,Harding University,Principal Engineer,BOLD Technology Systems
Wendy Chavez,"March 28, 1980",Dover Beaches North,Engineering technologies,Aveda Institute-Covington,Senior Marketing Analyst,Himalaya Wellness
Kevin Cole,"August 1, 1946",Canton,Psychology,Logan University,Global Account Manager,General Industrial Controls
Cynthia Freeman,"July 27, 1930",Apison,Communication technologies,Quinebaug Valley Community College,Project Manager,Samsung Display
Jonathan Brooks,"April 14, 2005",Frankfort Springs,Neuroscience,Paul Mitchell The School-Danbury,Configuration Management Engineer,Unayur Marketing
Eric Blackburn,"June 20, 1953",Whitesboro,Industrial and manufacturing engineering,Academy Di Capelli-School of Cosmetology,Senior Software Engineer,Balrampur Chini Mills
Jeffery Davis,"February 1, 1967",Fowlerton,Educational administration and supervision,Emily Griffith Technical College,Services Product Manager at Cisco,Collage
Daniel Phillips,"June 9, 1966",Sabina,General education,Piedmont Community College,Lead Site Reliabilty Engineer,Team Computers
Kimberly Flores,"June 18, 1989",Verona,Operations logistics and e-commerce,Indiana State University,Software Engineer,XcelServ Solutions
Jessica Hoffman,"December 19, 1971",Montpelier,Pharmacology,Wyotech-Fremont,Software Engineer,Pocket FM
Rodney Evans,"August 4, 2024",North Cape May,Mass media,Wichita Technical Institute,Staff Software Engineer,INIFD
Taylor Tran,"July 14, 1959",Wiggins,Architectural engineering,Starr King School for Ministry,Vice President  Strategic Partnerships  Healthcare,Nalco water
Barbara Dudley,"January 28, 1986",Hopkins,Art and music education,Orange Park International School of Beauty,Financial Analyst,Total Shipping & Logistics
Jennifer Alexander,"June 4, 1937",Harper,French german latin and other common foreign language studies,University of Minnesota-Crookston,Finance Business Manager - Global Partner Organization,Sri Sri Tattva
Alexandra Wilson,"August 17, 1958",Burbank,Human services and community organization,Durham Beauty Academy,Software Engineer,Immacule Life Sciences
Jordan Calhoun MD,"December 28, 1969",Duarte,General social sciences,Pima Medical Institute-Renton,Supply Chain Manager - Consulting,Anna University
Philip Ibarra,"April 2, 1950",Lyndhurst,Computer programming and data processing,Tennessee Technology Center at McMinnville,Regional Sales Manager,Kantar Operations
Mr. Zachary Mora DVM,"January 29, 1971",Arapahoe,Computer science,Sanford-Brown Institute-Garden City,Principal Product Engineer,HARMAN
Tyler Dominguez,"March 30, 2005",Herbster,Early childhood education,Healing Arts Institute,President,DRN Infrastructure
Karen Macias,"August 14, 1948",Perrysville,Miscellaneous health medical professions,North Dakota State College of Science,Managing Director - Solutions Engineering  Americas Collaboration Sales,Sanmarg Projects
Martin Hall,"November 15, 1983",Pilot Mound,Composition and rhetoric,Omnitech Institute,Instructor / Professor,Turito
Roberto Smith,"December 14, 1963",Munhall,Natural resources management,Concorde Career College-San Diego,Regional Manager  Commercial Sales,Tech Mahindra Foundation
Derek Hall,"September 14, 1992",Waukau,Natural resources management,Corban University,Founder & Managing Partner,PES Engineers
Rose Kaiser,"February 27, 1934",Dodge City,Commercial art and graphic design,University of the District of Columbia David A Clarke School of Law,Senior Analytics Manager,Wartsila
Nancy Allen,"March 11, 1937",Staves,Statistics and decision science,Finger Lakes School of Massage,Director  Global Events - Google,Covestro
Brian Barron,"July 24, 1981",Wampum,Composition and rhetoric,Eastern Mennonite University,InfoSec Engineer,Rackspace
Edward Tucker,"January 21, 1961",Maumee,History,Edgecombe Community College,Security Engineer,Healthcare Industry
Anna Novak,"December 28, 2002",Kake,Secondary teacher education,Daymar College-Bellevue,Segment Engagement Manager - Enterprise,Kinetic Taigene Electrical
Daniel Bush,"June 2, 1978",Bailey,Biomedical engineering,Kankakee Community College,Senior Systems Engineer,Amco Batteries
Joshua Ellis III,"July 24, 1977",Etna,General agriculture,Arkansas State University-Main Campus,Virtual Sales Specialist - Security,CPC Diagnostics
Michaela Hernandez,"April 22, 2006",Piru,Public administration,Illinois Valley Community College,Software QA Automation and Testops Engineer,Talwalkars Better value Fitness
Taylor Bates,"June 27, 2020",Wayland,Biological engineering,Colorado State University-Fort Collins,Distinguished Engineer,Career Point
Hunter Cox,"February 28, 1986",Stoystown,General engineering,Robert Morris University,Product Manager,Intex Technologies
Sarah Maddox,"August 15, 2004",West Point,Family and consumer sciences,Atlantic University College,Channel Account Manager,Gail Gas
Jessica Barron,"July 5, 1990",Haralson,Area ethnic and civilization studies,Regency Beauty Institute-Little Rock,Senior Software Engineer,Shivaami Cloud Services
Anna Poole,"July 28, 1989",North English,Fine arts,Harcum College,Enterprise Account Executive,FAIRWAY ENTERPRISES
Jeffrey Howell,"September 5, 1958",Ellington,Engineering technologies,Art Academy of Cincinnati,Senior Member of Technical Staff,Suraksha Diagnostic
Debbie Schneider,"December 11, 1952",Sunset,Communications,The University of Texas at Austin,Senior Network Architect,Azuga Telematics
Steven Boyd,"September 22, 1938",Holton,Philosophy and religious studies,Southwestern Michigan College,Senior Java Developer,Duck Creek Technologies
Elizabeth Williams,"January 5, 1977",Clear Creek,Miscellaneous engineering,Western Beauty Institute,Category and Supplier Manager  Telecommunications,The Indian Hotels Company
Sharon Miller,"April 8, 1987",McKenney,Pre-law and legal studies,Waynesburg University,Senior Manager  Client Services,Kalyan Toll Infrastructure
Bailey Hughes,"July 10, 2006",Babbie,Educational psychology,InterCoast Career Institute-South Portland,Senior Software Engineer,Abellon Clean Energy
Virginia Johns,"March 1, 1943",Groton,Physical fitness parks recreation and leisure,Hartnell College,Recruiter III - SERT,Samsung
Jill Brennan,"January 2, 2005",St. Pauls,Ecology,Medaille College,Site Reliability Engineer,Tata ClassEdge
Kathy Ortega,"March 2, 1945",Brainards,International business,Cuyahoga Valley Career Center,Senior Technical Sales Engineer,Star Cement
Brenda Berger,"August 28, 1948",North Enid,Aerospace engineering,Jamestown Business College,Professional Recruiter,Tata Memorial Hospital
Noah Morgan,"October 5, 1982",Ratliff City,Physical sciences,Central Bible College,Software Developer,Sewa Grih Rin
Patrick Mcneil,"February 12, 2001",Heeia,Mechanical engineering related technologies,University of Oklahoma Health Sciences Center,Software Engineer,Jayem Automotives
Austin Ross,"December 23, 1953",Winooski,School student counseling,Kansas State University,Financial Analyst,Bansal Hospital
Nancy Merritt,"March 1, 1957",Karlstad,Transportation sciences and technologies,Lincoln College of New England-Hartford,Engineering Manager,Interview Kickstart
Christopher Murphy,"March 5, 1976",Pueblito del Carmen,Finance,Yeshivath Beth Moshe,Sales Systems Engineering,STANPLUS TECHNOLOGIES
Debra Wolfe,"December 10, 2021",Merrydale,Pre-law and legal studies,La James International College-Cedar Falls,Pre-MBA Associate  Growth Strategy,Oerlikon Balzers
Alejandra Ellis,"September 21, 2009",Maricopa,Miscellaneous education,Sanford-Brown College-Dallas,Software Engineer,Sparkout Tech Solutions
Tammie Castillo,"October 12, 1934",Pleasant View,General engineering,Santa Fe Community College,Software Engineer,Freight Systems
Jon Robinson,"July 18, 1968",Federal Heights,Computer science,Talmudical Yeshiva of Philadelphia,Enterprise Acct Manager,Comnet Solutions
Timothy Walker,"December 12, 1992",Princeton,Computer engineering,Horry-Georgetown Technical College,Technical Lead  Software Engineer,Capital Numbers Infotech
Dakota Vaughn,"July 7, 1958",Providence,Educational psychology,Portland Community College,Member Board Of Directors,CSC Global
Carol Christensen,"March 5, 1961",Ransom,Educational administration and supervision,Orange County Community College,Global AV Deployment Engineer,Borgwarner Emission System
Susan White,"April 18, 1973",Dufur,Medical assisting services,Pace Institute,Director  Service Delivery Executive,LeadSquared
Brian Mccarthy,"March 20, 2001",Hazel,Advertising and public relations,Everest Institute-Marietta,Solutions Engineer,Bristlecone
Thomas Johnson,"July 4, 1981",Clifton,Management information systems and statistics,Virginia Sewing Machines and School Center,President of Board of Directors,RICE GROUP
Nicholas Berry,"March 4, 1976",Cambridge,Industrial and manufacturing engineering,Kehilath Yakov Rabbinical Seminary,Senior Application Engineer,Gyan Dairy
Michael Horton DDS,"April 23, 1944",Armstrong,Geological and geophysical engineering,Lansing Community College,Senior Software Engineer,Mövenpick Hotels & Resorts
Mitchell Smith,"October 3, 1943",Chimney Rock Village,Atmospheric sciences and meteorology,American Commercial College-Shreveport,Account Manager & Recruiter,Eos
Ana Gibson,"April 17, 1947",Little Sioux,French german latin and other common foreign language studies,Platt College-Los Angeles,Software Engineer 3,RAKS Pharma
Candice Sanders,"July 30, 1936",Chapin,Mathematics,Greensboro College,R&D Software Engineer | Infrastructure Engineering  Project Management & Client Support,Tata ClassEdge
David Jones,"November 30, 1980",Goodman,Secondary teacher education,Ailano School of Cosmetology,Sales Manager,Jyothy Laboratories
Eric Li,"October 25, 1998",Hollenberg,Early childhood education,Florida Institute of Technology,Consultant,The India Thermit Corporation
Sergio Andrews,"July 5, 1972",Floodwood,Social science or history teacher education,ITT Technical Institute√Culver City,software developer,Marque Impex
Jonathan Johnson,"November 11, 1965",Adel,Chemical engineering,Heald College-Salinas,Software Engineer,Ceragon Networks
Shelley Miller,"July 26, 1985",Watertown,Family and consumer sciences,Pennsylvania State University-Penn State Mont Alto,SW Systems Engineer,Kinetic Green Energy And Power Solutions
Mary Cruz,"March 16, 2014",El Mangó,Physical and health education teaching,My Le's Beauty College,Software Engineer,HP Computing and Printing Systems
Brenda Perkins,"March 25, 1996",Belgrade,Pre-law and legal studies,Louisiana State University-System Office,Senior Staff Engineer,HP Global e-Business Operations
Curtis Rice,"December 21, 1933",Beloit,Miscellaneous engineering,Charleston Cosmetology Institute,Senior Software Engineer,KPR Mill
Ashley Wilson,"February 26, 1962",Hayesville,Drama and theater arts,Utah College of Massage Therapy Inc-Salt Lake City,Principal,Capricot Technologies
Ryan Caldwell,"February 18, 1946",Graymoor-Devondale,Natural resources management,Paine College,Solution Architect Manager,Infor Global Solution
Sarah Jordan,"April 22, 2001",Hooppole,International relations,Tri-County Adult Career Center,Software Engineer,Bgs Global Hospital
Rita Taylor,"June 6, 1985",Taylorsville,Language and drama education,King's College,SVice President and General Manager  Hi-Tech Business Unit,Sulekha.com
Tyler Miranda,"November 17, 1977",Sugar Hill,Drama and theater arts,University of the Pacific,Lead Technical Investigator - Security Threat Intelligence,SysArc Infomatix
Michelle Holden,"December 12, 1963",Holdingford,Miscellaneous health medical professions,Horry-Georgetown Technical College,Software Engineer,Impelsys
Craig Marsh,"May 28, 1944",Bakersfield,Pharmacology,Lincoln University,Senior Product Manager  SAP Jam  Enterprise Social Collaboration,Skets Studio
Elizabeth Owens,"June 22, 1956",Rockland,Communication technologies,Metroplex Beauty School,Product Services Manager,NU Hospitals
Jessica Callahan,"August 14, 1970",Haworth,Engineering technologies,Opportunities Industrialization Center-North Central West Virginia,Principal Engineer,Guidehouse
Frank Lawrence,"August 11, 1995",Kirksville,Biology,Minnesota School of Business-Lakeville,Product Manager  Learning@Cisco  Security Curriculum,Japfa Comfeed
Brittany Davis,"March 28, 2025",Sacate Village,Metallurgical engineering,Kiamichi Technology Center-Durant,Enterprise Sales - Strategic Accounts,Vashi Integrated Solutions Limited
Jason Quinn,"May 17, 2019",Kevin,Geology and earth science,University of Phoenix-Jersey City Campus,Senior Associate,Times Group
Carol Morgan,"August 13, 2019",Medford,Social science or history teacher education,Mildred Elley School-Albany Campus,Senior Software Engineer VI,Nerdy Turtlez
Samuel Ellis,"February 12, 1967",Puxico,Miscellaneous engineering,Virginia College-Richmond,Site Reliability Engineer,Mody University Science Technology
Diana Ramsey,"May 15, 1949",Bonanza Hills,Miscellaneous psychology,Sanford-Brown Institute-Orlando,Cloud Network and Edge Security Architect,"Ministry Of Health, New Delhi"
Joe Martinez,"February 24, 1999",Churchville,Electrical engineering technology,Greater Johnstown Career and Technology Center,Senior Product Manager,Jawed Habib Hair & Beauty
Joseph Coleman,"July 21, 2012",Midland,Counseling psychology,Career School of NY,Senior Product Marketing Engineer,New Holland
Justin Page,"December 1, 1998",Rochester Hills,Criminology,Saint Johns River State College,Product Marketing Manager  Einstein Analytics,New Horizon College of Engineering
Mrs. Lisa Smith,"March 23, 1943",Ashippun,Forestry,Wake Forest University,Cloud Infrastructure Engineer,Plan International
Michael Clay,"April 6, 1976",Crescent City,Other foreign languages,Warrensburg Area Career Center,Vice President of Product,Scc Infrastructure
Alexander Diaz,"November 19, 2015",Santa Rosa Valley,Mathematics teacher education,ITT Technical Institute-Seattle,Technical Architect,NAV Backoffice
Cynthia Cohen,"October 14, 2006",Emigrant,Theology and religious vocations,Ocean County Vocational-Technical School,Business Development,Amoda Group of Industries
Shelly Henderson,"August 20, 1963",Bayou Blue,Pharmacology,Mountwest Community and Technical College,Senior Network Engineer,Fourth Dimension Technologies
Patrick Buckley,"April 8, 1998",Walker,Criminal justice and fire protection,Paul Mitchell the School-Nashville,Director of Engineering,Kiran Foreign Trade
Mr. Reginald Roman,"August 25, 1959",Oneida Castle,Neuroscience,Danville Community College,Principal Data Scientist - Supply Chain Strategy & Analytics,Daurala Sugar Works
Lori Little,"July 25, 2023",Bessemer,Political science and government,Indiana State University,Account Executive,Arcon TechSolutions
Robert Moore,"July 2, 1951",Plum,Pre-law and legal studies,Modern Welding School,Director Of Engineering for GSP Americas Architectures and Solutions Specialist teams,BOLD Technology Systems
Melody Griffin,"February 26, 1930",Culver,French german latin and other common foreign language studies,Daymar College-Owensboro,Principle (Senior) Packaging Engineer/Program Manager,Odisha Power Generation Corporation
Shannon Cowan,"December 27, 1988",Three Springs,Geography,Victoria's Academy of Cosmetology,Senior Field Marketing Manager Latinoamerica & Caribe,Wibmo
Matthew Patton,"February 29, 1944",Piney View,Construction services,Marygrove College,Programmer Analyst,Punj Lloyd
Shannon Casey,"January 8, 2004",Milton,Computer programming and data processing,Rice University,Customer Support Associate,Wipro Digital
Richard Gordon,"November 23, 1950",Pastura,Agriculture production and management,College of International Esthetics Inc,Senior Network Operations Engineer,Worley
Judy Brown,"September 9, 1939",Moss Beach,Multi/interdisciplinary studies,Lincoln Technical Institute-Brockton,Senior Software Engineer,Kesoram Industries
Steven Weeks,"January 17, 2017",Mio,Mathematics and computer science,La Baron Hairdressing Academy-Overland Park,Inside Systems Engineer,Japfa Comfeed
Elizabeth Green,"June 15, 1992",Portsmouth,Oceanography,Empire Beauty School-Brooklyn,Director Software Engineering  SPNS System Test Group,Numerator
Robert Arnold,"January 20, 1970",Coffeyville,Computer engineering,Spa Tech Institute-Westbrook,Product Technology Manager  Hotel Ads,Horiba India
Marc Moore,"January 4, 1957",Mead,Journalism,Westmont College,Application Engineering Manager,Varite
Mark Woods,"August 29, 1956",New Berlin,Computer networking and telecommunications,Sanford-Brown College-San Antonio,Principal Software Engineer,Verifacts Services
Larry Rivera,"March 6, 1982",Alpha,Secondary teacher education,Finlandia University,Finance Manager,Krsnaa Diagnostics
Kaitlyn Leblanc,"January 7, 2005",Mora,Military technologies,Los Angeles City College,Principal Software Engineer,Snowman Logistics
Jeffrey Alvarez,"July 8, 2003",Gopher Flats,Sociology,Sullivan County Community College,DEVOPS ENGINEER,Greenlam Industries
Michael Ayala,"November 5, 2007",Hoyt Lakes,Studio arts,Augusta State University,Chief Technology Officer,DotPe
Allison Hickman,"December 7, 1999",Los Ebanos,Operations logistics and e-commerce,Wright Career College,Sales Specialist - Industrial IoT Enterprise Networking Group,Hidoc Dr
Joshua Espinoza,"April 26, 1974",Hundred,Miscellaneous engineering technologies,Robert Fiance Beauty Schools-Perth Amboy,Network Architect,National Aerospace Laboratories
Nancy Stewart,"April 16, 2003",Jobos,Naval architecture and marine engineering,Albertus Magnus College,Senior Product Manager,Mecon
Robin Baker,"December 12, 1934",Prosser,Medical assisting services,Hot Springs Beauty College,Senior Salesforce Developer,RAMADA PLAZA
Alan Waller,"April 8, 2004",Welch,Computer and information systems,College of Massage Therapy,Senior Network Engineer,IDP IELTS
Laura Sparks,"February 9, 2009",Wauneta,Miscellaneous fine arts,Quest College,SENIOR SYSTEM ADMINISTRATOR,Zet Town
Colton Williams,"May 6, 1940",Lewisville,Studio arts,Mr Bernards School of Hair Fashion Inc,Builder,Department of Agriculture
Tina Padilla,"August 22, 1949",Uniontown,Social science or history teacher education,Ozark Christian College,Technical Support Specialist,Service Master Clean
Angela Ward,"January 8, 1983",Fuquay-Varina,N/a (less than bachelor's degree),Lynndale Fundamentals of Beauty School LLC,System Software Engineer,Aker Solutions
Jonathon Gallagher,"May 28, 1942",Ely,Psychology,Goodwin College,Architect  Network Engineering,S G Encon
Jerry Johnston,"September 5, 1930",Sand Point,Studio arts,Treasure Valley Community College,Software Engineer,Vidal Health Tpa
Christine Barker,"November 11, 1988",Lowes Island,Neuroscience,Strayer University-Utah,Founder,Methodex
Danielle Nelson,"April 15, 2004",Rocky Point,Visual and performing arts,Veeb Nassau County School of Practical Nursing,Software Engineering Intern - Data,Antino Labs
Candice Gomez,"December 3, 1998",Salt Lake City,Information sciences,Fullerton College,Technical Leader II,IBS Software Services
Gail Moss,"November 9, 1932",Hartford,Court reporting,Holy Family University,Systems Engineer 1,Peninsula Land
Rhonda Clark,"September 4, 1930",Albertville,Operations logistics and e-commerce,Everest Institute-Decatur,Global Account Manager,Rolls-Royce
Angelica Vincent,"June 18, 1964",Flat Rock,Visual and performing arts,Star Truck Driving School-Hickory Hills,Senior Software Engineering Manager,Chqbook.com
Thomas Morse,"February 10, 1930",Pickens,Materials science,Grace University,Director  Global Infrastructure Services,Paramount Products
Kevin Greene,"March 27, 2025",Wilson,Statistics and decision science,Cobb Beauty College Inc,Cloud Security Engineer,Actis Technologies
David Lynn,"November 18, 1948",Blue Hill,School student counseling,Empire Beauty School-Littleton,Consultant  Delivery Leadership,Paisalo Digital
Kevin Stokes,"August 3, 1972",Willards,Community and public health,Lake Area Technical Institute,Senior Product Manager,WWF-India
Michelle Santana,"June 18, 1976",Duffield,Fine arts,Chadron State College,Salesforce.com Product Manager,Incred Finance
Henry Brooks,"July 9, 1983",Hysham,Biology,Continental School of Beauty Culture-Mattydale,Software Engineer 2,Arki Techno Consultants
Karen Morales DDS,"October 12, 1940",Helen,Engineering and industrial management,National American University-Independence,Senior Account Executive,Fidelis Technology Services
Michael Anderson,"July 31, 2000",St. Lucas,Theology and religious vocations,Mercer County Technical Education Center,Senior Software Engineer,Covenant Consultants
Karen Gillespie,"September 16, 1942",Corwin Springs,Forestry,Syracuse University,Staff Engineer,Canon
Shannon Jones,"December 28, 1987",Ashton,Music,Empire Beauty School-Appleton,Enterprise Directory Services Operations Lead,Joyalukkas
Leslie Vance,"February 18, 1971",Rosenhayn,Neuroscience,Bryant & Stratton College-Eastlake,CNS Security Engineer,Yutika Natural
Tracy Grant,"August 30, 1996",Sierra View,Physiology,North Carolina State University at Raleigh,Senior Security Software QA Engineer,DDF Consultants
Mary Church,"July 7, 1976",La Paz Valley,Commercial art and graphic design,Bunker Hill Community College,Site Reliability Engineer,TVS Motor
Andrea Donaldson,"December 2, 2000",Dickson,Forestry,ATI Career Training Center-Oakland Park,Product Manager  Wireless,Mars International India
Nicholas Berry,"March 4, 1976",Cambridge,Industrial and manufacturing engineering,Kehilath Yakov Rabbinical Seminary,Senior Application Engineer,Gyan Dairy
Crystal Cruz,"September 19, 1965",Bonita,Health and medical administrative services,Calvary Bible College and Theological Seminary,Solutions Architect,EC-Council
Robert Miller,"September 5, 1952",Ogden,Agriculture production and management,Sampson Community College,DMTS -  SDN/NFV/Cloud Architectures and Standards,International Automotive Components
Dr. Jessica Chase MD,"August 9, 1980",Lake Arrowhead,Computer and information systems,Pinellas Technical Education Center-St Petersburg,Senior Product Manager,Electropneumatics & Hydraulics (I)
Sarah Stewart,"January 11, 1958",Loma Linda East,Computer and information systems,J Renee Career Facilitation,Software Engineer,EAPRO Global Ltd
Elizabeth Camacho,"May 26, 1989",Buchanan,Engineering mechanics physics and science,Bennett College for Women,Vice President of Product,EqualizeRCM Services
Susan Torres,"December 5, 1979",South Lineville,Language and drama education,Clover Park Technical College,Senior Alliance Marketing Manager,Power2sme
Johnny Mcmillan,"October 30, 1983",Cottonport,Educational psychology,Everest College-Portland,Senior Solutions Architect,Pearson
Justin Small,"September 23, 2019",Mitchell,Chemical engineering,Beyond 21st Century Beauty Academy,Manager  Customer Experience,The Saraswat Co-operative Bank
Sarah Booth,"February 19, 1981",West Ishpeming,Studio arts,Daymar College-Bowling Green,Software Engineer,Run Service Infocare
Tammy Jackson,"October 7, 2010",Piedmont,Environmental science,Everest University-Pompano Beach,Senior Manager  Field Marketing,Capstone Securities Analysis
Angela Colon,"April 26, 2006",Josephine,Physical sciences,Carver Career Center,Founder,Transact Global
Joanna Kelly,"September 30, 2012",Brimfield,General business,Midwestern State University,Manager Business Development - Cloud and Data Center,ArcGate
Katherine Wright,"March 17, 2010",Coffeyville,Economics,Superior Career Institute,Recruiter,Sun Mobility
Julie Padilla,"July 21, 2024",Polo,Atmospheric sciences and meteorology,The University of Texas at Tyler,Product Line Manager,BMW
Ashley Barton,"November 19, 2009",Minnewaukan,N/a (less than bachelor's degree),Creative Images Institute of Cosmetology-North Dayton,IT Security Engineer,Planet Spark
Lindsey Mendoza,"March 12, 1971",Lawai,Commercial art and graphic design,Lincoln College of New England-Southington,Senior DevOps Engineer,Bharti Infratel
Samuel Lee,"October 16, 2020",Carnuel,Computer and information systems,Paris Junior College,Lead Systems Engineer,Kef Infrastructure India
Dr. John Ramirez,"November 17, 2011",Sherrill,Industrial and manufacturing engineering,Central Baptist Theological Seminary,Product Solution at Carrier Ethernet and MPLS-TP,The Park Hotels
Sylvia Schroeder,"December 10, 1979",Cienegas Terrace,Plant science and agronomy,Wolford College,Cloud Security Platfrom Engineer,Del Monte Foods
Denise Davenport,"December 27, 1990",Burden,Journalism,Butler Business School Inc,Software Engineer,Mahindra Agri Solutions
Amanda Garcia,"April 11, 1974",Addison,Industrial production technologies,Jefferson College of Health Sciences,Software Developer,Richa Global Export
Matthew Brown,"July 31, 1990",Pikeville,Marketing and marketing research,Mid-South Community College,Software Engineer,ArcelorMittal
Donna Snyder,"December 11, 1947",Kirkman,Geological and geophysical engineering,BIR Training Center,Senior Web Architect,Golden Tulip Hotels
David Blake,"January 28, 1936",Bradenville,Geosciences,La'James International College,Account Executive,JSW Steel
Elizabeth Green,"June 15, 1992",Portsmouth,Oceanography,Empire Beauty School-Brooklyn,Director Software Engineering  SPNS System Test Group,Numerator
Jack Sandoval,"January 1, 1945",Cashiers,Physical fitness parks recreation and leisure,Regency Beauty Institute-Baltimore-Golden Ring,Director  Product Marketing,Infotel
Paul Young,"December 20, 1932",Pacheco,Miscellaneous health medical professions,Charlie's Guard-Detective Bureau and Academy Inc,Software Developer,Cello
Erin Ortega,"April 1, 1946",Taylors Falls,Communication technologies,Scioto County Career Technical Center,Solutions Architect,Kerakoll
Donald Freeman,"December 14, 1960",Sulphur Springs,Communication disorders sciences and services,Baker College of Auburn Hills,Senior Software Engineer,Tractors and Farm Equipment
Jason Flores,"August 9, 1976",Harlan,Finance,Roseman University of Health Sciences,Technical Support Engineer,Phenom
Katherine Brown,"July 25, 1943",Doral,Materials science,DeVry University-Oregon,Recruiter,Ukb Electronics
Dakota Vaughn,"July 7, 1958",Providence,Educational psychology,Portland Community College,Member Board Of Directors,CSC Global
Erin Long,"May 29, 2003",Newland,Nuclear engineering,John Tyler Community College,Software Developer II,Rana Sugars
Larry Benson,"May 18, 1988",Belton,Hospitality management,Huston-Tillotson University,Senior Director  Product,Telstra
Jasmine Scott,"May 30, 2005",Amaya,Architectural engineering,Jefferson State Community College,Advanced customer escalations - Senior engineer,Care Health Insurance
Ryan Cannon,"May 25, 1946",Whitney,Social work,Keene State College,Principal Software Engineer,Advids
Frank Harding,"September 7, 1951",Crooked Lake Park,Environmental science,Raphael's School of Beauty Culture Inc-Boardman,Associate Systems Technical Support Engineer,Amanta Healthcare
Michael Williams,"April 8, 1995",Hemingford,Art and music education,Paul Mitchell the School-Sherman Oaks,Senior Strategic Account Executive Automotive,Takata
Brenda Harvey,"April 17, 1952",Funkstown,Art history and criticism,Elmira College,Site Reliability Engineer,Google Pay
Daniel Mendoza,"March 20, 1937",Pink,Mechanical engineering,Regency Beauty Institute-Peoria,Software Engineer,Orient Abrasives
Jeffrey Weaver,"February 17, 1986",Hampton,Neuroscience,Nebraska Indian Community College,Unit Manager Server Engineering,JSW Cement
Timothy Sexton,"December 21, 1988",Oak Grove Heights,Criminology,PJ's College of Cosmetology-Glasgow,Director  Product Management,WSP
Michael Bowen,"September 7, 1999",Drum Point,Health and medical preparatory programs,Klamath Community College,Principal Engineer,Synergy Maritime
Jeremy Chambers,"February 3, 1993",Arlington,Multi/interdisciplinary studies,Mercyhurst University,Oracle Application Technical Consultant,Wise Finserv
Brian James,"May 28, 1991",Pennsburg,Electrical engineering technology,Oxford Graduate School,Application Developer,MPMKVVCL
Christopher Blake,"February 6, 2013",Templeton,Communication disorders sciences and services,JFK Medical Center Muhlenberg Harold B. and Dorothy A. Snyder Schools-School of Nursing,Senior Manager Product Marketing,YuppTV
Derrick Ramirez,"July 27, 2007",Greenfield,Medical assisting services,Michigan School of Professional Psychology,Organizational Change Manager,Axis Direct
Heather Riley,"April 12, 1978",Tierra Verde,Mechanical engineering,Hi-Tech School of Cosmetology,Principal DevOps Engineer,Tenon Facility Management
Mathew Bauer,"December 20, 1997",Wallowa,Miscellaneous education,University of North Carolina at Greensboro,Avaya Voice Engineer/Project Manager,Hire Glocal
Lee Rivera,"October 28, 1949",Huntington,Sociology,Whitworth University,Senior Security Engineer,Luthra Group Company
Courtney Vaughan,"September 13, 1956",Nord,Art history and criticism,Avila University,Network Engineer,Rajiv Gandhi Cancer Institute & Research Centre
Michael Hernandez,"March 23, 2002",Buck Meadows,General education,Three Rivers Community College,Strategy Director,BAN LABS
Elizabeth Jenkins,"August 12, 1937",Guthrie,Counseling psychology,George C Wallace State Community College-Selma,Staff Software Engineer,Apollo Telehealth Services
Erica Alvarez,"May 23, 1940",Waldo,Criminology,Pontifical College Josephinum,Software Engineer in Test,Neuland Laboratories
Nancy Kerr,"September 12, 1967",Susitna North,Music,Pro Way Hair School,Staff Software Engineer,Kaizen IT Services
Laurie Pierce,"August 29, 1956",Hudson,Food science,Potomac State College of West Virginia University,Software Engineer,Graviti Pharmaceuticals
Valerie Howard,"January 17, 1986",Sims,Intercultural and international studies,Trine University,Customer Support Engineer,STP
Michaela Strickland,"August 17, 1937",Kraemer,Neuroscience,Del Mar College,Senior Technical Program Manager,Deutsche Bank
Ricky Luna,"June 2, 2005",Tesuque,Sociology,AmeriTech College-Draper,Major Account Manager III - Fortinet Carrier & Service Provider Group - AT&T Account,Radiant Cash Management Services
Mason Price,"April 6, 1986",Walla Walla,Community and public health,Jolei's Hair Institute,Senior Product Marketing Manager -- Compliance Solutions,Amnet Systems
Todd Sherman,"September 1, 2009",Trout Lake,Physical sciences,Chambersburg Beauty School,Software Engineer 3,Tynor Orthotics
Gabrielle Davis,"May 9, 1988",Diablo,Cognitive science and biopsychology,Manchester Beauty College,Software Engineer Intern,Delhi Transport Corporation
Amber Chapman,"May 25, 2004",Misquamicut,Miscellaneous biology,American Beauty Institute,Senior Product Marketing Manager  Data Center Devices,Bigtree Entertainment
Jerry Walsh,"March 16, 1991",Harvey,Chemical engineering,La'James International College,QA Automation Engineer,DCM Infotech
Tiffany Martin,"November 19, 1957",Baldwinville,Social work,Saint Vincent de Paul Regional Seminary,Program Manager,Empower
Mason Price,"April 6, 1986",Walla Walla,Community and public health,Jolei's Hair Institute,Senior Product Marketing Manager -- Compliance Solutions,Amnet Systems
Stacy Fitzgerald,"August 11, 1963",Upper Lake,Biomedical engineering,Pace Institute,Sales Service Representative,Star Cement
Richard Miller,"April 14, 2006",Saugatuck,Secondary teacher education,Central Virginia Community College,Senior Manager - Cloud Platform and DEVOPS,Medha Servo Drives
Margaret Hawkins DDS,"May 28, 1981",Courtland,History,DeVry University's Keller Graduate School of Management-Pennsylvania,Director Alliances,Lizmontagens India
Johnathan Brown,"June 28, 2011",Onaway,Miscellaneous business & medical administration,Beebe Medical Center Margaret H. Rollins School of Nursing,Software Engineer,Bilt
Robert Thompson,"September 2, 2010",Millwood,Computer and information systems,Yeshivath Beth Moshe,Technical Leader,Globus Spirits
Aaron Diaz,"May 8, 1952",Oconee,Medical assisting services,University of Pennsylvania,Head of Customer Success,Speciality Restaurants
Justin Potter,"February 8, 1957",Limestone,Treatment therapy professions,Medical Career Institute,Senior Data Analyst,HERE Technologies
Julie Daniels,"December 25, 1971",Edenton,Geography,Philadelphia College of Osteopathic Medicine,Cloud/Devops Engineer,Robo Silicon
Phillip Kent,"January 17, 1946",Encinitas,Mass media,Southern University at New Orleans,Principal Product Manager,Rucha Group Of Industries
Shawn Adams,"August 7, 2010",Hansen,Molecular biology,University of Hawaii at Hilo,Application Security Consultant,SmartSchool Education
Chad Roach,"August 2, 1984",Joffre,Electrical engineering technology,Asbury University,Senior BD Manager   Cybersecurity Enablement and Growth Programs,ANZ Banking Group
Jeffery Long,"August 20, 1998",Wanatah,Treatment therapy professions,CUNY Queens College,Software Engineer,Cloud Analogy
Virginia Casey,"August 13, 2002",Mechanicsville,Multi/interdisciplinary studies,University of South Carolina-Union,UI Developer,FAIRWAY ENTERPRISES
Megan Shah,"November 23, 1940",Bluebell,Transportation sciences and technologies,Regency Beauty Institute-Eastgate,Program Manager,CareerNet Technologies
Karen Mendez,"December 7, 1959",Vinton,Public administration,CUNY Queensborough Community College,Android Developer,CARE
Debra Bradley,"June 17, 1948",Rancho Cordova,Special needs education,Anthem College-Sacramento,Software Engineer II,Thermo Fisher Scientific
David Fernandez,"October 11, 1951",Lincoln,Engineering and industrial management,Florida Technical College,Network Consulting Engineer,Polyplex
David Fernandez,"October 11, 1951",Lincoln,Engineering and industrial management,Florida Technical College,Network Consulting Engineer,Polyplex
Robert Taylor,"March 2, 1948",Lostant,Library science,Regency Beauty Institute-Greenwood,Software Engineer,eMudhra
Scott Alexander,"July 25, 1938",Fairfield,Area ethnic and civilization studies,Regency Beauty Institute-Flint,Sr.Operations & Infrastructure Engineer / SRE,Savita Oil Technologies
Autumn Anderson,"October 11, 2018",Mount Olive,Business economics,Saint Vincent de Paul Regional Seminary,Principal Cloud Architect / Technical Delivery Lead,Ciena
Keith Rodriguez,"August 20, 1943",Penbrook,Astronomy and astrophysics,Remington College-Shreveport Campus,Trust Based Customer Success Senior Manager  Security & Trust Organization,Carelon Global Solutions
John White,"January 23, 1972",Summit Lake,Atmospheric sciences and meteorology,Walton Career Development Center,End User Recruiter/ Primary SPOC,TIDC India
Morgan Atkinson,"October 28, 1980",Gallant,United states history,Echelon Edge Academy Of Hair Skin and Nails,Director,Progressive Infotech
Amanda Bennett,"November 8, 1984",West Marion,Educational psychology,Career School of NY,Data Scientist - Machine Learning  NLP  Text Analytics,New Horizon College of Engineering
Zachary Vargas PhD,"November 6, 1959",Brooklyn,Health and medical preparatory programs,Rob Roy Academy-New Bedford,Software Engineer,Gokaldas Images
Kurt Hernandez,"June 14, 1971",Magazine,Miscellaneous social sciences,Sanford-Brown College-Tinley Park,Software Engineer III,Maharishi Ayurveda Products
Lauren James,"February 6, 1980",Berne,Linguistics and comparative language and literature,American Health Institute,Senior Systems Engineer,Peerless Hospital
Marcus Poole,"November 12, 2000",Smithville,Miscellaneous fine arts,Pat Goins Benton Road Beauty School,Integration Engineer,Rakon
Cathy Young,"February 29, 2020",Bryant,Mathematics and computer science,University of Phoenix-Lafayette Campus,Senior Software Engineer,RBL FinServe
Matthew Davis,"November 29, 2023",Dayton,Miscellaneous social sciences,American International College,5G Phy Software Engineer,Infosearch BPO Services
Melanie Griffith,"July 25, 1947",Del Monte Forest,Soil science,Moraine Park Technical College,Software Developer Engineer in Test,ASC Infratech
Maria Martinez,"March 13, 1971",Oak Shores,Elementary education,Pennsylvania State University-Penn State Wilkes-Barre,Director of Vulnerability Management,Innovsource Services
Jimmy Douglas,"June 29, 2008",Susan Moore,Environmental science,The University of Montana-Western,Enterprise Account Executive,YuppTV
Karen Jones,"May 25, 2023",Powellton,Mathematics and computer science,Central Arizona College,Account Executive,ITC Limited - Paperboards Specialty Papers Division
Randy Wright,"March 24, 1931",Palmerton,Anthropology and archeology,Advance Science Institute,Global Marketing Operations Manager,MyGlamm
Samantha Salinas,"July 17, 1982",Table Rock,Animal sciences,Jenny Lea Academy of Cosmetology and Aesthetics,Senior Consultant,Sapiens
Judy Brown,"September 9, 1939",Moss Beach,Multi/interdisciplinary studies,Lincoln Technical Institute-Brockton,Senior Software Engineer,Kesoram Industries
Rachel Jones,"December 12, 1992",East Point,Commercial art and graphic design,Arlington Medical Institute,Service Provider Account Manager,Allianz
Elizabeth Wall,"October 13, 1996",Leisuretowne,Sociology,Choffin Career  and Technical Center,Senior Software Engineer,Jyothy Labs
Julie Martinez,"April 6, 2012",Jonesboro,Finance,Columbus College of Art and Design,Consulting Systems Engineer,Swarna Pragati Housing Microfinance
Stephanie Robinson,"May 13, 1961",Cottonwood,Language and drama education,American Conservatory Theater,ISO9001/TL9000 Lead Auditor,BIZONGO
Ashley Morris,"July 5, 1975",Dutch Flat,Teacher education: multiple levels,Halifax Community College,Software Engineer,Netmeds.com
Mr. Nicholas Munoz,"June 25, 2009",Le Grand,Geology and earth science,Everest College Phoenix-Mesa,Technical Support Engineer III,Amanta Healthcare
Kelly Weiss,"March 5, 1988",Kinsman,Hospitality management,Southwest Collegiate Institute for the Deaf,National Account Manager,Metro Brands
Travis Guerrero,"May 2, 1996",Coats,Social psychology,American Broadcasting School-Online Program,Senior Applications Developer @ AT&T Labs Research,GMP Technical Solutions
Mitchell Merritt,"February 9, 1940",Popejoy,Community and public health,Union College,Manager Cyber-Security IT Incident Response,Texmo Industries
Michelle Williams,"November 19, 1946",East Merrimack,Mathematics teacher education,Bethel Seminary-St. Paul,Senior Consultant,Gallantt Ispat
Benjamin Sullivan,"June 20, 1974",Newnan,Pharmacy pharmaceutical sciences and administration,Wilmington College,Senior Information Security Engineer,Delhi Police
Jason Waters,"October 21, 1941",Star City,Mining and mineral engineering,Newbridge College-Long Beach,Customer Success Manager,Shivalik Small Finance Bank
Susan James,"November 26, 2011",Gilbertville,Fine arts,Empire Beauty School-Elizabethtown,Associate  Technology Investment Banking,Croma
April Wiley,"March 23, 1970",Nunam Iqua,English language and literature,Empire Beauty School-North Hills,Software Engineer,Freshworks
Adam Arnold,"November 28, 1991",Grain Valley,Social science or history teacher education,Lakeland College,Lead Software Engineer,Tata Lockheed Martin Aerostructures
Mark Peters,"July 18, 1992",Lake Wissota,Physics,Western Connecticut State University,Director  Software and DevOps Engineering,Aamby Valley City
Whitney Ochoa,"October 12, 1995",Pondsville,Engineering and industrial management,Johnson University,Principal Consultant,Protiviti Consulting
Cody Love,"October 13, 1943",Sanborn,Physical sciences,Catawba Valley Community College,Technical Marketing Engineer III (Solutions Engineer III),Comed Chemicals
Joshua Washington,"September 2, 1936",Lewisville,Special needs education,Aiken School of Cosmetology,Software Engineer,Kyocera Ctc Precision Tools
Suzanne Nunez,"September 8, 1985",Copper Mountain,Human resources and personnel management,Athens State University,Solutions Architect - NSX,yellow.ai
Rebecca Olsen,"September 21, 2014",Camp Hill,Health and medical preparatory programs,Maricopa Community College System Office,DevOps Engineer,TELUS Health
Michael Gibson,"August 15, 1993",Schuylerville,Marketing and marketing research,Everest College-Salt Lake City,Product Marketing  Enterprise Networking,Walchandnagar Industries
Christina Le MD,"March 5, 1991",Tollette,Nutrition sciences,American Academy McAllister Institute of Funeral Service,Technical Leader,Super Auto Forge
Anthony King,"May 9, 1970",Rhodell,Community and public health,New York College of Health Professions,Product Manager,A2z Infra Engineering
Miss Laura Davis,"December 15, 1943",Stallion Springs,Food science,Northland Community and Technical College,Senior Director  Marketing,Shirdi Sai Electricals
Mason Miller,"July 9, 2009",Whiting,Teacher education: multiple levels,University of Phoenix-Delaware Campus,Cyber Security Engineer,VSoft Technologies
Brittany Kelly,"November 18, 1935",Limestone,English language and literature,Macomb Community College,Information Technology Security Analyst,Zoomcar
Joel Mclean,"December 27, 1947",Upland,Business management and administration,Don Roberts School of Hair Design,Senior Staff Software Engineer,Galfar
Thomas Bowman MD,"August 25, 1987",Cecil,History,Regency Beauty Institute-Plano,Staff SW Engineer,Srei Equipment Finance
Kim Flynn,"April 19, 2019",Logan,Biomedical engineering,Northwest Vista College,Software Development Engineer,Maruti Suzuki
Krista Martinez,"January 31, 1933",Nikiski,Art history and criticism,Austin's School of Spa Technology,Product Developer,Ck Birla Hospitals
Nicholas Fritz,"April 3, 2012",Fenton,Nursing,Delta College of Arts & Technology,Software Engineering Manager,Centex Exports
Randy Flores,"August 16, 1991",Big Sandy,Neuroscience,Cosmetology Schools Inc,Release Program Manager,Amphenol Fci
Sarah Miller,"May 20, 1999",Edinburg,Fine arts,Bon Secours Memorial College of Nursing,Technical Marketing Engineer: Converged Infrastructure,SKH Metals
Robert Thompson,"September 2, 2010",Millwood,Computer and information systems,Yeshivath Beth Moshe,Technical Leader,Globus Spirits
Ricky Reid,"June 15, 1969",Roby,Computer science,Aviator College of Aeronautical Science and Technology,Sales Engineer-Channel Enablement,Indostar Capital Finance
Maria Parsons,"October 1, 1986",Kirkland,Business management and administration,City Colleges of Chicago-Malcolm X College,Hardware Engineer,ASC Infratech
Shannon Jones,"December 28, 1987",Ashton,Music,Empire Beauty School-Appleton,Enterprise Directory Services Operations Lead,Joyalukkas
Stephanie Fields,"May 16, 2023",Thurmont,Biochemical sciences,Minot State University,Executive Assistant to Sydney Carey  CFO + Finance,AG&P Pratham
Valerie Patterson,"June 3, 1935",Bellamy,Computer administration management and security,Empire Beauty School-Owings Mills,Service Manager  Corporate Partnerships,Haldex India
Carl Jackson,"October 15, 1952",Knox,General medical and health services,Mr Waynes School of Unisex Hair Design,Services Technical Trainer,Lion Engineering Consultants
Spencer Kelly,"April 23, 1967",Indian Hills,Natural resources management,Northwest College of Hair Design,Data Engineer,RM Education Solutions
Colleen Wright,"November 6, 1976",Byesville,Astronomy and astrophysics,Big Sandy Community and Technical College,Senior Software Development Engineer in Test,Walter Bushnell
Beth Medina,"July 30, 2007",Camanche Village,Biological engineering,New York School of Interior Design,Staff Software Engineer,Emami Frank Ross
Lisa Price,"June 17, 1965",Kirkville,Drama and theater arts,Rappahannock Community College,Site Reliability Engineer - Cloud,Wittur Elevator Components
Maria Campbell,"June 29, 1962",St. Rose,Drama and theater arts,Lake Forest College,Biometrics Recruiter,Renata Precision Components
Jon Hickman,"October 7, 2000",Cimarron City,Applied mathematics,Concord University,Graduate Student Assistant,Sourcedesk Global
Cynthia Cohen,"October 14, 2006",Emigrant,Theology and religious vocations,Ocean County Vocational-Technical School,Business Development,Amoda Group of Industries
Kelly Williamson,"January 3, 1937",Liberty City,Military technologies,The King╞s College,Senior Network Security Engineer,Megafine Pharma
Jon Day Jr.,"November 30, 1943",Rose Hill,Treatment therapy professions,Sisseton Wahpeton College,Principal Product Support Engineer,C&S Electric
