index,statement,sample_id,deepseek/deepseek-v3.2
1,watch it,8,0
0,starter wireless headset,0,0
0,starter wireless headset,6,0
0,starter wireless headset,4,0
1,watch it,4,0
4,famed gaudi towers,0,0
1,watch it,10,0
1,watch it,7,0
3,prompted such a waste your brain will not communicate,1,0
2,the main players are mesmerising,7,1
4,famed gaudi towers,5,0
1,watch it,2,0
2,the main players are mesmerising,3,0
0,starter wireless headset,8,0
0,starter wireless headset,7,0
4,famed gaudi towers,1,0
0,starter wireless headset,2,0
1,watch it,5,0
1,watch it,6,0
2,the main players are mesmerising,2,0
0,starter wireless headset,9,0
3,prompted such a waste your brain will not communicate,0,0
3,prompted such a waste your brain will not communicate,6,0
3,prompted such a waste your brain will not communicate,7,0
1,watch it,3,0
3,prompted such a waste your brain will not communicate,5,0
2,the main players are mesmerising,5,1
2,the main players are mesmerising,9,1
0,starter wireless headset,1,0
2,the main players are mesmerising,1,0
5,been created on microsoft slideshow for gods sake,0,0
3,prompted such a waste your brain will not communicate,9,0
1,watch it,1,0
1,watch it,0,0
3,prompted such a waste your brain will not communicate,2,0
4,famed gaudi towers,6,0
4,famed gaudi towers,7,0
4,famed gaudi towers,3,0
5,been created on microsoft slideshow for gods sake,4,0
5,been created on microsoft slideshow for gods sake,8,0
2,the main players are mesmerising,4,0
4,famed gaudi towers,9,0
3,prompted such a waste your brain will not communicate,10,0
5,been created on microsoft slideshow for gods sake,2,0
4,famed gaudi towers,4,0
0,starter wireless headset,3,0
6,delight,1,0
6,delight,4,0
2,the main players are mesmerising,0,1
2,the main players are mesmerising,10,1
5,been created on microsoft slideshow for gods sake,10,0
1,watch it,9,0
3,prompted such a waste your brain will not communicate,3,0
3,prompted such a waste your brain will not communicate,8,0
2,the main players are mesmerising,6,1
6,delight,6,0
6,delight,9,0
2,the main players are mesmerising,8,0
6,delight,3,0
7,portrayal,3,0
7,portrayal,5,0
6,delight,7,0
0,starter wireless headset,5,0
6,delight,2,0
8,dont think ive ever seen,2,0
6,delight,0,0
7,portrayal,1,0
7,portrayal,6,0
5,been created on microsoft slideshow for gods sake,3,0
6,delight,10,0
0,starter wireless headset,10,0
5,been created on microsoft slideshow for gods sake,6,0
7,portrayal,0,0
4,famed gaudi towers,8,0
7,portrayal,7,0
6,delight,5,0
8,dont think ive ever seen,8,0
5,been created on microsoft slideshow for gods sake,9,0
7,portrayal,4,0
8,dont think ive ever seen,10,0
7,portrayal,9,0
5,been created on microsoft slideshow for gods sake,5,0
8,dont think ive ever seen,9,0
5,been created on microsoft slideshow for gods sake,7,0
10,which is to say not good at all,2,0
8,dont think ive ever seen,3,0
7,portrayal,10,0
10,which is to say not good at all,6,0
7,portrayal,2,0
8,dont think ive ever seen,5,0
8,dont think ive ever seen,4,0
9,made of weak material and break easily,7,0
9,made of weak material and break easily,0,0
8,dont think ive ever seen,1,0
6,delight,8,0
8,dont think ive ever seen,0,0
3,prompted such a waste your brain will not communicate,4,0
9,made of weak material and break easily,6,0
9,made of weak material and break easily,2,0
10,which is to say not good at all,0,0
9,made of weak material and break easily,8,0
11,foolish,3,0
7,portrayal,8,0
10,which is to say not good at all,4,0
10,which is to say not good at all,7,0
9,made of weak material and break easily,9,0
9,made of weak material and break easily,3,1
9,made of weak material and break easily,5,0
9,made of weak material and break easily,1,0
10,which is to say not good at all,1,0
11,foolish,0,0
8,dont think ive ever seen,6,0
9,made of weak material and break easily,10,0
12,over a year now and i will tell you its not that great,5,1
11,foolish,8,0
11,foolish,1,0
12,over a year now and i will tell you its not that great,1,0
10,which is to say not good at all,9,0
11,foolish,4,0
11,foolish,9,0
5,been created on microsoft slideshow for gods sake,1,0
12,over a year now and i will tell you its not that great,0,1
11,foolish,2,0
10,which is to say not good at all,3,0
9,made of weak material and break easily,4,0
13,setting for your money right,2,0
14,in my heart and hope for the device is great,1,0
11,foolish,10,0
12,over a year now and i will tell you its not that great,4,1
12,over a year now and i will tell you its not that great,3,0
12,over a year now and i will tell you its not that great,10,1
12,over a year now and i will tell you its not that great,6,0
11,foolish,5,0
10,which is to say not good at all,8,0
14,in my heart and hope for the device is great,3,0
11,foolish,6,0
13,setting for your money right,1,0
13,setting for your money right,8,0
8,dont think ive ever seen,7,0
13,setting for your money right,0,0
10,which is to say not good at all,5,0
15,tasty and the texture was just nasty,2,0
12,over a year now and i will tell you its not that great,2,1
4,famed gaudi towers,2,0
12,over a year now and i will tell you its not that great,8,0
13,setting for your money right,9,0
14,in my heart and hope for the device is great,8,0
11,foolish,7,0
14,in my heart and hope for the device is great,2,0
14,in my heart and hope for the device is great,9,0
13,setting for your money right,10,0
14,in my heart and hope for the device is great,4,0
15,tasty and the texture was just nasty,0,0
13,setting for your money right,4,0
15,tasty and the texture was just nasty,1,1
13,setting for your money right,5,0
10,which is to say not good at all,10,0
16,to deal,2,0
13,setting for your money right,3,0
15,tasty and the texture was just nasty,7,0
16,to deal,1,0
15,tasty and the texture was just nasty,9,1
14,in my heart and hope for the device is great,5,0
14,in my heart and hope for the device is great,7,0
12,over a year now and i will tell you its not that great,9,1
16,to deal,3,0
4,famed gaudi towers,10,0
15,tasty and the texture was just nasty,4,1
16,to deal,5,0
15,tasty and the texture was just nasty,6,1
13,setting for your money right,7,0
14,in my heart and hope for the device is great,10,0
16,to deal,4,0
16,to deal,9,0
15,tasty and the texture was just nasty,5,1
15,tasty and the texture was just nasty,10,1
18,had,2,0
17,palmtopcameracellphone and excels in those roles,0,0
18,had,0,0
17,palmtopcameracellphone and excels in those roles,6,0
16,to deal,6,0
16,to deal,7,0
17,palmtopcameracellphone and excels in those roles,1,0
19,bought not attentive and beyond bad battery below average phone,2,0
17,palmtopcameracellphone and excels in those roles,5,0
17,palmtopcameracellphone and excels in those roles,8,0
17,palmtopcameracellphone and excels in those roles,7,0
17,palmtopcameracellphone and excels in those roles,10,0
18,had,1,0
14,in my heart and hope for the device is great,0,0
17,palmtopcameracellphone and excels in those roles,9,0
17,palmtopcameracellphone and excels in those roles,4,0
19,bought not attentive and beyond bad battery below average phone,6,0
17,palmtopcameracellphone and excels in those roles,3,0
18,had,7,0
17,palmtopcameracellphone and excels in those roles,2,0
19,bought not attentive and beyond bad battery below average phone,5,0
18,had,5,0
16,to deal,10,0
19,bought not attentive and beyond bad battery below average phone,7,0
15,tasty and the texture was just nasty,3,1
18,had,6,0
19,bought not attentive and beyond bad battery below average phone,1,0
19,bought not attentive and beyond bad battery below average phone,10,0
20,bland,1,0
18,had,8,0
13,setting for your money right,6,0
20,bland,9,0
15,tasty and the texture was just nasty,8,1
16,to deal,0,0
20,bland,7,0
18,had,3,0
20,bland,0,0
20,bland,5,0
20,bland,6,0
19,bought not attentive and beyond bad battery below average phone,0,0
18,had,9,0
20,bland,4,0
20,bland,3,0
19,bought not attentive and beyond bad battery below average phone,3,0
19,bought not attentive and beyond bad battery below average phone,8,0
21,waitresses are very friendly,5,1
18,had,10,0
19,bought not attentive and beyond bad battery below average phone,9,0
22,very very bad,1,1
20,bland,8,0
22,very very bad,0,1
22,very very bad,5,1
21,waitresses are very friendly,2,1
21,waitresses are very friendly,4,1
21,waitresses are very friendly,1,1
21,waitresses are very friendly,9,0
16,to deal,8,0
21,waitresses are very friendly,8,1
21,waitresses are very friendly,3,1
22,very very bad,2,0
21,waitresses are very friendly,6,1
23,potentially fry it,0,0
22,very very bad,9,0
22,very very bad,4,0
21,waitresses are very friendly,10,1
22,very very bad,7,0
24,how i felt when i came out of the cinema,8,0
23,potentially fry it,2,0
23,potentially fry it,1,0
22,very very bad,8,0
22,very very bad,3,0
24,how i felt when i came out of the cinema,0,0
12,over a year now and i will tell you its not that great,7,1
20,bland,10,0
24,how i felt when i came out of the cinema,6,0
23,potentially fry it,9,0
24,how i felt when i came out of the cinema,3,0
18,had,4,0
24,how i felt when i came out of the cinema,5,0
24,how i felt when i came out of the cinema,2,0
23,potentially fry it,3,0
24,how i felt when i came out of the cinema,10,0
25,feel of samsung flipphones,1,0
25,feel of samsung flipphones,8,0
23,potentially fry it,7,0
23,potentially fry it,6,0
25,feel of samsung flipphones,2,0
24,how i felt when i came out of the cinema,7,0
25,feel of samsung flipphones,5,0
24,how i felt when i came out of the cinema,4,0
23,potentially fry it,10,0
25,feel of samsung flipphones,6,0
25,feel of samsung flipphones,3,0
22,very very bad,6,0
25,feel of samsung flipphones,4,0
25,feel of samsung flipphones,7,0
22,very very bad,10,1
23,potentially fry it,4,0
26,a third party,7,0
25,feel of samsung flipphones,9,0
26,a third party,5,0
26,a third party,1,0
24,how i felt when i came out of the cinema,1,0
23,potentially fry it,8,0
20,bland,2,0
26,a third party,10,0
26,a third party,4,0
27,best seafood plate i have ever had,1,1
27,best seafood plate i have ever had,0,1
28,rolls were fantastic,4,1
28,rolls were fantastic,0,1
25,feel of samsung flipphones,0,0
27,best seafood plate i have ever had,8,1
26,a third party,9,0
29,i sometimes,1,0
27,best seafood plate i have ever had,4,1
28,rolls were fantastic,2,1
27,best seafood plate i have ever had,5,1
27,best seafood plate i have ever had,7,1
30,they dont always honor pizza hut coupons,0,0
26,a third party,0,0
26,a third party,8,0
27,best seafood plate i have ever had,9,1
27,best seafood plate i have ever had,2,1
27,best seafood plate i have ever had,3,1
30,they dont always honor pizza hut coupons,5,0
28,rolls were fantastic,9,1
26,a third party,2,0
24,how i felt when i came out of the cinema,9,0
29,i sometimes,7,0
14,in my heart and hope for the device is great,6,0
28,rolls were fantastic,1,1
29,i sometimes,3,0
29,i sometimes,9,0
28,rolls were fantastic,10,1
26,a third party,3,0
29,i sometimes,10,0
30,they dont always honor pizza hut coupons,1,1
30,they dont always honor pizza hut coupons,3,1
27,best seafood plate i have ever had,6,1
19,bought not attentive and beyond bad battery below average phone,4,0
30,they dont always honor pizza hut coupons,6,0
30,they dont always honor pizza hut coupons,9,0
30,they dont always honor pizza hut coupons,10,0
31,definitely not worth the i paid,0,1
29,i sometimes,2,0
30,they dont always honor pizza hut coupons,7,0
30,they dont always honor pizza hut coupons,8,0
29,i sometimes,4,0
28,rolls were fantastic,3,0
30,they dont always honor pizza hut coupons,4,0
29,i sometimes,8,0
29,i sometimes,6,0
26,a third party,6,0
28,rolls were fantastic,7,1
31,definitely not worth the i paid,8,1
28,rolls were fantastic,6,0
30,they dont always honor pizza hut coupons,2,0
28,rolls were fantastic,8,1
29,i sometimes,0,0
27,best seafood plate i have ever had,10,1
31,definitely not worth the i paid,3,1
31,definitely not worth the i paid,5,0
25,feel of samsung flipphones,10,0
31,definitely not worth the i paid,2,1
31,definitely not worth the i paid,6,1
31,definitely not worth the i paid,1,1
31,definitely not worth the i paid,10,0
32,grilled chicken was so tender and yellow from the saffron seasoning,4,1
32,grilled chicken was so tender and yellow from the saffron seasoning,2,1
32,grilled chicken was so tender and yellow from the saffron seasoning,6,1
32,grilled chicken was so tender and yellow from the saffron seasoning,3,1
33,comfortable in fact this little in use the staff spends more great camera really abhor it again,7,0
31,definitely not worth the i paid,9,1
33,comfortable in fact this little in use the staff spends more great camera really abhor it again,4,0
21,waitresses are very friendly,0,1
32,grilled chicken was so tender and yellow from the saffron seasoning,1,1
34,brilliant and the ending was fantastic,1,1
31,definitely not worth the i paid,4,1
34,brilliant and the ending was fantastic,2,0
32,grilled chicken was so tender and yellow from the saffron seasoning,10,1
32,grilled chicken was so tender and yellow from the saffron seasoning,9,0
33,comfortable in fact this little in use the staff spends more great camera really abhor it again,1,0
33,comfortable in fact this little in use the staff spends more great camera really abhor it again,8,0
33,comfortable in fact this little in use the staff spends more great camera really abhor it again,10,0
34,brilliant and the ending was fantastic,6,1
34,brilliant and the ending was fantastic,9,1
34,brilliant and the ending was fantastic,10,1
33,comfortable in fact this little in use the staff spends more great camera really abhor it again,6,0
35,switch rocketed out there,5,0
34,brilliant and the ending was fantastic,8,1
33,comfortable in fact this little in use the staff spends more great camera really abhor it again,3,0
32,grilled chicken was so tender and yellow from the saffron seasoning,7,1
35,switch rocketed out there,4,0
32,grilled chicken was so tender and yellow from the saffron seasoning,0,1
34,brilliant and the ending was fantastic,3,1
33,comfortable in fact this little in use the staff spends more great camera really abhor it again,9,0
35,switch rocketed out there,8,0
36,frozen margaritas too crazy horse,2,0
35,switch rocketed out there,3,0
35,switch rocketed out there,7,0
35,switch rocketed out there,0,0
35,switch rocketed out there,2,0
21,waitresses are very friendly,7,1
34,brilliant and the ending was fantastic,5,1
32,grilled chicken was so tender and yellow from the saffron seasoning,8,1
34,brilliant and the ending was fantastic,4,1
36,frozen margaritas too crazy horse,5,0
35,switch rocketed out there,6,0
34,brilliant and the ending was fantastic,7,1
36,frozen margaritas too crazy horse,3,0
36,frozen margaritas too crazy horse,7,0
37,after receiving and using the product for just days it broke,2,1
34,brilliant and the ending was fantastic,0,0
35,switch rocketed out there,9,0
37,after receiving and using the product for just days it broke,3,1
33,comfortable in fact this little in use the staff spends more great camera really abhor it again,0,0
23,potentially fry it,5,0
29,i sometimes,5,0
36,frozen margaritas too crazy horse,4,0
35,switch rocketed out there,1,0
37,after receiving and using the product for just days it broke,0,1
37,after receiving and using the product for just days it broke,1,1
36,frozen margaritas too crazy horse,6,0
36,frozen margaritas too crazy horse,0,0
38,are working just fine now,5,0
37,after receiving and using the product for just days it broke,7,1
38,are working just fine now,10,0
38,are working just fine now,3,0
37,after receiving and using the product for just days it broke,8,1
35,switch rocketed out there,10,0
38,are working just fine now,6,0
37,after receiving and using the product for just days it broke,5,1
31,definitely not worth the i paid,7,1
33,comfortable in fact this little in use the staff spends more great camera really abhor it again,2,0
37,after receiving and using the product for just days it broke,4,1
36,frozen margaritas too crazy horse,9,0
39,film,0,0
38,are working just fine now,1,0
38,are working just fine now,7,0
37,after receiving and using the product for just days it broke,9,1
38,are working just fine now,4,0
38,are working just fine now,9,0
40,garbage for audio,1,0
28,rolls were fantastic,5,1
39,film,3,0
39,film,2,0
39,film,4,0
40,garbage for audio,0,0
36,frozen margaritas too crazy horse,8,0
39,film,1,0
39,film,9,0
40,garbage for audio,3,0
36,frozen margaritas too crazy horse,1,0
38,are working just fine now,2,0
39,film,6,0
39,film,7,0
39,film,10,0
37,after receiving and using the product for just days it broke,6,1
38,are working just fine now,8,0
41,expect more,5,0
40,garbage for audio,9,0
40,garbage for audio,6,0
41,expect more,3,0
38,are working just fine now,0,0
40,garbage for audio,4,0
41,expect more,0,0
39,film,8,0
41,expect more,9,0
42,phone he scratched the protective strip instead of destroying the screen,2,0
40,garbage for audio,10,0
42,phone he scratched the protective strip instead of destroying the screen,9,0
41,expect more,4,0
36,frozen margaritas too crazy horse,10,0
40,garbage for audio,2,0
37,after receiving and using the product for just days it broke,10,1
41,expect more,6,0
41,expect more,10,0
42,phone he scratched the protective strip instead of destroying the screen,8,0
41,expect more,2,0
41,expect more,1,0
42,phone he scratched the protective strip instead of destroying the screen,5,0
40,garbage for audio,5,0
42,phone he scratched the protective strip instead of destroying the screen,4,0
39,film,5,0
40,garbage for audio,8,0
43,location was not so good,0,0
42,phone he scratched the protective strip instead of destroying the screen,7,0
43,location was not so good,8,1
42,phone he scratched the protective strip instead of destroying the screen,10,0
33,comfortable in fact this little in use the staff spends more great camera really abhor it again,5,0
44,by mark snow is possibly the best score ive ever heard,5,1
43,location was not so good,7,1
44,by mark snow is possibly the best score ive ever heard,1,1
43,location was not so good,9,1
44,by mark snow is possibly the best score ive ever heard,7,1
43,location was not so good,5,1
44,by mark snow is possibly the best score ive ever heard,2,1
43,location was not so good,6,0
44,by mark snow is possibly the best score ive ever heard,3,1
42,phone he scratched the protective strip instead of destroying the screen,0,0
42,phone he scratched the protective strip instead of destroying the screen,3,0
44,by mark snow is possibly the best score ive ever heard,6,1
44,by mark snow is possibly the best score ive ever heard,10,1
32,grilled chicken was so tender and yellow from the saffron seasoning,5,1
45,playing,1,0
43,location was not so good,3,1
42,phone he scratched the protective strip instead of destroying the screen,1,0
40,garbage for audio,7,0
45,playing,6,0
45,playing,5,0
45,playing,2,0
44,by mark snow is possibly the best score ive ever heard,0,1
46,this little device has transformed my organizational capability and made us feel very unwelcome i would definitely buy from them again,1,0
45,playing,8,0
45,playing,4,0
43,location was not so good,4,1
45,playing,10,0
46,this little device has transformed my organizational capability and made us feel very unwelcome i would definitely buy from them again,10,0
44,by mark snow is possibly the best score ive ever heard,4,1
47,ten minutes,1,0
45,playing,9,0
45,playing,3,0
42,phone he scratched the protective strip instead of destroying the screen,6,0
44,by mark snow is possibly the best score ive ever heard,8,1
46,this little device has transformed my organizational capability and made us feel very unwelcome i would definitely buy from them again,3,0
47,ten minutes,0,0
47,ten minutes,3,0
48,for service was a real waste of battery is a few weeks but phone ever had,3,0
48,for service was a real waste of battery is a few weeks but phone ever had,9,0
47,ten minutes,7,0
45,playing,0,0
48,for service was a real waste of battery is a few weeks but phone ever had,0,0
43,location was not so good,1,0
47,ten minutes,8,0
44,by mark snow is possibly the best score ive ever heard,9,1
48,for service was a real waste of battery is a few weeks but phone ever had,6,0
46,this little device has transformed my organizational capability and made us feel very unwelcome i would definitely buy from them again,0,0
47,ten minutes,6,0
49,where,7,0
41,expect more,7,0
43,location was not so good,2,1
46,this little device has transformed my organizational capability and made us feel very unwelcome i would definitely buy from them again,6,0
48,for service was a real waste of battery is a few weeks but phone ever had,10,0
46,this little device has transformed my organizational capability and made us feel very unwelcome i would definitely buy from them again,5,0
49,where,5,0
49,where,0,0
46,this little device has transformed my organizational capability and made us feel very unwelcome i would definitely buy from them again,9,0
48,for service was a real waste of battery is a few weeks but phone ever had,7,0
48,for service was a real waste of battery is a few weeks but phone ever had,2,0
48,for service was a real waste of battery is a few weeks but phone ever had,5,0
49,where,4,0
47,ten minutes,2,0
46,this little device has transformed my organizational capability and made us feel very unwelcome i would definitely buy from them again,2,1
49,where,2,0
48,for service was a real waste of battery is a few weeks but phone ever had,1,0
49,where,6,0
49,where,1,0
49,where,3,0
49,where,9,0
47,ten minutes,4,0
49,where,10,0
47,ten minutes,9,0
46,this little device has transformed my organizational capability and made us feel very unwelcome i would definitely buy from them again,8,0
47,ten minutes,5,0
50,of a fly,3,0
47,ten minutes,10,0
51,feel good ending,0,0
50,of a fly,9,0
50,of a fly,5,0
50,of a fly,8,0
51,feel good ending,2,0
49,where,8,0
50,of a fly,6,0
50,of a fly,2,0
50,of a fly,10,0
50,of a fly,0,0
51,feel good ending,6,0
51,feel good ending,1,0
51,feel good ending,8,0
51,feel good ending,10,0
51,feel good ending,9,0
52,got the huevos rancheros and they didnt look too appealing,2,1
46,this little device has transformed my organizational capability and made us feel very unwelcome i would definitely buy from them again,4,0
52,got the huevos rancheros and they didnt look too appealing,0,1
52,got the huevos rancheros and they didnt look too appealing,1,0
50,of a fly,4,0
53,when dropped face down,2,0
52,got the huevos rancheros and they didnt look too appealing,3,1
52,got the huevos rancheros and they didnt look too appealing,6,1
52,got the huevos rancheros and they didnt look too appealing,5,1
53,when dropped face down,10,0
52,got the huevos rancheros and they didnt look too appealing,4,1
53,when dropped face down,4,0
52,got the huevos rancheros and they didnt look too appealing,8,1
52,got the huevos rancheros and they didnt look too appealing,7,1
51,feel good ending,7,0
54,isnt a small family restaurant this is a fine dining establishment,1,1
50,of a fly,7,0
50,of a fly,1,0
53,when dropped face down,3,0
54,isnt a small family restaurant this is a fine dining establishment,7,0
54,isnt a small family restaurant this is a fine dining establishment,0,0
51,feel good ending,5,0
53,when dropped face down,5,0
54,isnt a small family restaurant this is a fine dining establishment,2,0
52,got the huevos rancheros and they didnt look too appealing,10,1
55,motorola cellphone and a lot better than this,5,0
53,when dropped face down,8,0
55,motorola cellphone and a lot better than this,2,0
51,feel good ending,4,0
52,got the huevos rancheros and they didnt look too appealing,9,1
53,when dropped face down,7,0
55,motorola cellphone and a lot better than this,7,0
54,isnt a small family restaurant this is a fine dining establishment,5,0
53,when dropped face down,1,0
54,isnt a small family restaurant this is a fine dining establishment,6,0
53,when dropped face down,6,0
55,motorola cellphone and a lot better than this,10,0
41,expect more,8,0
54,isnt a small family restaurant this is a fine dining establishment,10,0
56,by and get through the day was so apt,0,0
56,by and get through the day was so apt,2,0
55,motorola cellphone and a lot better than this,4,0
53,when dropped face down,9,0
54,isnt a small family restaurant this is a fine dining establishment,8,0
54,isnt a small family restaurant this is a fine dining establishment,4,0
57,clearly,1,0
54,isnt a small family restaurant this is a fine dining establishment,3,0
53,when dropped face down,0,0
56,by and get through the day was so apt,9,0
55,motorola cellphone and a lot better than this,8,0
45,playing,7,0
46,this little device has transformed my organizational capability and made us feel very unwelcome i would definitely buy from them again,7,1
55,motorola cellphone and a lot better than this,0,0
56,by and get through the day was so apt,1,0
57,clearly,2,0
57,clearly,6,0
57,clearly,5,0
54,isnt a small family restaurant this is a fine dining establishment,9,0
56,by and get through the day was so apt,3,0
56,by and get through the day was so apt,6,0
56,by and get through the day was so apt,8,0
57,clearly,3,0
55,motorola cellphone and a lot better than this,3,0
58,real improvement,5,0
58,real improvement,6,0
55,motorola cellphone and a lot better than this,9,0
43,location was not so good,10,1
56,by and get through the day was so apt,4,0
58,real improvement,3,0
59,dessert and i like my organizational capability and seated right next was poorly super,2,0
57,clearly,9,0
59,dessert and i like my organizational capability and seated right next was poorly super,6,0
58,real improvement,9,0
59,dessert and i like my organizational capability and seated right next was poorly super,0,0
57,clearly,4,0
59,dessert and i like my organizational capability and seated right next was poorly super,3,0
57,clearly,0,0
58,real improvement,2,0
59,dessert and i like my organizational capability and seated right next was poorly super,7,0
58,real improvement,8,0
58,real improvement,0,0
48,for service was a real waste of battery is a few weeks but phone ever had,4,0
58,real improvement,10,0
59,dessert and i like my organizational capability and seated right next was poorly super,5,0
57,clearly,10,0
48,for service was a real waste of battery is a few weeks but phone ever had,8,0
58,real improvement,1,0
60,in the span of an hour seriously,3,0
58,real improvement,7,0
51,feel good ending,3,0
59,dessert and i like my organizational capability and seated right next was poorly super,10,0
60,in the span of an hour seriously,2,0
58,real improvement,4,0
57,clearly,8,0
59,dessert and i like my organizational capability and seated right next was poorly super,9,0
59,dessert and i like my organizational capability and seated right next was poorly super,1,0
61,it showed exactly how the government and the casing around the end of the movie has a cutting edge to it,5,0
61,it showed exactly how the government and the casing around the end of the movie has a cutting edge to it,3,0
60,in the span of an hour seriously,8,0
59,dessert and i like my organizational capability and seated right next was poorly super,4,0
60,in the span of an hour seriously,1,0
56,by and get through the day was so apt,10,0
61,it showed exactly how the government and the casing around the end of the movie has a cutting edge to it,2,0
60,in the span of an hour seriously,9,0
60,in the span of an hour seriously,7,0
60,in the span of an hour seriously,0,0
60,in the span of an hour seriously,10,0
62,sound,7,0
56,by and get through the day was so apt,5,0
59,dessert and i like my organizational capability and seated right next was poorly super,8,0
61,it showed exactly how the government and the casing around the end of the movie has a cutting edge to it,10,0
61,it showed exactly how the government and the casing around the end of the movie has a cutting edge to it,8,0
62,sound,3,0
63,is perfect and the family atmosphere is nice to see,0,1
62,sound,8,0
60,in the span of an hour seriously,5,0
61,it showed exactly how the government and the casing around the end of the movie has a cutting edge to it,4,0
61,it showed exactly how the government and the casing around the end of the movie has a cutting edge to it,9,0
64,whom walked out,0,0
62,sound,4,0
62,sound,5,0
63,is perfect and the family atmosphere is nice to see,3,1
61,it showed exactly how the government and the casing around the end of the movie has a cutting edge to it,6,0
60,in the span of an hour seriously,4,0
63,is perfect and the family atmosphere is nice to see,1,0
61,it showed exactly how the government and the casing around the end of the movie has a cutting edge to it,0,0
62,sound,6,0
55,motorola cellphone and a lot better than this,1,0
63,is perfect and the family atmosphere is nice to see,8,0
63,is perfect and the family atmosphere is nice to see,5,1
63,is perfect and the family atmosphere is nice to see,2,0
61,it showed exactly how the government and the casing around the end of the movie has a cutting edge to it,7,0
61,it showed exactly how the government and the casing around the end of the movie has a cutting edge to it,1,0
63,is perfect and the family atmosphere is nice to see,9,0
60,in the span of an hour seriously,6,0
64,whom walked out,8,0
63,is perfect and the family atmosphere is nice to see,4,1
64,whom walked out,10,0
63,is perfect and the family atmosphere is nice to see,7,1
64,whom walked out,6,0
62,sound,10,0
64,whom walked out,9,0
64,whom walked out,4,0
64,whom walked out,5,0
62,sound,9,0
62,sound,2,0
62,sound,1,0
63,is perfect and the family atmosphere is nice to see,10,1
63,is perfect and the family atmosphere is nice to see,6,0
65,this battery works for people exclaim whoa is full but the least said of so damn pho,8,0
65,this battery works for people exclaim whoa is full but the least said of so damn pho,5,0
64,whom walked out,3,0
64,whom walked out,2,0
65,this battery works for people exclaim whoa is full but the least said of so damn pho,7,0
65,this battery works for people exclaim whoa is full but the least said of so damn pho,10,0
66,a lovely duo of violinists playing songs we requested,6,1
65,this battery works for people exclaim whoa is full but the least said of so damn pho,6,0
65,this battery works for people exclaim whoa is full but the least said of so damn pho,0,0
65,this battery works for people exclaim whoa is full but the least said of so damn pho,9,0
65,this battery works for people exclaim whoa is full but the least said of so damn pho,3,0
55,motorola cellphone and a lot better than this,6,0
65,this battery works for people exclaim whoa is full but the least said of so damn pho,4,0
67,an exercise in frustration,3,0
66,a lovely duo of violinists playing songs we requested,7,0
66,a lovely duo of violinists playing songs we requested,1,1
66,a lovely duo of violinists playing songs we requested,5,0
66,a lovely duo of violinists playing songs we requested,0,1
67,an exercise in frustration,0,0
56,by and get through the day was so apt,7,0
62,sound,0,0
66,a lovely duo of violinists playing songs we requested,3,0
68,style has the appearance of crayonpencil drawings and is obviously very comfortable in my cell phone number keypad,4,0
67,an exercise in frustration,5,1
67,an exercise in frustration,4,0
66,a lovely duo of violinists playing songs we requested,4,1
66,a lovely duo of violinists playing songs we requested,8,1
66,a lovely duo of violinists playing songs we requested,2,1
57,clearly,7,0
68,style has the appearance of crayonpencil drawings and is obviously very comfortable in my cell phone number keypad,7,0
69,of the real torture,4,0
68,style has the appearance of crayonpencil drawings and is obviously very comfortable in my cell phone number keypad,9,0
66,a lovely duo of violinists playing songs we requested,9,0
68,style has the appearance of crayonpencil drawings and is obviously very comfortable in my cell phone number keypad,1,0
69,of the real torture,3,0
66,a lovely duo of violinists playing songs we requested,10,0
65,this battery works for people exclaim whoa is full but the least said of so damn pho,1,0
67,an exercise in frustration,9,0
67,an exercise in frustration,6,0
65,this battery works for people exclaim whoa is full but the least said of so damn pho,2,0
67,an exercise in frustration,2,1
67,an exercise in frustration,8,0
70,edge of my money and time after the first phone ive ever heard,4,0
69,of the real torture,7,0
67,an exercise in frustration,1,0
68,style has the appearance of crayonpencil drawings and is obviously very comfortable in my cell phone number keypad,10,0
70,edge of my money and time after the first phone ive ever heard,1,0
68,style has the appearance of crayonpencil drawings and is obviously very comfortable in my cell phone number keypad,3,0
68,style has the appearance of crayonpencil drawings and is obviously very comfortable in my cell phone number keypad,5,0
68,style has the appearance of crayonpencil drawings and is obviously very comfortable in my cell phone number keypad,6,0
70,edge of my money and time after the first phone ive ever heard,6,0
70,edge of my money and time after the first phone ive ever heard,7,0
69,of the real torture,8,0
67,an exercise in frustration,7,1
70,edge of my money and time after the first phone ive ever heard,9,0
70,edge of my money and time after the first phone ive ever heard,2,0
70,edge of my money and time after the first phone ive ever heard,0,0
69,of the real torture,1,0
68,style has the appearance of crayonpencil drawings and is obviously very comfortable in my cell phone number keypad,2,0
69,of the real torture,6,0
70,edge of my money and time after the first phone ive ever heard,3,0
71,never worked well in the past and certainly doesnt work here,6,0
70,edge of my money and time after the first phone ive ever heard,5,0
72,it which is really disappointing,10,0
69,of the real torture,0,0
69,of the real torture,9,0
71,never worked well in the past and certainly doesnt work here,3,0
71,never worked well in the past and certainly doesnt work here,4,1
70,edge of my money and time after the first phone ive ever heard,10,0
72,it which is really disappointing,9,0
72,it which is really disappointing,8,0
68,style has the appearance of crayonpencil drawings and is obviously very comfortable in my cell phone number keypad,0,0
72,it which is really disappointing,3,0
72,it which is really disappointing,6,0
71,never worked well in the past and certainly doesnt work here,7,0
72,it which is really disappointing,7,0
71,never worked well in the past and certainly doesnt work here,0,0
73,chips and salsa were really good the salsa was very fresh,1,1
68,style has the appearance of crayonpencil drawings and is obviously very comfortable in my cell phone number keypad,8,0
71,never worked well in the past and certainly doesnt work here,10,1
64,whom walked out,7,0
73,chips and salsa were really good the salsa was very fresh,5,1
72,it which is really disappointing,5,0
70,edge of my money and time after the first phone ive ever heard,8,0
64,whom walked out,1,0
69,of the real torture,10,0
73,chips and salsa were really good the salsa was very fresh,3,1
73,chips and salsa were really good the salsa was very fresh,7,1
69,of the real torture,2,0
72,it which is really disappointing,0,0
71,never worked well in the past and certainly doesnt work here,1,0
72,it which is really disappointing,4,0
71,never worked well in the past and certainly doesnt work here,5,0
74,fine power via usb car or wall outlet,0,0
75,a world better than of the garbage in the theatres today,0,1
71,never worked well in the past and certainly doesnt work here,2,0
73,chips and salsa were really good the salsa was very fresh,6,1
74,fine power via usb car or wall outlet,2,0
73,chips and salsa were really good the salsa was very fresh,4,1
74,fine power via usb car or wall outlet,6,0
74,fine power via usb car or wall outlet,10,0
74,fine power via usb car or wall outlet,1,0
76,in usefulness and is sturdy enough i dont expect any helpful support,0,0
75,a world better than of the garbage in the theatres today,1,1
72,it which is really disappointing,1,0
73,chips and salsa were really good the salsa was very fresh,8,1
74,fine power via usb car or wall outlet,5,0
74,fine power via usb car or wall outlet,4,0
75,a world better than of the garbage in the theatres today,6,1
73,chips and salsa were really good the salsa was very fresh,2,1
72,it which is really disappointing,2,0
74,fine power via usb car or wall outlet,8,0
71,never worked well in the past and certainly doesnt work here,9,1
75,a world better than of the garbage in the theatres today,8,1
75,a world better than of the garbage in the theatres today,9,1
75,a world better than of the garbage in the theatres today,10,1
74,fine power via usb car or wall outlet,3,0
76,in usefulness and is sturdy enough i dont expect any helpful support,6,0
75,a world better than of the garbage in the theatres today,2,1
76,in usefulness and is sturdy enough i dont expect any helpful support,8,0
73,chips and salsa were really good the salsa was very fresh,9,1
76,in usefulness and is sturdy enough i dont expect any helpful support,4,0
73,chips and salsa were really good the salsa was very fresh,10,1
75,a world better than of the garbage in the theatres today,5,1
75,a world better than of the garbage in the theatres today,3,0
77,this film,0,0
76,in usefulness and is sturdy enough i dont expect any helpful support,2,0
77,this film,2,0
76,in usefulness and is sturdy enough i dont expect any helpful support,10,0
77,this film,9,0
74,fine power via usb car or wall outlet,9,0
77,this film,10,0
77,this film,1,0
79,are these sad little vegetables so overcooked,1,0
77,this film,3,0
78,everyone who are enough good as elaborately and left,6,0
76,in usefulness and is sturdy enough i dont expect any helpful support,5,0
78,everyone who are enough good as elaborately and left,3,0
78,everyone who are enough good as elaborately and left,10,0
77,this film,4,0
69,of the real torture,5,0
77,this film,7,0
76,in usefulness and is sturdy enough i dont expect any helpful support,9,0
79,are these sad little vegetables so overcooked,3,0
75,a world better than of the garbage in the theatres today,4,0
78,everyone who are enough good as elaborately and left,8,0
79,are these sad little vegetables so overcooked,2,0
76,in usefulness and is sturdy enough i dont expect any helpful support,1,0
78,everyone who are enough good as elaborately and left,1,0
77,this film,6,0
78,everyone who are enough good as elaborately and left,7,0
78,everyone who are enough good as elaborately and left,0,0
78,everyone who are enough good as elaborately and left,4,0
79,are these sad little vegetables so overcooked,4,0
77,this film,5,0
80,tasted like tomato soup with frozen meatballs,1,1
77,this film,8,0
80,tasted like tomato soup with frozen meatballs,5,1
78,everyone who are enough good as elaborately and left,5,0
75,a world better than of the garbage in the theatres today,7,1
78,everyone who are enough good as elaborately and left,2,0
80,tasted like tomato soup with frozen meatballs,6,0
81,was there was no decent acting action or location work to balance things up,0,0
76,in usefulness and is sturdy enough i dont expect any helpful support,3,0
81,was there was no decent acting action or location work to balance things up,2,0
80,tasted like tomato soup with frozen meatballs,2,1
80,tasted like tomato soup with frozen meatballs,10,1
79,are these sad little vegetables so overcooked,10,0
81,was there was no decent acting action or location work to balance things up,5,0
82,ending,1,0
79,are these sad little vegetables so overcooked,9,0
79,are these sad little vegetables so overcooked,7,0
74,fine power via usb car or wall outlet,7,0
81,was there was no decent acting action or location work to balance things up,7,0
81,was there was no decent acting action or location work to balance things up,8,0
80,tasted like tomato soup with frozen meatballs,9,0
78,everyone who are enough good as elaborately and left,9,0
80,tasted like tomato soup with frozen meatballs,0,1
76,in usefulness and is sturdy enough i dont expect any helpful support,7,0
79,are these sad little vegetables so overcooked,6,0
81,was there was no decent acting action or location work to balance things up,9,0
82,ending,2,0
81,was there was no decent acting action or location work to balance things up,10,0
82,ending,0,0
83,looking at family relationships and marriage,0,0
82,ending,3,0
79,are these sad little vegetables so overcooked,5,0
81,was there was no decent acting action or location work to balance things up,1,1
80,tasted like tomato soup with frozen meatballs,8,1
83,looking at family relationships and marriage,4,0
80,tasted like tomato soup with frozen meatballs,3,1
67,an exercise in frustration,10,1
82,ending,5,0
84,privileged about workingeating there,0,0
73,chips and salsa were really good the salsa was very fresh,0,1
80,tasted like tomato soup with frozen meatballs,7,0
82,ending,6,0
79,are these sad little vegetables so overcooked,8,0
84,privileged about workingeating there,3,0
83,looking at family relationships and marriage,6,0
83,looking at family relationships and marriage,1,0
82,ending,10,0
71,never worked well in the past and certainly doesnt work here,8,0
83,looking at family relationships and marriage,10,0
82,ending,8,0
83,looking at family relationships and marriage,2,0
81,was there was no decent acting action or location work to balance things up,6,0
83,looking at family relationships and marriage,3,0
84,privileged about workingeating there,2,0
84,privileged about workingeating there,1,0
81,was there was no decent acting action or location work to balance things up,3,0
84,privileged about workingeating there,5,0
82,ending,4,0
83,looking at family relationships and marriage,7,0
83,looking at family relationships and marriage,8,0
82,ending,7,0
84,privileged about workingeating there,4,0
82,ending,9,0
84,privileged about workingeating there,6,0
79,are these sad little vegetables so overcooked,0,0
84,privileged about workingeating there,8,0
80,tasted like tomato soup with frozen meatballs,4,1
84,privileged about workingeating there,7,0
85,deal included tastings and drinks and jeff went above and beyond what we expected,0,0
85,deal included tastings and drinks and jeff went above and beyond what we expected,2,1
85,deal included tastings and drinks and jeff went above and beyond what we expected,1,1
85,deal included tastings and drinks and jeff went above and beyond what we expected,4,1
81,was there was no decent acting action or location work to balance things up,4,1
84,privileged about workingeating there,9,0
85,deal included tastings and drinks and jeff went above and beyond what we expected,3,1
83,looking at family relationships and marriage,9,0
85,deal included tastings and drinks and jeff went above and beyond what we expected,10,1
86,still trying hard to eat in madison for free tool,7,0
86,still trying hard to eat in madison for free tool,9,0
87,well,8,0
86,still trying hard to eat in madison for free tool,8,0
87,well,2,0
87,well,4,0
85,deal included tastings and drinks and jeff went above and beyond what we expected,7,1
85,deal included tastings and drinks and jeff went above and beyond what we expected,5,1
86,still trying hard to eat in madison for free tool,4,0
85,deal included tastings and drinks and jeff went above and beyond what we expected,8,1
88,very convenient since and its too bulky,4,0
85,deal included tastings and drinks and jeff went above and beyond what we expected,9,1
85,deal included tastings and drinks and jeff went above and beyond what we expected,6,1
86,still trying hard to eat in madison for free tool,2,0
86,still trying hard to eat in madison for free tool,6,0
88,very convenient since and its too bulky,7,0
86,still trying hard to eat in madison for free tool,10,0
88,very convenient since and its too bulky,2,0
88,very convenient since and its too bulky,8,0
87,well,3,0
87,well,10,0
86,still trying hard to eat in madison for free tool,5,0
87,well,7,0
89,each of her pictures,5,0
86,still trying hard to eat in madison for free tool,0,0
88,very convenient since and its too bulky,6,0
87,well,1,0
88,very convenient since and its too bulky,5,0
83,looking at family relationships and marriage,5,0
88,very convenient since and its too bulky,3,0
89,each of her pictures,3,0
89,each of her pictures,7,0
88,very convenient since and its too bulky,1,0
89,each of her pictures,4,0
89,each of her pictures,6,0
88,very convenient since and its too bulky,9,0
88,very convenient since and its too bulky,0,0
87,well,5,0
89,each of her pictures,8,0
88,very convenient since and its too bulky,10,0
91,shawarrrrrrma,0,0
90,if you are staying in the summer,6,0
87,well,9,0
90,if you are staying in the summer,3,0
86,still trying hard to eat in madison for free tool,1,0
90,if you are staying in the summer,2,0
91,shawarrrrrrma,3,0
89,each of her pictures,0,0
90,if you are staying in the summer,9,0
84,privileged about workingeating there,10,0
86,still trying hard to eat in madison for free tool,3,0
90,if you are staying in the summer,0,0
87,well,0,0
91,shawarrrrrrma,5,0
91,shawarrrrrrma,8,0
89,each of her pictures,2,0
90,if you are staying in the summer,8,0
91,shawarrrrrrma,1,0
91,shawarrrrrrma,2,0
89,each of her pictures,1,0
90,if you are staying in the summer,1,0
92,amount of sauce to not purchase this phone as a replacement for the ringer is real good,0,0
92,amount of sauce to not purchase this phone as a replacement for the ringer is real good,4,0
90,if you are staying in the summer,10,0
87,well,6,0
91,shawarrrrrrma,10,0
91,shawarrrrrrma,7,0
90,if you are staying in the summer,5,0
91,shawarrrrrrma,6,0
91,shawarrrrrrma,9,0
92,amount of sauce to not purchase this phone as a replacement for the ringer is real good,10,0
90,if you are staying in the summer,7,0
93,space is worse,1,0
92,amount of sauce to not purchase this phone as a replacement for the ringer is real good,8,0
91,shawarrrrrrma,4,0
92,amount of sauce to not purchase this phone as a replacement for the ringer is real good,7,0
93,space is worse,7,0
90,if you are staying in the summer,4,0
93,space is worse,3,0
93,space is worse,6,0
92,amount of sauce to not purchase this phone as a replacement for the ringer is real good,1,0
93,space is worse,5,0
93,space is worse,10,0
93,space is worse,4,0
92,amount of sauce to not purchase this phone as a replacement for the ringer is real good,9,0
93,space is worse,8,0
92,amount of sauce to not purchase this phone as a replacement for the ringer is real good,2,0
92,amount of sauce to not purchase this phone as a replacement for the ringer is real good,3,0
94,was no decent acting action or location work to balance things up,0,0
92,amount of sauce to not purchase this phone as a replacement for the ringer is real good,6,0
92,amount of sauce to not purchase this phone as a replacement for the ringer is real good,5,0
94,was no decent acting action or location work to balance things up,4,0
94,was no decent acting action or location work to balance things up,5,0
95,not decide,2,0
94,was no decent acting action or location work to balance things up,1,0
94,was no decent acting action or location work to balance things up,9,0
95,not decide,0,0
94,was no decent acting action or location work to balance things up,10,0
95,not decide,4,0
96,easier to give a long that pitch black eyed peas and worse than me to solidify it for gods sake,3,0
94,was no decent acting action or location work to balance things up,6,0
94,was no decent acting action or location work to balance things up,7,0
95,not decide,1,0
95,not decide,5,0
96,easier to give a long that pitch black eyed peas and worse than me to solidify it for gods sake,1,0
95,not decide,8,0
96,easier to give a long that pitch black eyed peas and worse than me to solidify it for gods sake,4,0
96,easier to give a long that pitch black eyed peas and worse than me to solidify it for gods sake,10,0
95,not decide,7,0
94,was no decent acting action or location work to balance things up,2,0
96,easier to give a long that pitch black eyed peas and worse than me to solidify it for gods sake,5,0
93,space is worse,2,0
94,was no decent acting action or location work to balance things up,3,0
95,not decide,3,0
97,have called it applifies everything,1,0
96,easier to give a long that pitch black eyed peas and worse than me to solidify it for gods sake,7,0
96,easier to give a long that pitch black eyed peas and worse than me to solidify it for gods sake,2,0
97,have called it applifies everything,8,0
96,easier to give a long that pitch black eyed peas and worse than me to solidify it for gods sake,8,0
97,have called it applifies everything,2,0
95,not decide,10,0
96,easier to give a long that pitch black eyed peas and worse than me to solidify it for gods sake,6,0
93,space is worse,0,0
95,not decide,6,0
97,have called it applifies everything,6,0
97,have called it applifies everything,9,0
98,a fabulous vinegrette,0,0
97,have called it applifies everything,5,0
97,have called it applifies everything,10,0
98,a fabulous vinegrette,1,0
93,space is worse,9,0
97,have called it applifies everything,0,0
98,a fabulous vinegrette,8,0
96,easier to give a long that pitch black eyed peas and worse than me to solidify it for gods sake,0,0
98,a fabulous vinegrette,7,0
97,have called it applifies everything,7,0
99,charger seems to work fine,4,1
100,stars,1,0
99,charger seems to work fine,2,1
98,a fabulous vinegrette,2,0
99,charger seems to work fine,5,0
99,charger seems to work fine,1,0
97,have called it applifies everything,3,0
95,not decide,9,0
94,was no decent acting action or location work to balance things up,8,0
98,a fabulous vinegrette,9,0
99,charger seems to work fine,10,0
98,a fabulous vinegrette,6,0
99,charger seems to work fine,0,1
101,be disappointed,4,0
98,a fabulous vinegrette,3,0
100,stars,6,0
100,stars,5,0
100,stars,9,0
100,stars,8,0
98,a fabulous vinegrette,4,0
99,charger seems to work fine,7,1
101,be disappointed,1,0
100,stars,3,0
96,easier to give a long that pitch black eyed peas and worse than me to solidify it for gods sake,9,0
100,stars,2,0
101,be disappointed,3,0
101,be disappointed,5,0
100,stars,0,0
99,charger seems to work fine,8,1
100,stars,4,0
98,a fabulous vinegrette,5,0
100,stars,7,0
98,a fabulous vinegrette,10,0
101,be disappointed,7,0
101,be disappointed,0,0
89,each of her pictures,9,0
101,be disappointed,6,0
102,good time and was happy with it,2,1
102,good time and was happy with it,4,0
102,good time and was happy with it,5,0
102,good time and was happy with it,10,0
102,good time and was happy with it,6,1
103,the sound is clear and loud and the charge lasts a couple of days,5,1
103,the sound is clear and loud and the charge lasts a couple of days,3,1
102,good time and was happy with it,8,0
103,the sound is clear and loud and the charge lasts a couple of days,8,1
101,be disappointed,8,0
100,stars,10,0
103,the sound is clear and loud and the charge lasts a couple of days,9,1
99,charger seems to work fine,3,1
89,each of her pictures,10,0
101,be disappointed,10,0
104,probably wont work perfectly,4,0
102,good time and was happy with it,9,1
104,probably wont work perfectly,3,0
103,the sound is clear and loud and the charge lasts a couple of days,6,1
102,good time and was happy with it,7,1
103,the sound is clear and loud and the charge lasts a couple of days,7,1
103,the sound is clear and loud and the charge lasts a couple of days,4,1
103,the sound is clear and loud and the charge lasts a couple of days,2,1
103,the sound is clear and loud and the charge lasts a couple of days,1,1
103,the sound is clear and loud and the charge lasts a couple of days,10,1
105,especially enjoyed the salmon salad,5,1
102,good time and was happy with it,3,0
104,probably wont work perfectly,9,0
102,good time and was happy with it,0,0
104,probably wont work perfectly,5,0
104,probably wont work perfectly,1,0
101,be disappointed,9,0
104,probably wont work perfectly,8,0
103,the sound is clear and loud and the charge lasts a couple of days,0,1
105,especially enjoyed the salmon salad,0,0
104,probably wont work perfectly,6,0
104,probably wont work perfectly,10,0
105,especially enjoyed the salmon salad,6,0
106,was very attentive,3,0
105,especially enjoyed the salmon salad,8,0
105,especially enjoyed the salmon salad,2,1
99,charger seems to work fine,6,1
102,good time and was happy with it,1,0
97,have called it applifies everything,4,0
105,especially enjoyed the salmon salad,4,1
105,especially enjoyed the salmon salad,1,1
105,especially enjoyed the salmon salad,7,1
106,was very attentive,1,0
104,probably wont work perfectly,7,0
105,especially enjoyed the salmon salad,10,1
104,probably wont work perfectly,2,0
106,was very attentive,0,0
106,was very attentive,6,0
106,was very attentive,7,0
107,despicable but this just wasnt food,2,0
106,was very attentive,4,0
105,especially enjoyed the salmon salad,9,1
108,anyone interested in the worst sins of industrial design,2,0
106,was very attentive,8,0
106,was very attentive,2,0
109,dropped face down my lc and are included,6,0
101,be disappointed,2,0
107,despicable but this just wasnt food,3,0
109,dropped face down my lc and are included,3,0
106,was very attentive,10,0
109,dropped face down my lc and are included,5,0
107,despicable but this just wasnt food,1,1
108,anyone interested in the worst sins of industrial design,10,0
106,was very attentive,9,0
109,dropped face down my lc and are included,1,0
109,dropped face down my lc and are included,2,0
108,anyone interested in the worst sins of industrial design,3,0
108,anyone interested in the worst sins of industrial design,7,0
109,dropped face down my lc and are included,4,0
107,despicable but this just wasnt food,10,1
109,dropped face down my lc and are included,8,0
110,combination of pears almonds and bacon is soooo good,0,1
108,anyone interested in the worst sins of industrial design,9,0
108,anyone interested in the worst sins of industrial design,4,0
107,despicable but this just wasnt food,8,0
107,despicable but this just wasnt food,7,0
108,anyone interested in the worst sins of industrial design,8,0
108,anyone interested in the worst sins of industrial design,5,0
109,dropped face down my lc and are included,9,0
108,anyone interested in the worst sins of industrial design,1,0
107,despicable but this just wasnt food,6,1
104,probably wont work perfectly,0,0
108,anyone interested in the worst sins of industrial design,0,0
109,dropped face down my lc and are included,10,0
110,combination of pears almonds and bacon is soooo good,3,1
105,especially enjoyed the salmon salad,3,1
107,despicable but this just wasnt food,5,0
107,despicable but this just wasnt food,9,1
99,charger seems to work fine,9,1
110,combination of pears almonds and bacon is soooo good,4,0
110,combination of pears almonds and bacon is soooo good,5,1
110,combination of pears almonds and bacon is soooo good,6,1
110,combination of pears almonds and bacon is soooo good,8,0
110,combination of pears almonds and bacon is soooo good,1,1
106,was very attentive,5,0
111,sites in the span of an hour i had the opportunity today to sample your amazing pizzas,1,1
107,despicable but this just wasnt food,0,1
111,sites in the span of an hour i had the opportunity today to sample your amazing pizzas,0,1
108,anyone interested in the worst sins of industrial design,6,0
107,despicable but this just wasnt food,4,1
111,sites in the span of an hour i had the opportunity today to sample your amazing pizzas,5,0
110,combination of pears almonds and bacon is soooo good,10,1
110,combination of pears almonds and bacon is soooo good,9,1
112,little slow in service,10,1
109,dropped face down my lc and are included,0,0
113,pizza which used to work fine,8,0
111,sites in the span of an hour i had the opportunity today to sample your amazing pizzas,3,0
112,little slow in service,7,1
112,little slow in service,0,0
112,little slow in service,3,0
113,pizza which used to work fine,2,0
111,sites in the span of an hour i had the opportunity today to sample your amazing pizzas,8,1
111,sites in the span of an hour i had the opportunity today to sample your amazing pizzas,9,0
113,pizza which used to work fine,4,0
113,pizza which used to work fine,1,0
111,sites in the span of an hour i had the opportunity today to sample your amazing pizzas,6,0
111,sites in the span of an hour i had the opportunity today to sample your amazing pizzas,4,0
113,pizza which used to work fine,0,0
110,combination of pears almonds and bacon is soooo good,2,1
113,pizza which used to work fine,7,0
112,little slow in service,9,1
111,sites in the span of an hour i had the opportunity today to sample your amazing pizzas,7,0
110,combination of pears almonds and bacon is soooo good,7,1
112,little slow in service,6,1
109,dropped face down my lc and are included,7,0
115,daughter,2,0
114,videos at a time and the quality was very poor,7,0
113,pizza which used to work fine,5,0
114,videos at a time and the quality was very poor,5,0
114,videos at a time and the quality was very poor,0,0
114,videos at a time and the quality was very poor,3,0
114,videos at a time and the quality was very poor,1,0
112,little slow in service,8,1
112,little slow in service,2,1
114,videos at a time and the quality was very poor,9,0
112,little slow in service,4,1
115,daughter,0,0
115,daughter,5,0
112,little slow in service,5,1
112,little slow in service,1,1
113,pizza which used to work fine,6,0
114,videos at a time and the quality was very poor,6,0
113,pizza which used to work fine,9,0
115,daughter,7,0
116,legs definitely did not taste fresh,4,0
113,pizza which used to work fine,10,0
115,daughter,3,0
115,daughter,1,0
116,legs definitely did not taste fresh,5,0
115,daughter,9,0
115,daughter,10,0
114,videos at a time and the quality was very poor,8,0
116,legs definitely did not taste fresh,3,0
116,legs definitely did not taste fresh,2,0
114,videos at a time and the quality was very poor,4,0
114,videos at a time and the quality was very poor,2,0
117,star trek v the final frontier is the ventilation could use some upgrading,0,0
115,daughter,8,0
116,legs definitely did not taste fresh,9,0
117,star trek v the final frontier is the ventilation could use some upgrading,1,0
115,daughter,6,0
117,star trek v the final frontier is the ventilation could use some upgrading,2,0
116,legs definitely did not taste fresh,10,0
117,star trek v the final frontier is the ventilation could use some upgrading,7,0
117,star trek v the final frontier is the ventilation could use some upgrading,9,0
111,sites in the span of an hour i had the opportunity today to sample your amazing pizzas,2,1
118,that word loosely is an insult to ones intelligence and a huge waste of money,9,1
118,that word loosely is an insult to ones intelligence and a huge waste of money,3,1
116,legs definitely did not taste fresh,0,0
111,sites in the span of an hour i had the opportunity today to sample your amazing pizzas,10,0
116,legs definitely did not taste fresh,1,0
118,that word loosely is an insult to ones intelligence and a huge waste of money,4,1
113,pizza which used to work fine,3,0
116,legs definitely did not taste fresh,6,0
116,legs definitely did not taste fresh,7,0
119,attentive as for pancakes with a bad review noted plug works great software for shawarrrrrrma,7,0
118,that word loosely is an insult to ones intelligence and a huge waste of money,6,0
119,attentive as for pancakes with a bad review noted plug works great software for shawarrrrrrma,0,0
118,that word loosely is an insult to ones intelligence and a huge waste of money,5,0
118,that word loosely is an insult to ones intelligence and a huge waste of money,0,0
116,legs definitely did not taste fresh,8,0
119,attentive as for pancakes with a bad review noted plug works great software for shawarrrrrrma,5,0
115,daughter,4,0
119,attentive as for pancakes with a bad review noted plug works great software for shawarrrrrrma,6,0
119,attentive as for pancakes with a bad review noted plug works great software for shawarrrrrrma,3,0
117,star trek v the final frontier is the ventilation could use some upgrading,4,0
120,totally blows,0,1
118,that word loosely is an insult to ones intelligence and a huge waste of money,10,0
120,totally blows,7,0
119,attentive as for pancakes with a bad review noted plug works great software for shawarrrrrrma,4,0
119,attentive as for pancakes with a bad review noted plug works great software for shawarrrrrrma,2,0
118,that word loosely is an insult to ones intelligence and a huge waste of money,2,1
119,attentive as for pancakes with a bad review noted plug works great software for shawarrrrrrma,9,0
119,attentive as for pancakes with a bad review noted plug works great software for shawarrrrrrma,10,0
119,attentive as for pancakes with a bad review noted plug works great software for shawarrrrrrma,8,0
114,videos at a time and the quality was very poor,10,0
120,totally blows,4,0
117,star trek v the final frontier is the ventilation could use some upgrading,8,0
117,star trek v the final frontier is the ventilation could use some upgrading,3,0
118,that word loosely is an insult to ones intelligence and a huge waste of money,1,1
120,totally blows,6,0
117,star trek v the final frontier is the ventilation could use some upgrading,10,0
117,star trek v the final frontier is the ventilation could use some upgrading,5,0
121,well but according to people i have called it applifies everything,2,0
118,that word loosely is an insult to ones intelligence and a huge waste of money,7,1
121,well but according to people i have called it applifies everything,6,0
119,attentive as for pancakes with a bad review noted plug works great software for shawarrrrrrma,1,0
117,star trek v the final frontier is the ventilation could use some upgrading,6,0
121,well but according to people i have called it applifies everything,9,0
120,totally blows,5,0
120,totally blows,8,0
121,well but according to people i have called it applifies everything,3,0
120,totally blows,2,0
121,well but according to people i have called it applifies everything,4,0
121,well but according to people i have called it applifies everything,5,0
122,leather with nice shine and comfort i recommend you this case,0,1
121,well but according to people i have called it applifies everything,10,0
120,totally blows,3,0
123,are nice and clear with great graphics,5,0
122,leather with nice shine and comfort i recommend you this case,6,1
118,that word loosely is an insult to ones intelligence and a huge waste of money,8,0
121,well but according to people i have called it applifies everything,8,0
123,are nice and clear with great graphics,7,0
123,are nice and clear with great graphics,3,0
122,leather with nice shine and comfort i recommend you this case,10,1
120,totally blows,9,1
122,leather with nice shine and comfort i recommend you this case,3,0
123,are nice and clear with great graphics,6,0
120,totally blows,10,0
122,leather with nice shine and comfort i recommend you this case,4,1
124,the owners ive been simpler,0,0
122,leather with nice shine and comfort i recommend you this case,1,1
121,well but according to people i have called it applifies everything,1,0
122,leather with nice shine and comfort i recommend you this case,2,1
121,well but according to people i have called it applifies everything,0,0
123,are nice and clear with great graphics,1,0
123,are nice and clear with great graphics,2,0
124,the owners ive been simpler,4,0
125,audio,3,0
121,well but according to people i have called it applifies everything,7,0
124,the owners ive been simpler,9,0
122,leather with nice shine and comfort i recommend you this case,7,1
122,leather with nice shine and comfort i recommend you this case,9,1
123,are nice and clear with great graphics,8,0
124,the owners ive been simpler,7,0
123,are nice and clear with great graphics,4,0
124,the owners ive been simpler,8,0
125,audio,4,0
126,motorola and we literally had perfect service was the film thats rightthe red curry had happened next to deliver,2,0
125,audio,7,0
125,audio,6,0
126,motorola and we literally had perfect service was the film thats rightthe red curry had happened next to deliver,1,0
126,motorola and we literally had perfect service was the film thats rightthe red curry had happened next to deliver,3,0
123,are nice and clear with great graphics,9,0
122,leather with nice shine and comfort i recommend you this case,5,1
126,motorola and we literally had perfect service was the film thats rightthe red curry had happened next to deliver,5,0
125,audio,8,0
124,the owners ive been simpler,1,0
124,the owners ive been simpler,10,0
126,motorola and we literally had perfect service was the film thats rightthe red curry had happened next to deliver,7,0
125,audio,2,0
125,audio,0,0
124,the owners ive been simpler,3,0
123,are nice and clear with great graphics,10,0
127,smoothies that ive tried so far and theyre all good,3,1
125,audio,5,0
125,audio,1,0
126,motorola and we literally had perfect service was the film thats rightthe red curry had happened next to deliver,9,0
126,motorola and we literally had perfect service was the film thats rightthe red curry had happened next to deliver,0,0
120,totally blows,1,0
128,product,3,0
128,product,4,0
124,the owners ive been simpler,6,0
125,audio,10,0
127,smoothies that ive tried so far and theyre all good,0,1
128,product,10,0
128,product,0,0
129,way,2,0
127,smoothies that ive tried so far and theyre all good,4,1
126,motorola and we literally had perfect service was the film thats rightthe red curry had happened next to deliver,4,0
122,leather with nice shine and comfort i recommend you this case,8,1
127,smoothies that ive tried so far and theyre all good,10,0
129,way,8,0
123,are nice and clear with great graphics,0,0
127,smoothies that ive tried so far and theyre all good,2,1
127,smoothies that ive tried so far and theyre all good,5,1
130,what i wanted,0,0
126,motorola and we literally had perfect service was the film thats rightthe red curry had happened next to deliver,6,0
129,way,6,0
127,smoothies that ive tried so far and theyre all good,9,1
128,product,1,0
128,product,9,0
126,motorola and we literally had perfect service was the film thats rightthe red curry had happened next to deliver,10,0
130,what i wanted,3,0
129,way,0,0
126,motorola and we literally had perfect service was the film thats rightthe red curry had happened next to deliver,8,0
129,way,4,0
128,product,5,0
129,way,9,0
129,way,1,0
128,product,8,0
127,smoothies that ive tried so far and theyre all good,1,1
129,way,3,0
130,what i wanted,2,0
130,what i wanted,4,0
127,smoothies that ive tried so far and theyre all good,7,1
128,product,6,0
129,way,5,0
128,product,7,0
130,what i wanted,9,0
130,what i wanted,1,0
127,smoothies that ive tried so far and theyre all good,6,1
127,smoothies that ive tried so far and theyre all good,8,1
131,other subway will not meet your expectations,6,0
125,audio,9,0
131,other subway will not meet your expectations,7,0
131,other subway will not meet your expectations,3,0
128,product,2,0
131,other subway will not meet your expectations,4,0
132,up a steak i dont recommend unless your car breaks down in front of it and very little music or anything,2,0
130,what i wanted,10,0
130,what i wanted,6,0
133,horrible had to switch times,1,0
130,what i wanted,5,0
131,other subway will not meet your expectations,2,0
132,up a steak i dont recommend unless your car breaks down in front of it and very little music or anything,6,0
132,up a steak i dont recommend unless your car breaks down in front of it and very little music or anything,5,0
131,other subway will not meet your expectations,5,1
124,the owners ive been simpler,5,0
129,way,10,0
132,up a steak i dont recommend unless your car breaks down in front of it and very little music or anything,1,0
132,up a steak i dont recommend unless your car breaks down in front of it and very little music or anything,7,0
131,other subway will not meet your expectations,8,0
131,other subway will not meet your expectations,9,1
132,up a steak i dont recommend unless your car breaks down in front of it and very little music or anything,4,0
133,horrible had to switch times,10,0
134,i usually dont like it could have been to hard rock casino before will never be back yaall,4,0
134,i usually dont like it could have been to hard rock casino before will never be back yaall,2,0
133,horrible had to switch times,8,0
133,horrible had to switch times,6,0
131,other subway will not meet your expectations,0,0
130,what i wanted,8,0
134,i usually dont like it could have been to hard rock casino before will never be back yaall,7,0
130,what i wanted,7,0
134,i usually dont like it could have been to hard rock casino before will never be back yaall,1,0
133,horrible had to switch times,0,0
134,i usually dont like it could have been to hard rock casino before will never be back yaall,9,0
132,up a steak i dont recommend unless your car breaks down in front of it and very little music or anything,0,0
131,other subway will not meet your expectations,1,0
129,way,7,0
134,i usually dont like it could have been to hard rock casino before will never be back yaall,5,0
133,horrible had to switch times,5,0
133,horrible had to switch times,3,0
135,are weak,7,0
132,up a steak i dont recommend unless your car breaks down in front of it and very little music or anything,3,0
135,are weak,5,0
134,i usually dont like it could have been to hard rock casino before will never be back yaall,6,0
133,horrible had to switch times,9,0
134,i usually dont like it could have been to hard rock casino before will never be back yaall,3,0
135,are weak,8,0
135,are weak,4,0
136,girlfriends veal was very bad,3,0
136,girlfriends veal was very bad,1,1
131,other subway will not meet your expectations,10,1
135,are weak,10,0
132,up a steak i dont recommend unless your car breaks down in front of it and very little music or anything,8,0
133,horrible had to switch times,7,0
136,girlfriends veal was very bad,5,0
134,i usually dont like it could have been to hard rock casino before will never be back yaall,8,0
133,horrible had to switch times,2,0
136,girlfriends veal was very bad,7,0
135,are weak,1,0
136,girlfriends veal was very bad,6,0
136,girlfriends veal was very bad,9,1
135,are weak,0,0
133,horrible had to switch times,4,0
137,any brand,7,0
136,girlfriends veal was very bad,2,0
124,the owners ive been simpler,2,0
135,are weak,3,0
137,any brand,0,0
137,any brand,10,0
137,any brand,4,0
136,girlfriends veal was very bad,8,1
132,up a steak i dont recommend unless your car breaks down in front of it and very little music or anything,10,0
136,girlfriends veal was very bad,0,1
135,are weak,6,0
132,up a steak i dont recommend unless your car breaks down in front of it and very little music or anything,9,0
137,any brand,1,0
134,i usually dont like it could have been to hard rock casino before will never be back yaall,0,0
138,regular,5,0
137,any brand,5,0
138,regular,4,0
138,regular,7,0
138,regular,1,0
134,i usually dont like it could have been to hard rock casino before will never be back yaall,10,0
137,any brand,2,0
137,any brand,6,0
138,regular,0,0
137,any brand,8,0
139,unless someone me feel and i definitely a cult classic well,6,0
135,are weak,2,0
140,comes,3,0
139,unless someone me feel and i definitely a cult classic well,1,0
138,regular,2,0
139,unless someone me feel and i definitely a cult classic well,0,0
139,unless someone me feel and i definitely a cult classic well,9,0
136,girlfriends veal was very bad,10,1
140,comes,1,0
139,unless someone me feel and i definitely a cult classic well,8,0
139,unless someone me feel and i definitely a cult classic well,5,0
139,unless someone me feel and i definitely a cult classic well,2,0
141,great food for the price which is very important for a nyc commuter,4,1
138,regular,10,0
141,great food for the price which is very important for a nyc commuter,7,1
138,regular,8,0
140,comes,10,0
140,comes,0,0
136,girlfriends veal was very bad,4,0
140,comes,8,0
141,great food for the price which is very important for a nyc commuter,2,1
141,great food for the price which is very important for a nyc commuter,8,1
138,regular,6,0
139,unless someone me feel and i definitely a cult classic well,3,0
140,comes,7,0
141,great food for the price which is very important for a nyc commuter,9,1
137,any brand,3,0
139,unless someone me feel and i definitely a cult classic well,10,0
139,unless someone me feel and i definitely a cult classic well,4,0
139,unless someone me feel and i definitely a cult classic well,7,0
142,my favorite purchases ever,4,0
141,great food for the price which is very important for a nyc commuter,1,1
138,regular,9,0
140,comes,6,0
141,great food for the price which is very important for a nyc commuter,5,1
142,my favorite purchases ever,3,0
142,my favorite purchases ever,9,0
140,comes,2,0
142,my favorite purchases ever,1,1
141,great food for the price which is very important for a nyc commuter,0,1
142,my favorite purchases ever,5,0
137,any brand,9,0
143,as if the food out to be despicable but this just wasnt food,2,1
144,item for their frozen meatballs,0,0
142,my favorite purchases ever,0,0
140,comes,4,0
143,as if the food out to be despicable but this just wasnt food,10,1
143,as if the food out to be despicable but this just wasnt food,6,1
140,comes,9,0
143,as if the food out to be despicable but this just wasnt food,8,0
144,item for their frozen meatballs,5,0
144,item for their frozen meatballs,9,0
141,great food for the price which is very important for a nyc commuter,6,1
138,regular,3,0
144,item for their frozen meatballs,3,0
142,my favorite purchases ever,7,0
142,my favorite purchases ever,10,0
143,as if the food out to be despicable but this just wasnt food,1,0
142,my favorite purchases ever,8,0
143,as if the food out to be despicable but this just wasnt food,0,0
140,comes,5,0
143,as if the food out to be despicable but this just wasnt food,5,0
135,are weak,9,0
143,as if the food out to be despicable but this just wasnt food,9,0
142,my favorite purchases ever,6,0
144,item for their frozen meatballs,1,0
145,violinists playing songs we requested,0,0
144,item for their frozen meatballs,4,0
145,violinists playing songs we requested,9,0
143,as if the food out to be despicable but this just wasnt food,7,0
141,great food for the price which is very important for a nyc commuter,10,1
141,great food for the price which is very important for a nyc commuter,3,1
142,my favorite purchases ever,2,0
145,violinists playing songs we requested,5,0
146,of the first thing that disappoint me is the food here,0,0
144,item for their frozen meatballs,8,0
145,violinists playing songs we requested,8,0
143,as if the food out to be despicable but this just wasnt food,4,0
145,violinists playing songs we requested,1,0
145,violinists playing songs we requested,3,0
145,violinists playing songs we requested,6,0
146,of the first thing that disappoint me is the food here,4,1
146,of the first thing that disappoint me is the food here,1,1
145,violinists playing songs we requested,4,0
143,as if the food out to be despicable but this just wasnt food,3,1
145,violinists playing songs we requested,7,0
148,ill even say it again this is torture,3,0
144,item for their frozen meatballs,2,0
148,ill even say it again this is torture,2,0
147,which is infuriating,2,0
145,violinists playing songs we requested,10,0
146,of the first thing that disappoint me is the food here,9,1
146,of the first thing that disappoint me is the food here,6,1
148,ill even say it again this is torture,7,0
146,of the first thing that disappoint me is the food here,10,1
146,of the first thing that disappoint me is the food here,7,1
147,which is infuriating,4,0
149,being like that,1,0
147,which is infuriating,0,0
148,ill even say it again this is torture,5,0
146,of the first thing that disappoint me is the food here,3,1
144,item for their frozen meatballs,6,0
147,which is infuriating,3,0
147,which is infuriating,6,0
147,which is infuriating,7,0
148,ill even say it again this is torture,8,0
147,which is infuriating,1,0
148,ill even say it again this is torture,4,0
147,which is infuriating,5,0
149,being like that,3,0
148,ill even say it again this is torture,6,0
144,item for their frozen meatballs,7,0
146,of the first thing that disappoint me is the food here,5,1
148,ill even say it again this is torture,10,0
149,being like that,0,0
146,of the first thing that disappoint me is the food here,8,1
149,being like that,6,0
148,ill even say it again this is torture,0,0
148,ill even say it again this is torture,1,0
147,which is infuriating,10,0
144,item for their frozen meatballs,10,0
150,about this place but it does everything pretty well,0,0
149,being like that,4,0
146,of the first thing that disappoint me is the food here,2,1
150,about this place but it does everything pretty well,2,0
149,being like that,9,0
149,being like that,10,0
151,is defective crap ever made,9,0
149,being like that,7,0
149,being like that,2,0
150,about this place but it does everything pretty well,1,0
147,which is infuriating,9,0
145,violinists playing songs we requested,2,0
152,days and it is light has plenty of humorous parts,2,0
150,about this place but it does everything pretty well,6,0
150,about this place but it does everything pretty well,5,0
150,about this place but it does everything pretty well,8,0
151,is defective crap ever made,2,0
150,about this place but it does everything pretty well,7,0
151,is defective crap ever made,6,0
152,days and it is light has plenty of humorous parts,0,0
153,each day of the first charge kept going dead after minutes,1,0
152,days and it is light has plenty of humorous parts,4,0
148,ill even say it again this is torture,9,0
150,about this place but it does everything pretty well,4,0
152,days and it is light has plenty of humorous parts,9,0
151,is defective crap ever made,7,0
152,days and it is light has plenty of humorous parts,8,0
151,is defective crap ever made,1,0
152,days and it is light has plenty of humorous parts,7,0
150,about this place but it does everything pretty well,9,0
151,is defective crap ever made,10,0
151,is defective crap ever made,8,0
153,each day of the first charge kept going dead after minutes,0,0
151,is defective crap ever made,5,0
153,each day of the first charge kept going dead after minutes,8,0
154,ca usb cable did not work with my phone,1,0
154,ca usb cable did not work with my phone,4,0
150,about this place but it does everything pretty well,3,0
147,which is infuriating,8,0
153,each day of the first charge kept going dead after minutes,3,0
152,days and it is light has plenty of humorous parts,5,0
154,ca usb cable did not work with my phone,0,0
149,being like that,5,0
152,days and it is light has plenty of humorous parts,1,0
152,days and it is light has plenty of humorous parts,6,0
153,each day of the first charge kept going dead after minutes,9,0
151,is defective crap ever made,3,0
153,each day of the first charge kept going dead after minutes,7,0
154,ca usb cable did not work with my phone,6,1
151,is defective crap ever made,0,0
153,each day of the first charge kept going dead after minutes,5,0
153,each day of the first charge kept going dead after minutes,10,0
154,ca usb cable did not work with my phone,5,0
154,ca usb cable did not work with my phone,10,1
153,each day of the first charge kept going dead after minutes,4,0
151,is defective crap ever made,4,0
154,ca usb cable did not work with my phone,9,0
154,ca usb cable did not work with my phone,3,1
155,be ergonomic in theory but i could not stand having these in my ear,0,0
156,refuse to refund or replace,0,0
154,ca usb cable did not work with my phone,8,0
155,be ergonomic in theory but i could not stand having these in my ear,6,0
153,each day of the first charge kept going dead after minutes,6,0
152,days and it is light has plenty of humorous parts,10,0
149,being like that,8,0
155,be ergonomic in theory but i could not stand having these in my ear,10,0
152,days and it is light has plenty of humorous parts,3,0
156,refuse to refund or replace,3,0
154,ca usb cable did not work with my phone,7,0
155,be ergonomic in theory but i could not stand having these in my ear,8,0
150,about this place but it does everything pretty well,10,0
156,refuse to refund or replace,2,0
156,refuse to refund or replace,6,0
156,refuse to refund or replace,4,0
158,stay with some highlights great charger,3,0
155,be ergonomic in theory but i could not stand having these in my ear,9,0
156,refuse to refund or replace,10,0
155,be ergonomic in theory but i could not stand having these in my ear,4,0
157,vibe in the restaurant,5,0
158,stay with some highlights great charger,10,0
157,vibe in the restaurant,3,0
155,be ergonomic in theory but i could not stand having these in my ear,5,1
157,vibe in the restaurant,1,0
156,refuse to refund or replace,9,0
157,vibe in the restaurant,4,0
157,vibe in the restaurant,2,0
158,stay with some highlights great charger,5,0
155,be ergonomic in theory but i could not stand having these in my ear,7,0
159,hasnt closed down,0,0
158,stay with some highlights great charger,0,0
159,hasnt closed down,1,0
156,refuse to refund or replace,7,0
158,stay with some highlights great charger,7,0
157,vibe in the restaurant,10,0
157,vibe in the restaurant,0,0
155,be ergonomic in theory but i could not stand having these in my ear,3,0
157,vibe in the restaurant,9,0
154,ca usb cable did not work with my phone,2,0
155,be ergonomic in theory but i could not stand having these in my ear,2,0
156,refuse to refund or replace,8,0
158,stay with some highlights great charger,2,0
159,hasnt closed down,3,0
153,each day of the first charge kept going dead after minutes,2,0
156,refuse to refund or replace,1,0
158,stay with some highlights great charger,4,0
159,hasnt closed down,2,0
159,hasnt closed down,10,0
156,refuse to refund or replace,5,0
158,stay with some highlights great charger,9,0
159,hasnt closed down,5,0
157,vibe in the restaurant,6,0
159,hasnt closed down,6,0
159,hasnt closed down,7,0
157,vibe in the restaurant,7,0
157,vibe in the restaurant,8,0
160,macarons here are insanely good,1,1
159,hasnt closed down,8,0
160,macarons here are insanely good,4,1
159,hasnt closed down,4,0
160,macarons here are insanely good,0,1
158,stay with some highlights great charger,8,0
159,hasnt closed down,9,0
160,macarons here are insanely good,10,1
155,be ergonomic in theory but i could not stand having these in my ear,1,0
160,macarons here are insanely good,5,1
160,macarons here are insanely good,9,1
158,stay with some highlights great charger,6,0
160,macarons here are insanely good,7,1
162,any item on the menu is always changing food quality is going down service is extremely slow,10,1
161,this movie it is the dumbest thing you have never seen,4,0
160,macarons here are insanely good,3,1
160,macarons here are insanely good,8,1
161,this movie it is the dumbest thing you have never seen,2,0
161,this movie it is the dumbest thing you have never seen,7,0
162,any item on the menu is always changing food quality is going down service is extremely slow,2,0
161,this movie it is the dumbest thing you have never seen,10,0
162,any item on the menu is always changing food quality is going down service is extremely slow,8,0
162,any item on the menu is always changing food quality is going down service is extremely slow,4,1
161,this movie it is the dumbest thing you have never seen,0,0
162,any item on the menu is always changing food quality is going down service is extremely slow,6,0
158,stay with some highlights great charger,1,0
160,macarons here are insanely good,2,1
163,flip phones,10,0
161,this movie it is the dumbest thing you have never seen,5,0
164,powerful explorations of the nature of man and of art,2,0
162,any item on the menu is always changing food quality is going down service is extremely slow,5,0
162,any item on the menu is always changing food quality is going down service is extremely slow,7,0
162,any item on the menu is always changing food quality is going down service is extremely slow,3,1
163,flip phones,1,0
161,this movie it is the dumbest thing you have never seen,9,0
163,flip phones,9,0
163,flip phones,7,0
163,flip phones,5,0
162,any item on the menu is always changing food quality is going down service is extremely slow,9,1
164,powerful explorations of the nature of man and of art,1,0
163,flip phones,0,0
164,powerful explorations of the nature of man and of art,8,1
164,powerful explorations of the nature of man and of art,10,0
163,flip phones,4,0
165,for the charger seems to work fine,1,0
164,powerful explorations of the nature of man and of art,4,0
163,flip phones,8,0
165,for the charger seems to work fine,9,0
164,powerful explorations of the nature of man and of art,9,0
165,for the charger seems to work fine,4,0
166,is far and much flavor,4,0
165,for the charger seems to work fine,6,0
164,powerful explorations of the nature of man and of art,5,0
165,for the charger seems to work fine,7,0
166,is far and much flavor,3,0
161,this movie it is the dumbest thing you have never seen,6,0
162,any item on the menu is always changing food quality is going down service is extremely slow,0,1
166,is far and much flavor,7,0
160,macarons here are insanely good,6,1
161,this movie it is the dumbest thing you have never seen,3,0
165,for the charger seems to work fine,2,0
163,flip phones,3,0
163,flip phones,2,0
166,is far and much flavor,0,0
164,powerful explorations of the nature of man and of art,6,0
167,charisma and terrible comedic timing,4,0
164,powerful explorations of the nature of man and of art,0,0
166,is far and much flavor,2,0
167,charisma and terrible comedic timing,1,0
166,is far and much flavor,9,0
166,is far and much flavor,10,0
167,charisma and terrible comedic timing,3,0
166,is far and much flavor,8,0
165,for the charger seems to work fine,5,1
167,charisma and terrible comedic timing,10,0
161,this movie it is the dumbest thing you have never seen,1,1
165,for the charger seems to work fine,10,0
166,is far and much flavor,6,0
165,for the charger seems to work fine,0,1
166,is far and much flavor,1,0
167,charisma and terrible comedic timing,2,0
168,for another minutes before being acknowledged,7,0
162,any item on the menu is always changing food quality is going down service is extremely slow,1,1
164,powerful explorations of the nature of man and of art,7,1
167,charisma and terrible comedic timing,0,0
168,for another minutes before being acknowledged,4,0
167,charisma and terrible comedic timing,9,0
167,charisma and terrible comedic timing,8,0
161,this movie it is the dumbest thing you have never seen,8,1
166,is far and much flavor,5,0
168,for another minutes before being acknowledged,9,0
168,for another minutes before being acknowledged,2,0
165,for the charger seems to work fine,8,0
168,for another minutes before being acknowledged,10,0
163,flip phones,6,0
164,powerful explorations of the nature of man and of art,3,0
168,for another minutes before being acknowledged,0,0
167,charisma and terrible comedic timing,6,0
169,of horror ever,8,0
167,charisma and terrible comedic timing,5,0
170,a nice surprise,6,0
171,for comfort clarity,6,0
168,for another minutes before being acknowledged,5,0
170,a nice surprise,1,0
170,a nice surprise,0,0
169,of horror ever,9,0
168,for another minutes before being acknowledged,1,0
169,of horror ever,4,0
171,for comfort clarity,0,0
170,a nice surprise,4,0
171,for comfort clarity,2,0
169,of horror ever,7,0
172,too heavyit keeps falling out of a bluetooth headset,4,0
168,for another minutes before being acknowledged,8,0
170,a nice surprise,10,1
170,a nice surprise,9,0
171,for comfort clarity,5,0
169,of horror ever,5,0
170,a nice surprise,7,0
168,for another minutes before being acknowledged,6,0
168,for another minutes before being acknowledged,3,0
170,a nice surprise,5,0
172,too heavyit keeps falling out of a bluetooth headset,3,0
171,for comfort clarity,8,0
169,of horror ever,2,0
165,for the charger seems to work fine,3,1
172,too heavyit keeps falling out of a bluetooth headset,0,0
167,charisma and terrible comedic timing,7,0
172,too heavyit keeps falling out of a bluetooth headset,6,0
169,of horror ever,0,0
171,for comfort clarity,9,0
172,too heavyit keeps falling out of a bluetooth headset,2,0
169,of horror ever,3,0
172,too heavyit keeps falling out of a bluetooth headset,7,0
173,calls because of this practice,3,0
169,of horror ever,6,0
171,for comfort clarity,3,0
169,of horror ever,10,0
174,purchasing,1,0
174,purchasing,7,0
172,too heavyit keeps falling out of a bluetooth headset,1,0
170,a nice surprise,8,0
172,too heavyit keeps falling out of a bluetooth headset,10,0
173,calls because of this practice,4,0
174,purchasing,0,0
171,for comfort clarity,1,0
174,purchasing,10,0
173,calls because of this practice,1,0
170,a nice surprise,3,0
171,for comfort clarity,4,0
171,for comfort clarity,7,0
173,calls because of this practice,8,0
173,calls because of this practice,0,0
174,purchasing,6,0
171,for comfort clarity,10,0
173,calls because of this practice,10,0
173,calls because of this practice,5,0
174,purchasing,8,0
172,too heavyit keeps falling out of a bluetooth headset,9,0
173,calls because of this practice,9,0
172,too heavyit keeps falling out of a bluetooth headset,5,0
174,purchasing,5,0
175,all my calls that i have never experienced before,3,0
176,it such a bad review,0,0
174,purchasing,2,0
170,a nice surprise,2,0
175,all my calls that i have never experienced before,4,0
169,of horror ever,1,0
175,all my calls that i have never experienced before,1,0
176,it such a bad review,4,0
175,all my calls that i have never experienced before,5,0
175,all my calls that i have never experienced before,9,0
176,it such a bad review,2,0
175,all my calls that i have never experienced before,10,0
174,purchasing,4,0
175,all my calls that i have never experienced before,8,0
176,it such a bad review,8,0
176,it such a bad review,1,0
176,it such a bad review,10,0
177,unconditional love the car with capers even say our needs and im an example of the jawbone,2,0
176,it such a bad review,6,0
177,unconditional love the car with capers even say our needs and im an example of the jawbone,1,0
177,unconditional love the car with capers even say our needs and im an example of the jawbone,6,0
174,purchasing,3,0
176,it such a bad review,3,0
177,unconditional love the car with capers even say our needs and im an example of the jawbone,4,0
173,calls because of this practice,7,0
178,day of the week they have a really nice atmosphere,4,0
178,day of the week they have a really nice atmosphere,3,0
178,day of the week they have a really nice atmosphere,0,0
176,it such a bad review,9,0
177,unconditional love the car with capers even say our needs and im an example of the jawbone,8,0
175,all my calls that i have never experienced before,0,0
175,all my calls that i have never experienced before,6,0
178,day of the week they have a really nice atmosphere,7,0
178,day of the week they have a really nice atmosphere,2,0
177,unconditional love the car with capers even say our needs and im an example of the jawbone,5,0
174,purchasing,9,0
173,calls because of this practice,6,0
173,calls because of this practice,2,0
175,all my calls that i have never experienced before,7,0
178,day of the week they have a really nice atmosphere,6,0
177,unconditional love the car with capers even say our needs and im an example of the jawbone,0,0
179,had never eaten thai food go else where,4,1
177,unconditional love the car with capers even say our needs and im an example of the jawbone,10,0
179,had never eaten thai food go else where,2,0
179,had never eaten thai food go else where,3,1
179,had never eaten thai food go else where,0,0
179,had never eaten thai food go else where,8,0
177,unconditional love the car with capers even say our needs and im an example of the jawbone,3,0
177,unconditional love the car with capers even say our needs and im an example of the jawbone,9,0
176,it such a bad review,5,0
180,later i am very odd lines the food was prettyoff putting the outside for the point is very cool,2,0
179,had never eaten thai food go else where,7,0
179,had never eaten thai food go else where,5,0
178,day of the week they have a really nice atmosphere,9,0
176,it such a bad review,7,0
177,unconditional love the car with capers even say our needs and im an example of the jawbone,7,0
175,all my calls that i have never experienced before,2,0
179,had never eaten thai food go else where,9,0
180,later i am very odd lines the food was prettyoff putting the outside for the point is very cool,6,0
181,again,4,0
179,had never eaten thai food go else where,10,0
178,day of the week they have a really nice atmosphere,5,0
180,later i am very odd lines the food was prettyoff putting the outside for the point is very cool,5,0
178,day of the week they have a really nice atmosphere,8,0
180,later i am very odd lines the food was prettyoff putting the outside for the point is very cool,4,0
181,again,7,0
180,later i am very odd lines the food was prettyoff putting the outside for the point is very cool,1,0
181,again,5,0
178,day of the week they have a really nice atmosphere,10,0
181,again,2,0
181,again,9,0
181,again,6,0
181,again,0,0
180,later i am very odd lines the food was prettyoff putting the outside for the point is very cool,9,0
182,prompted such a documentary is beyond me,3,0
182,prompted such a documentary is beyond me,2,0
182,prompted such a documentary is beyond me,7,0
181,again,10,0
181,again,8,0
183,veggitarian platter is out of this world,3,1
179,had never eaten thai food go else where,1,0
180,later i am very odd lines the food was prettyoff putting the outside for the point is very cool,10,0
182,prompted such a documentary is beyond me,8,0
182,prompted such a documentary is beyond me,0,0
181,again,3,0
180,later i am very odd lines the food was prettyoff putting the outside for the point is very cool,7,0
183,veggitarian platter is out of this world,8,1
183,veggitarian platter is out of this world,0,1
172,too heavyit keeps falling out of a bluetooth headset,8,0
183,veggitarian platter is out of this world,1,1
182,prompted such a documentary is beyond me,4,0
183,veggitarian platter is out of this world,4,1
181,again,1,0
180,later i am very odd lines the food was prettyoff putting the outside for the point is very cool,0,1
183,veggitarian platter is out of this world,6,1
183,veggitarian platter is out of this world,5,1
182,prompted such a documentary is beyond me,6,0
184,im glad i did like was the slow service,3,0
178,day of the week they have a really nice atmosphere,1,0
184,im glad i did like was the slow service,2,0
180,later i am very odd lines the food was prettyoff putting the outside for the point is very cool,8,1
183,veggitarian platter is out of this world,10,1
185,pace,2,0
183,veggitarian platter is out of this world,9,0
184,im glad i did like was the slow service,9,0
180,later i am very odd lines the food was prettyoff putting the outside for the point is very cool,3,1
183,veggitarian platter is out of this world,2,1
184,im glad i did like was the slow service,6,0
184,im glad i did like was the slow service,5,0
183,veggitarian platter is out of this world,7,1
185,pace,9,0
186,has it,2,0
184,im glad i did like was the slow service,7,0
185,pace,1,0
186,has it,1,0
185,pace,10,0
186,has it,6,0
186,has it,3,0
185,pace,4,0
186,has it,5,0
184,im glad i did like was the slow service,10,0
182,prompted such a documentary is beyond me,5,0
184,im glad i did like was the slow service,1,0
179,had never eaten thai food go else where,6,1
182,prompted such a documentary is beyond me,1,0
187,but ive had a lovely film is made some of garbage in any uniqueness to minutes late,3,0
182,prompted such a documentary is beyond me,10,0
182,prompted such a documentary is beyond me,9,0
185,pace,8,0
186,has it,0,0
187,but ive had a lovely film is made some of garbage in any uniqueness to minutes late,5,0
184,im glad i did like was the slow service,8,0
188,up like normal phone does,6,0
185,pace,3,0
186,has it,10,0
185,pace,6,0
186,has it,7,0
185,pace,7,0
188,up like normal phone does,4,0
184,im glad i did like was the slow service,4,0
188,up like normal phone does,8,0
187,but ive had a lovely film is made some of garbage in any uniqueness to minutes late,6,0
186,has it,4,0
187,but ive had a lovely film is made some of garbage in any uniqueness to minutes late,4,0
188,up like normal phone does,5,0
187,but ive had a lovely film is made some of garbage in any uniqueness to minutes late,2,0
188,up like normal phone does,10,0
187,but ive had a lovely film is made some of garbage in any uniqueness to minutes late,9,0
187,but ive had a lovely film is made some of garbage in any uniqueness to minutes late,8,0
188,up like normal phone does,0,0
187,but ive had a lovely film is made some of garbage in any uniqueness to minutes late,10,0
186,has it,9,0
187,but ive had a lovely film is made some of garbage in any uniqueness to minutes late,0,0
189,i dont each much pasta but i love the camera its really pretty good quality,9,0
187,but ive had a lovely film is made some of garbage in any uniqueness to minutes late,7,0
188,up like normal phone does,7,0
188,up like normal phone does,9,0
189,i dont each much pasta but i love the camera its really pretty good quality,1,0
189,i dont each much pasta but i love the camera its really pretty good quality,5,0
185,pace,0,0
185,pace,5,0
190,consistent with their boba and it has on your phone,4,0
186,has it,8,0
191,otto always make us feel so welcome and special,3,1
189,i dont each much pasta but i love the camera its really pretty good quality,2,0
190,consistent with their boba and it has on your phone,0,0
190,consistent with their boba and it has on your phone,1,0
188,up like normal phone does,3,0
190,consistent with their boba and it has on your phone,10,0
189,i dont each much pasta but i love the camera its really pretty good quality,0,0
189,i dont each much pasta but i love the camera its really pretty good quality,3,0
189,i dont each much pasta but i love the camera its really pretty good quality,8,0
188,up like normal phone does,1,0
189,i dont each much pasta but i love the camera its really pretty good quality,7,0
192,restaurant,7,0
188,up like normal phone does,2,0
190,consistent with their boba and it has on your phone,3,0
192,restaurant,5,0
191,otto always make us feel so welcome and special,7,0
190,consistent with their boba and it has on your phone,9,0
191,otto always make us feel so welcome and special,1,1
192,restaurant,0,0
192,restaurant,4,0
191,otto always make us feel so welcome and special,6,1
191,otto always make us feel so welcome and special,2,0
191,otto always make us feel so welcome and special,4,0
190,consistent with their boba and it has on your phone,2,0
190,consistent with their boba and it has on your phone,6,0
191,otto always make us feel so welcome and special,5,1
191,otto always make us feel so welcome and special,9,0
192,restaurant,3,0
192,restaurant,8,0
192,restaurant,9,0
184,im glad i did like was the slow service,0,1
191,otto always make us feel so welcome and special,0,1
190,consistent with their boba and it has on your phone,8,0
191,otto always make us feel so welcome and special,8,0
191,otto always make us feel so welcome and special,10,1
192,restaurant,10,0
193,it is not lacking in for her going back,10,0
193,it is not lacking in for her going back,2,0
193,it is not lacking in for her going back,0,0
187,but ive had a lovely film is made some of garbage in any uniqueness to minutes late,1,0
192,restaurant,2,0
194,days and it wasnt always easy to hear with,1,0
193,it is not lacking in for her going back,4,0
190,consistent with their boba and it has on your phone,5,0
194,days and it wasnt always easy to hear with,4,0
194,days and it wasnt always easy to hear with,0,0
192,restaurant,1,0
194,days and it wasnt always easy to hear with,10,0
194,days and it wasnt always easy to hear with,8,0
189,i dont each much pasta but i love the camera its really pretty good quality,4,0
193,it is not lacking in for her going back,7,0
189,i dont each much pasta but i love the camera its really pretty good quality,10,0
193,it is not lacking in for her going back,9,0
193,it is not lacking in for her going back,5,0
194,days and it wasnt always easy to hear with,2,0
193,it is not lacking in for her going back,1,0
196,albondigas soup which was just warm and tasted like tomato soup with frozen meatballs,3,1
196,albondigas soup which was just warm and tasted like tomato soup with frozen meatballs,2,1
195,a sunday night,3,0
195,a sunday night,6,0
193,it is not lacking in for her going back,6,0
193,it is not lacking in for her going back,3,0
194,days and it wasnt always easy to hear with,9,0
194,days and it wasnt always easy to hear with,3,0
189,i dont each much pasta but i love the camera its really pretty good quality,6,0
195,a sunday night,2,0
192,restaurant,6,0
194,days and it wasnt always easy to hear with,5,0
194,days and it wasnt always easy to hear with,6,0
197,it really is impressive that the instructions provided were helpful to me,0,0
196,albondigas soup which was just warm and tasted like tomato soup with frozen meatballs,8,1
196,albondigas soup which was just warm and tasted like tomato soup with frozen meatballs,1,1
193,it is not lacking in for her going back,8,0
195,a sunday night,4,0
196,albondigas soup which was just warm and tasted like tomato soup with frozen meatballs,9,0
195,a sunday night,9,0
190,consistent with their boba and it has on your phone,7,0
197,it really is impressive that the instructions provided were helpful to me,4,1
196,albondigas soup which was just warm and tasted like tomato soup with frozen meatballs,5,1
196,albondigas soup which was just warm and tasted like tomato soup with frozen meatballs,4,0
195,a sunday night,7,0
196,albondigas soup which was just warm and tasted like tomato soup with frozen meatballs,10,1
195,a sunday night,1,0
196,albondigas soup which was just warm and tasted like tomato soup with frozen meatballs,6,1
198,windows media player,5,0
197,it really is impressive that the instructions provided were helpful to me,3,1
197,it really is impressive that the instructions provided were helpful to me,2,1
198,windows media player,8,0
195,a sunday night,8,0
197,it really is impressive that the instructions provided were helpful to me,5,1
197,it really is impressive that the instructions provided were helpful to me,6,1
195,a sunday night,10,0
198,windows media player,7,0
200,irritating show i have ever had,4,0
199,chipotle but better,0,0
198,windows media player,6,0
198,windows media player,0,0
199,chipotle but better,3,0
195,a sunday night,5,0
199,chipotle but better,7,0
199,chipotle but better,4,1
199,chipotle but better,5,0
200,irritating show i have ever had,3,0
195,a sunday night,0,0
199,chipotle but better,2,0
199,chipotle but better,8,1
200,irritating show i have ever had,7,1
197,it really is impressive that the instructions provided were helpful to me,1,1
201,of a phone is reasonably good,0,0
199,chipotle but better,9,0
196,albondigas soup which was just warm and tasted like tomato soup with frozen meatballs,7,0
197,it really is impressive that the instructions provided were helpful to me,9,1
198,windows media player,10,0
199,chipotle but better,1,1
200,irritating show i have ever had,8,0
198,windows media player,1,0
200,irritating show i have ever had,5,0
199,chipotle but better,10,0
200,irritating show i have ever had,2,1
197,it really is impressive that the instructions provided were helpful to me,8,0
199,chipotle but better,6,0
200,irritating show i have ever had,1,0
197,it really is impressive that the instructions provided were helpful to me,10,1
201,of a phone is reasonably good,1,0
201,of a phone is reasonably good,2,0
198,windows media player,2,0
198,windows media player,9,0
196,albondigas soup which was just warm and tasted like tomato soup with frozen meatballs,0,1
202,was delicate and cool,2,0
202,was delicate and cool,4,0
202,was delicate and cool,5,0
198,windows media player,4,0
200,irritating show i have ever had,0,1
200,irritating show i have ever had,6,0
197,it really is impressive that the instructions provided were helpful to me,7,0
203,them and neither will charge,0,0
202,was delicate and cool,1,0
201,of a phone is reasonably good,9,0
203,them and neither will charge,7,0
201,of a phone is reasonably good,8,0
203,them and neither will charge,2,0
198,windows media player,3,0
202,was delicate and cool,3,0
194,days and it wasnt always easy to hear with,7,0
202,was delicate and cool,7,0
200,irritating show i have ever had,10,1
203,them and neither will charge,6,0
204,recommended it to anyone to go back there,3,1
203,them and neither will charge,1,0
203,them and neither will charge,3,0
200,irritating show i have ever had,9,1
204,recommended it to anyone to go back there,4,1
202,was delicate and cool,8,0
201,of a phone is reasonably good,10,0
204,recommended it to anyone to go back there,10,1
203,them and neither will charge,4,0
202,was delicate and cool,10,0
201,of a phone is reasonably good,4,0
201,of a phone is reasonably good,6,0
202,was delicate and cool,9,0
205,frenchman,6,0
201,of a phone is reasonably good,5,0
204,recommended it to anyone to go back there,6,0
203,them and neither will charge,10,0
204,recommended it to anyone to go back there,5,1
204,recommended it to anyone to go back there,9,0
203,them and neither will charge,5,0
203,them and neither will charge,8,0
204,recommended it to anyone to go back there,7,0
203,them and neither will charge,9,0
205,frenchman,7,0
205,frenchman,8,0
201,of a phone is reasonably good,7,0
205,frenchman,3,0
205,frenchman,4,0
206,love being sold,9,0
204,recommended it to anyone to go back there,8,1
205,frenchman,0,0
205,frenchman,5,0
205,frenchman,2,0
206,love being sold,3,0
205,frenchman,1,0
202,was delicate and cool,0,0
206,love being sold,5,0
207,deserves stars,10,0
208,were absolutely stars,0,0
206,love being sold,1,0
208,were absolutely stars,1,0
205,frenchman,9,0
207,deserves stars,7,0
208,were absolutely stars,3,0
207,deserves stars,5,0
206,love being sold,7,0
207,deserves stars,3,0
205,frenchman,10,0
207,deserves stars,1,0
204,recommended it to anyone to go back there,2,1
202,was delicate and cool,6,0
206,love being sold,6,0
207,deserves stars,8,0
209,consumer experience from motorola,1,0
208,were absolutely stars,7,0
207,deserves stars,4,0
207,deserves stars,9,0
204,recommended it to anyone to go back there,1,0
206,love being sold,8,0
209,consumer experience from motorola,7,0
204,recommended it to anyone to go back there,0,1
206,love being sold,10,0
206,love being sold,2,0
210,were monotonous didnt work great service,1,0
208,were absolutely stars,8,0
209,consumer experience from motorola,2,0
209,consumer experience from motorola,10,0
208,were absolutely stars,4,0
201,of a phone is reasonably good,3,0
209,consumer experience from motorola,8,0
209,consumer experience from motorola,6,0
208,were absolutely stars,10,0
208,were absolutely stars,2,0
208,were absolutely stars,6,0
207,deserves stars,0,0
209,consumer experience from motorola,3,0
209,consumer experience from motorola,9,0
207,deserves stars,2,0
210,were monotonous didnt work great service,0,0
209,consumer experience from motorola,5,0
211,this movie is possibly one of the most disappointing aspects is the lack of notable gore,2,1
210,were monotonous didnt work great service,10,0
211,this movie is possibly one of the most disappointing aspects is the lack of notable gore,6,0
209,consumer experience from motorola,0,0
209,consumer experience from motorola,4,0
208,were absolutely stars,9,0
206,love being sold,0,0
208,were absolutely stars,5,0
210,were monotonous didnt work great service,2,0
210,were monotonous didnt work great service,9,0
210,were monotonous didnt work great service,5,0
212,me,1,0
211,this movie is possibly one of the most disappointing aspects is the lack of notable gore,9,0
210,were monotonous didnt work great service,7,0
211,this movie is possibly one of the most disappointing aspects is the lack of notable gore,3,1
212,me,0,0
212,me,5,0
206,love being sold,4,0
210,were monotonous didnt work great service,8,0
210,were monotonous didnt work great service,4,0
213,should have flavor,2,0
213,should have flavor,4,0
211,this movie is possibly one of the most disappointing aspects is the lack of notable gore,4,0
211,this movie is possibly one of the most disappointing aspects is the lack of notable gore,7,0
212,me,3,0
207,deserves stars,6,0
213,should have flavor,5,0
213,should have flavor,0,0
213,should have flavor,3,0
213,should have flavor,8,0
210,were monotonous didnt work great service,3,1
212,me,2,0
212,me,10,0
211,this movie is possibly one of the most disappointing aspects is the lack of notable gore,8,1
211,this movie is possibly one of the most disappointing aspects is the lack of notable gore,1,1
213,should have flavor,9,0
213,should have flavor,7,0
211,this movie is possibly one of the most disappointing aspects is the lack of notable gore,5,1
214,recommendation and was not disappointed,4,0
211,this movie is possibly one of the most disappointing aspects is the lack of notable gore,0,1
212,me,6,0
213,should have flavor,6,0
212,me,9,0
215,person and pretty sure who in the garbage for about this one but it specially when you wont regret it,5,0
214,recommendation and was not disappointed,3,0
212,me,8,0
211,this movie is possibly one of the most disappointing aspects is the lack of notable gore,10,1
213,should have flavor,1,0
214,recommendation and was not disappointed,9,0
214,recommendation and was not disappointed,2,0
214,recommendation and was not disappointed,7,0
214,recommendation and was not disappointed,8,0
215,person and pretty sure who in the garbage for about this one but it specially when you wont regret it,4,0
214,recommendation and was not disappointed,10,0
212,me,7,0
216,so good,0,1
212,me,4,0
215,person and pretty sure who in the garbage for about this one but it specially when you wont regret it,3,0
214,recommendation and was not disappointed,0,0
215,person and pretty sure who in the garbage for about this one but it specially when you wont regret it,0,0
216,so good,7,1
216,so good,4,0
215,person and pretty sure who in the garbage for about this one but it specially when you wont regret it,10,0
214,recommendation and was not disappointed,5,0
215,person and pretty sure who in the garbage for about this one but it specially when you wont regret it,1,0
216,so good,2,1
215,person and pretty sure who in the garbage for about this one but it specially when you wont regret it,7,0
215,person and pretty sure who in the garbage for about this one but it specially when you wont regret it,9,0
217,as the actors,2,0
210,were monotonous didnt work great service,6,1
217,as the actors,6,0
216,so good,10,0
218,good and friendly she made our day,2,1
214,recommendation and was not disappointed,1,0
216,so good,6,0
217,as the actors,8,0
216,so good,9,0
216,so good,3,0
217,as the actors,9,0
217,as the actors,1,0
218,good and friendly she made our day,3,0
214,recommendation and was not disappointed,6,0
218,good and friendly she made our day,6,1
217,as the actors,5,0
216,so good,5,0
215,person and pretty sure who in the garbage for about this one but it specially when you wont regret it,2,0
215,person and pretty sure who in the garbage for about this one but it specially when you wont regret it,6,0
217,as the actors,10,0
217,as the actors,0,0
216,so good,1,0
218,good and friendly she made our day,4,1
218,good and friendly she made our day,0,0
218,good and friendly she made our day,1,1
218,good and friendly she made our day,9,1
219,not be getting that again,7,0
219,not be getting that again,5,0
219,not be getting that again,10,0
215,person and pretty sure who in the garbage for about this one but it specially when you wont regret it,8,0
219,not be getting that again,1,0
218,good and friendly she made our day,7,1
218,good and friendly she made our day,8,1
219,not be getting that again,3,0
219,not be getting that again,0,0
217,as the actors,3,0
220,with martin and emilio contains the same phone even when turned up to this place and will get again for free,2,0
219,not be getting that again,4,0
217,as the actors,7,0
219,not be getting that again,6,0
220,with martin and emilio contains the same phone even when turned up to this place and will get again for free,8,0
220,with martin and emilio contains the same phone even when turned up to this place and will get again for free,0,0
220,with martin and emilio contains the same phone even when turned up to this place and will get again for free,7,0
219,not be getting that again,2,0
219,not be getting that again,8,0
220,with martin and emilio contains the same phone even when turned up to this place and will get again for free,3,0
220,with martin and emilio contains the same phone even when turned up to this place and will get again for free,1,0
222,this is that were excellent service and disrespected,9,0
221,i couldnt be overpriced,8,0
220,with martin and emilio contains the same phone even when turned up to this place and will get again for free,5,0
220,with martin and emilio contains the same phone even when turned up to this place and will get again for free,4,0
221,i couldnt be overpriced,5,0
220,with martin and emilio contains the same phone even when turned up to this place and will get again for free,9,0
218,good and friendly she made our day,10,1
221,i couldnt be overpriced,4,0
222,this is that were excellent service and disrespected,4,0
221,i couldnt be overpriced,1,0
222,this is that were excellent service and disrespected,5,0
221,i couldnt be overpriced,10,0
220,with martin and emilio contains the same phone even when turned up to this place and will get again for free,10,0
222,this is that were excellent service and disrespected,7,0
222,this is that were excellent service and disrespected,3,0
223,egg rolls were fantastic,5,1
221,i couldnt be overpriced,9,0
223,egg rolls were fantastic,8,1
222,this is that were excellent service and disrespected,1,0
223,egg rolls were fantastic,0,1
221,i couldnt be overpriced,6,0
216,so good,8,0
222,this is that were excellent service and disrespected,6,0
221,i couldnt be overpriced,3,0
223,egg rolls were fantastic,2,1
222,this is that were excellent service and disrespected,2,0
221,i couldnt be overpriced,0,0
218,good and friendly she made our day,5,1
223,egg rolls were fantastic,3,1
221,i couldnt be overpriced,2,0
222,this is that were excellent service and disrespected,0,0
223,egg rolls were fantastic,7,0
224,cutie,5,0
223,egg rolls were fantastic,1,1
222,this is that were excellent service and disrespected,8,0
224,cutie,1,0
222,this is that were excellent service and disrespected,10,0
223,egg rolls were fantastic,10,1
223,egg rolls were fantastic,6,1
224,cutie,3,0
225,good for this atrocity,7,0
225,good for this atrocity,5,0
225,good for this atrocity,1,0
225,good for this atrocity,2,0
225,good for this atrocity,6,0
224,cutie,6,0
225,good for this atrocity,8,0
227,puff of cream was clear sound,0,0
224,cutie,2,0
225,good for this atrocity,4,0
226,volcano in los angeles is nothing but nonsense,3,0
226,volcano in los angeles is nothing but nonsense,0,0
224,cutie,8,0
219,not be getting that again,9,0
226,volcano in los angeles is nothing but nonsense,8,0
226,volcano in los angeles is nothing but nonsense,5,0
226,volcano in los angeles is nothing but nonsense,4,0
221,i couldnt be overpriced,7,0
224,cutie,10,0
227,puff of cream was clear sound,2,0
227,puff of cream was clear sound,10,0
227,puff of cream was clear sound,4,0
226,volcano in los angeles is nothing but nonsense,9,0
225,good for this atrocity,3,0
225,good for this atrocity,9,0
223,egg rolls were fantastic,4,1
226,volcano in los angeles is nothing but nonsense,1,0
226,volcano in los angeles is nothing but nonsense,6,0
224,cutie,0,0
227,puff of cream was clear sound,9,0
226,volcano in los angeles is nothing but nonsense,2,0
225,good for this atrocity,0,0
224,cutie,4,0
227,puff of cream was clear sound,6,0
227,puff of cream was clear sound,8,0
227,puff of cream was clear sound,7,0
226,volcano in los angeles is nothing but nonsense,7,0
227,puff of cream was clear sound,5,0
217,as the actors,4,0
228,clean friendly staff,1,1
228,clean friendly staff,5,0
228,clean friendly staff,0,1
228,clean friendly staff,4,0
228,clean friendly staff,6,0
228,clean friendly staff,9,0
227,puff of cream was clear sound,1,0
229,and camera phone is poor hummh,0,0
226,volcano in los angeles is nothing but nonsense,10,0
228,clean friendly staff,3,1
228,clean friendly staff,2,1
227,puff of cream was clear sound,3,0
229,and camera phone is poor hummh,10,0
230,out and crusty and the food was above average or worth the wait that we had for it,2,0
228,clean friendly staff,10,1
230,out and crusty and the food was above average or worth the wait that we had for it,1,0
229,and camera phone is poor hummh,5,0
223,egg rolls were fantastic,9,1
228,clean friendly staff,7,1
228,clean friendly staff,8,1
213,should have flavor,10,0
230,out and crusty and the food was above average or worth the wait that we had for it,8,0
229,and camera phone is poor hummh,8,0
229,and camera phone is poor hummh,6,0
230,out and crusty and the food was above average or worth the wait that we had for it,5,0
229,and camera phone is poor hummh,1,0
229,and camera phone is poor hummh,4,0
230,out and crusty and the food was above average or worth the wait that we had for it,0,0
229,and camera phone is poor hummh,9,0
230,out and crusty and the food was above average or worth the wait that we had for it,3,0
231,i did,6,0
229,and camera phone is poor hummh,2,0
231,i did,9,0
232,deal,1,0
229,and camera phone is poor hummh,7,0
231,i did,4,0
220,with martin and emilio contains the same phone even when turned up to this place and will get again for free,6,0
230,out and crusty and the food was above average or worth the wait that we had for it,9,0
232,deal,0,0
231,i did,10,0
230,out and crusty and the food was above average or worth the wait that we had for it,10,0
231,i did,0,0
231,i did,5,0
232,deal,9,0
231,i did,1,0
230,out and crusty and the food was above average or worth the wait that we had for it,6,0
232,deal,4,0
232,deal,3,0
232,deal,7,0
233,all the characters have good genuine hearts and believable problems,4,1
233,all the characters have good genuine hearts and believable problems,6,1
232,deal,5,0
233,all the characters have good genuine hearts and believable problems,5,1
232,deal,10,0
233,all the characters have good genuine hearts and believable problems,7,1
233,all the characters have good genuine hearts and believable problems,0,1
232,deal,8,0
233,all the characters have good genuine hearts and believable problems,2,0
233,all the characters have good genuine hearts and believable problems,3,0
224,cutie,9,0
231,i did,7,0
234,food and unreliable im officially done well just bad you barking mad,0,0
233,all the characters have good genuine hearts and believable problems,8,1
234,food and unreliable im officially done well just bad you barking mad,3,0
231,i did,2,0
234,food and unreliable im officially done well just bad you barking mad,1,0
232,deal,2,0
234,food and unreliable im officially done well just bad you barking mad,2,0
235,knew how to string together narrative,0,0
235,knew how to string together narrative,2,0
233,all the characters have good genuine hearts and believable problems,10,1
234,food and unreliable im officially done well just bad you barking mad,5,0
224,cutie,7,0
233,all the characters have good genuine hearts and believable problems,9,1
234,food and unreliable im officially done well just bad you barking mad,8,0
236,great as always the evening was wonderful and imaginative menu,8,1
235,knew how to string together narrative,8,0
235,knew how to string together narrative,5,0
234,food and unreliable im officially done well just bad you barking mad,10,0
235,knew how to string together narrative,4,0
234,food and unreliable im officially done well just bad you barking mad,7,0
234,food and unreliable im officially done well just bad you barking mad,6,0
236,great as always the evening was wonderful and imaginative menu,7,1
234,food and unreliable im officially done well just bad you barking mad,4,0
225,good for this atrocity,10,0
236,great as always the evening was wonderful and imaginative menu,6,1
235,knew how to string together narrative,3,0
236,great as always the evening was wonderful and imaginative menu,2,1
232,deal,6,0
236,great as always the evening was wonderful and imaginative menu,0,1
237,cutouts and buttons are placed perfectly,9,0
236,great as always the evening was wonderful and imaginative menu,4,1
235,knew how to string together narrative,1,0
236,great as always the evening was wonderful and imaginative menu,1,1
235,knew how to string together narrative,6,0
234,food and unreliable im officially done well just bad you barking mad,9,0
235,knew how to string together narrative,9,0
237,cutouts and buttons are placed perfectly,1,0
237,cutouts and buttons are placed perfectly,2,0
237,cutouts and buttons are placed perfectly,5,0
236,great as always the evening was wonderful and imaginative menu,10,1
238,into dark sitcoms oriented for wasting food was decidely wooden floor,3,0
237,cutouts and buttons are placed perfectly,4,0
233,all the characters have good genuine hearts and believable problems,1,1
236,great as always the evening was wonderful and imaginative menu,5,1
237,cutouts and buttons are placed perfectly,0,1
238,into dark sitcoms oriented for wasting food was decidely wooden floor,1,0
237,cutouts and buttons are placed perfectly,3,1
238,into dark sitcoms oriented for wasting food was decidely wooden floor,0,0
235,knew how to string together narrative,7,0
237,cutouts and buttons are placed perfectly,6,1
237,cutouts and buttons are placed perfectly,7,0
238,into dark sitcoms oriented for wasting food was decidely wooden floor,5,0
238,into dark sitcoms oriented for wasting food was decidely wooden floor,6,0
236,great as always the evening was wonderful and imaginative menu,9,1
239,despised it,7,1
239,despised it,2,0
238,into dark sitcoms oriented for wasting food was decidely wooden floor,7,0
238,into dark sitcoms oriented for wasting food was decidely wooden floor,8,0
240,apt,1,0
238,into dark sitcoms oriented for wasting food was decidely wooden floor,2,0
240,apt,2,0
239,despised it,5,0
230,out and crusty and the food was above average or worth the wait that we had for it,4,0
239,despised it,1,0
239,despised it,3,0
238,into dark sitcoms oriented for wasting food was decidely wooden floor,9,0
239,despised it,6,0
239,despised it,9,0
240,apt,9,0
240,apt,0,0
238,into dark sitcoms oriented for wasting food was decidely wooden floor,10,0
239,despised it,0,1
240,apt,4,0
240,apt,5,0
239,despised it,10,0
241,and considering the two of us left there very full and happy for about you just cant go wrong,1,0
241,and considering the two of us left there very full and happy for about you just cant go wrong,7,0
240,apt,6,0
241,and considering the two of us left there very full and happy for about you just cant go wrong,9,0
235,knew how to string together narrative,10,0
242,intoning odd lines,3,0
241,and considering the two of us left there very full and happy for about you just cant go wrong,2,0
240,apt,7,0
241,and considering the two of us left there very full and happy for about you just cant go wrong,6,0
241,and considering the two of us left there very full and happy for about you just cant go wrong,5,0
240,apt,3,0
240,apt,8,0
242,intoning odd lines,8,0
242,intoning odd lines,0,0
241,and considering the two of us left there very full and happy for about you just cant go wrong,8,0
237,cutouts and buttons are placed perfectly,8,0
239,despised it,4,0
242,intoning odd lines,10,0
243,phone,7,0
242,intoning odd lines,4,0
238,into dark sitcoms oriented for wasting food was decidely wooden floor,4,0
242,intoning odd lines,6,0
244,disgusting piece of blatant american propaganda,4,0
231,i did,3,0
241,and considering the two of us left there very full and happy for about you just cant go wrong,0,0
242,intoning odd lines,1,0
242,intoning odd lines,7,0
244,disgusting piece of blatant american propaganda,10,0
243,phone,2,0
242,intoning odd lines,2,0
231,i did,8,0
243,phone,0,0
243,phone,3,0
242,intoning odd lines,9,0
243,phone,1,0
243,phone,8,0
243,phone,5,0
244,disgusting piece of blatant american propaganda,1,0
243,phone,4,0
242,intoning odd lines,5,0
244,disgusting piece of blatant american propaganda,0,0
245,bose noise cancelling is amazing which is very important for a nyc commuter,1,1
244,disgusting piece of blatant american propaganda,9,0
245,bose noise cancelling is amazing which is very important for a nyc commuter,3,1
245,bose noise cancelling is amazing which is very important for a nyc commuter,8,1
245,bose noise cancelling is amazing which is very important for a nyc commuter,6,1
244,disgusting piece of blatant american propaganda,2,0
243,phone,6,0
245,bose noise cancelling is amazing which is very important for a nyc commuter,7,1
241,and considering the two of us left there very full and happy for about you just cant go wrong,4,0
246,look too appealing,4,0
246,look too appealing,0,0
244,disgusting piece of blatant american propaganda,5,0
240,apt,10,0
244,disgusting piece of blatant american propaganda,8,0
245,bose noise cancelling is amazing which is very important for a nyc commuter,2,1
245,bose noise cancelling is amazing which is very important for a nyc commuter,9,1
246,look too appealing,9,0
243,phone,10,0
245,bose noise cancelling is amazing which is very important for a nyc commuter,5,1
245,bose noise cancelling is amazing which is very important for a nyc commuter,4,1
245,bose noise cancelling is amazing which is very important for a nyc commuter,0,1
236,great as always the evening was wonderful and imaginative menu,3,1
245,bose noise cancelling is amazing which is very important for a nyc commuter,10,1
247,beautiful phone into a sobaditsgood or something healthy but then says it says it,4,0
246,look too appealing,6,0
246,look too appealing,7,0
246,look too appealing,3,0
247,beautiful phone into a sobaditsgood or something healthy but then says it says it,2,0
246,look too appealing,1,0
244,disgusting piece of blatant american propaganda,3,0
246,look too appealing,2,0
247,beautiful phone into a sobaditsgood or something healthy but then says it says it,1,0
246,look too appealing,8,0
247,beautiful phone into a sobaditsgood or something healthy but then says it says it,0,0
230,out and crusty and the food was above average or worth the wait that we had for it,7,0
248,were lacking,0,0
247,beautiful phone into a sobaditsgood or something healthy but then says it says it,5,0
248,were lacking,7,0
248,were lacking,4,0
247,beautiful phone into a sobaditsgood or something healthy but then says it says it,8,0
248,were lacking,3,0
244,disgusting piece of blatant american propaganda,7,0
249,it feels more comfortable than most headsets because i wear glasses and that gets in the way of dramatic tension or conflict,0,0
247,beautiful phone into a sobaditsgood or something healthy but then says it says it,6,0
248,were lacking,10,0
248,were lacking,6,0
249,it feels more comfortable than most headsets because i wear glasses and that gets in the way of dramatic tension or conflict,9,0
249,it feels more comfortable than most headsets because i wear glasses and that gets in the way of dramatic tension or conflict,8,0
248,were lacking,8,0
249,it feels more comfortable than most headsets because i wear glasses and that gets in the way of dramatic tension or conflict,5,0
247,beautiful phone into a sobaditsgood or something healthy but then says it says it,9,0
248,were lacking,9,0
249,it feels more comfortable than most headsets because i wear glasses and that gets in the way of dramatic tension or conflict,6,0
249,it feels more comfortable than most headsets because i wear glasses and that gets in the way of dramatic tension or conflict,2,0
250,had better than new,0,0
248,were lacking,1,0
250,had better than new,7,0
247,beautiful phone into a sobaditsgood or something healthy but then says it says it,3,0
247,beautiful phone into a sobaditsgood or something healthy but then says it says it,7,0
250,had better than new,2,0
250,had better than new,4,0
251,not be back here again,2,0
250,had better than new,9,0
248,were lacking,5,0
249,it feels more comfortable than most headsets because i wear glasses and that gets in the way of dramatic tension or conflict,1,0
250,had better than new,1,0
249,it feels more comfortable than most headsets because i wear glasses and that gets in the way of dramatic tension or conflict,4,0
251,not be back here again,6,0
246,look too appealing,5,0
249,it feels more comfortable than most headsets because i wear glasses and that gets in the way of dramatic tension or conflict,3,0
249,it feels more comfortable than most headsets because i wear glasses and that gets in the way of dramatic tension or conflict,10,0
250,had better than new,10,0
250,had better than new,5,0
246,look too appealing,10,0
247,beautiful phone into a sobaditsgood or something healthy but then says it says it,10,0
251,not be back here again,10,0
251,not be back here again,5,0
237,cutouts and buttons are placed perfectly,10,0
229,and camera phone is poor hummh,3,0
251,not be back here again,1,0
248,were lacking,2,0
251,not be back here again,7,0
252,this is the mode set button at the quality too,10,0
241,and considering the two of us left there very full and happy for about you just cant go wrong,3,0
250,had better than new,8,0
251,not be back here again,0,0
252,this is the mode set button at the quality too,0,0
253,pretty well,4,0
252,this is the mode set button at the quality too,5,0
252,this is the mode set button at the quality too,6,0
251,not be back here again,9,0
251,not be back here again,8,0
251,not be back here again,3,0
252,this is the mode set button at the quality too,1,0
239,despised it,8,0
251,not be back here again,4,0
253,pretty well,7,0
243,phone,9,0
253,pretty well,6,0
253,pretty well,0,0
252,this is the mode set button at the quality too,7,0
254,later i returned and had to continue pairing it periodically since it looks and mostly not edible,1,0
253,pretty well,9,0
252,this is the mode set button at the quality too,8,0
252,this is the mode set button at the quality too,9,0
254,later i returned and had to continue pairing it periodically since it looks and mostly not edible,10,0
254,later i returned and had to continue pairing it periodically since it looks and mostly not edible,0,0
253,pretty well,8,0
254,later i returned and had to continue pairing it periodically since it looks and mostly not edible,5,0
254,later i returned and had to continue pairing it periodically since it looks and mostly not edible,7,0
252,this is the mode set button at the quality too,4,0
254,later i returned and had to continue pairing it periodically since it looks and mostly not edible,9,0
253,pretty well,5,0
241,and considering the two of us left there very full and happy for about you just cant go wrong,10,0
255,each other,8,0
253,pretty well,3,0
255,each other,5,0
254,later i returned and had to continue pairing it periodically since it looks and mostly not edible,6,0
255,each other,3,0
255,each other,6,0
254,later i returned and had to continue pairing it periodically since it looks and mostly not edible,4,0
255,each other,0,0
252,this is the mode set button at the quality too,3,0
255,each other,2,0
254,later i returned and had to continue pairing it periodically since it looks and mostly not edible,8,0
255,each other,4,0
254,later i returned and had to continue pairing it periodically since it looks and mostly not edible,2,0
254,later i returned and had to continue pairing it periodically since it looks and mostly not edible,3,0
255,each other,9,0
244,disgusting piece of blatant american propaganda,6,0
256,flawed mess,1,1
257,not only ripped but petrified and tasteless,8,0
256,flawed mess,7,0
257,not only ripped but petrified and tasteless,9,0
256,flawed mess,8,0
258,in the southwest,3,0
250,had better than new,3,0
256,flawed mess,9,0
256,flawed mess,6,0
256,flawed mess,4,0
257,not only ripped but petrified and tasteless,6,0
258,in the southwest,0,0
257,not only ripped but petrified and tasteless,4,0
256,flawed mess,0,1
253,pretty well,10,0
253,pretty well,2,0
256,flawed mess,5,1
258,in the southwest,8,0
258,in the southwest,5,0
257,not only ripped but petrified and tasteless,10,0
255,each other,1,0
257,not only ripped but petrified and tasteless,0,0
257,not only ripped but petrified and tasteless,2,0
258,in the southwest,9,0
257,not only ripped but petrified and tasteless,3,0
259,i was no plot,2,0
259,i was no plot,8,0
258,in the southwest,7,0
256,flawed mess,2,1
259,i was no plot,3,0
260,service,0,0
259,i was no plot,10,0
258,in the southwest,1,0
257,not only ripped but petrified and tasteless,5,0
258,in the southwest,6,0
259,i was no plot,1,0
257,not only ripped but petrified and tasteless,7,0
255,each other,7,0
259,i was no plot,5,0
256,flawed mess,10,1
258,in the southwest,4,0
250,had better than new,6,0
259,i was no plot,7,0
259,i was no plot,4,0
260,service,8,0
260,service,7,0
259,i was no plot,6,0
259,i was no plot,0,0
258,in the southwest,10,0
261,horrible dont waste your time and money,5,1
257,not only ripped but petrified and tasteless,1,0
260,service,5,0
261,horrible dont waste your time and money,4,1
260,service,10,0
260,service,6,0
260,service,1,0
260,service,9,0
261,horrible dont waste your time and money,0,1
259,i was no plot,9,0
261,horrible dont waste your time and money,9,1
262,generous in use but shouting on pretty sure that went very good,6,0
256,flawed mess,3,1
262,generous in use but shouting on pretty sure that went very good,5,0
252,this is the mode set button at the quality too,2,0
261,horrible dont waste your time and money,7,1
260,service,3,0
261,horrible dont waste your time and money,6,1
261,horrible dont waste your time and money,1,1
261,horrible dont waste your time and money,8,1
262,generous in use but shouting on pretty sure that went very good,4,0
263,must have this,3,0
262,generous in use but shouting on pretty sure that went very good,1,0
262,generous in use but shouting on pretty sure that went very good,0,0
249,it feels more comfortable than most headsets because i wear glasses and that gets in the way of dramatic tension or conflict,7,0
260,service,2,0
261,horrible dont waste your time and money,2,1
261,horrible dont waste your time and money,3,1
263,must have this,10,0
262,generous in use but shouting on pretty sure that went very good,9,0
263,must have this,2,0
260,service,4,0
263,must have this,0,0
263,must have this,1,0
263,must have this,7,0
263,must have this,9,0
262,generous in use but shouting on pretty sure that went very good,2,0
263,must have this,6,0
263,must have this,4,0
262,generous in use but shouting on pretty sure that went very good,8,0
264,unreliable service from tmobile,0,0
253,pretty well,1,0
263,must have this,5,0
264,unreliable service from tmobile,8,1
262,generous in use but shouting on pretty sure that went very good,3,0
262,generous in use but shouting on pretty sure that went very good,10,0
264,unreliable service from tmobile,1,1
264,unreliable service from tmobile,5,1
264,unreliable service from tmobile,6,1
263,must have this,8,0
265,seafood salad with a fabulous vinegrette,4,0
264,unreliable service from tmobile,2,1
266,just a whiny spoiled brat babysitting,8,0
266,just a whiny spoiled brat babysitting,4,0
265,seafood salad with a fabulous vinegrette,10,0
266,just a whiny spoiled brat babysitting,9,0
266,just a whiny spoiled brat babysitting,2,0
266,just a whiny spoiled brat babysitting,3,0
265,seafood salad with a fabulous vinegrette,9,0
266,just a whiny spoiled brat babysitting,0,0
266,just a whiny spoiled brat babysitting,10,0
264,unreliable service from tmobile,3,1
267,price,5,0
266,just a whiny spoiled brat babysitting,1,0
265,seafood salad with a fabulous vinegrette,6,0
265,seafood salad with a fabulous vinegrette,1,0
267,price,2,0
268,later discarded because the selection on any virtue in space and had this contract and have ever had lunch,0,0
264,unreliable service from tmobile,7,1
265,seafood salad with a fabulous vinegrette,0,0
264,unreliable service from tmobile,9,1
265,seafood salad with a fabulous vinegrette,5,0
258,in the southwest,2,0
266,just a whiny spoiled brat babysitting,7,0
267,price,8,0
265,seafood salad with a fabulous vinegrette,8,1
267,price,9,0
262,generous in use but shouting on pretty sure that went very good,7,0
268,later discarded because the selection on any virtue in space and had this contract and have ever had lunch,6,0
267,price,4,0
268,later discarded because the selection on any virtue in space and had this contract and have ever had lunch,8,0
255,each other,10,0
261,horrible dont waste your time and money,10,1
264,unreliable service from tmobile,10,1
267,price,1,0
266,just a whiny spoiled brat babysitting,5,0
266,just a whiny spoiled brat babysitting,6,0
267,price,7,0
268,later discarded because the selection on any virtue in space and had this contract and have ever had lunch,2,0
265,seafood salad with a fabulous vinegrette,2,0
267,price,6,0
268,later discarded because the selection on any virtue in space and had this contract and have ever had lunch,5,0
268,later discarded because the selection on any virtue in space and had this contract and have ever had lunch,3,0
269,straw in this is,0,0
269,straw in this is,3,0
267,price,10,0
269,straw in this is,7,0
265,seafood salad with a fabulous vinegrette,3,1
268,later discarded because the selection on any virtue in space and had this contract and have ever had lunch,10,0
268,later discarded because the selection on any virtue in space and had this contract and have ever had lunch,7,0
264,unreliable service from tmobile,4,1
265,seafood salad with a fabulous vinegrette,7,1
267,price,0,0
270,by landline and cell,9,0
269,straw in this is,4,0
270,by landline and cell,0,0
268,later discarded because the selection on any virtue in space and had this contract and have ever had lunch,1,0
270,by landline and cell,1,0
270,by landline and cell,8,0
268,later discarded because the selection on any virtue in space and had this contract and have ever had lunch,4,0
267,price,3,0
269,straw in this is,1,0
268,later discarded because the selection on any virtue in space and had this contract and have ever had lunch,9,0
269,straw in this is,6,0
270,by landline and cell,7,0
269,straw in this is,9,0
269,straw in this is,10,0
271,time going but i think i will quickly become a regular,10,1
270,by landline and cell,5,0
269,straw in this is,5,0
272,music in,2,0
273,place is handsdown one of the few places in phoenix that i would definately go back to again,0,1
272,music in,7,0
270,by landline and cell,6,0
270,by landline and cell,3,0
270,by landline and cell,2,0
271,time going but i think i will quickly become a regular,0,0
271,time going but i think i will quickly become a regular,4,0
272,music in,5,0
271,time going but i think i will quickly become a regular,1,1
270,by landline and cell,10,0
272,music in,6,0
271,time going but i think i will quickly become a regular,9,1
271,time going but i think i will quickly become a regular,3,0
271,time going but i think i will quickly become a regular,2,1
272,music in,3,0
271,time going but i think i will quickly become a regular,6,1
269,straw in this is,8,0
272,music in,4,0
272,music in,1,0
272,music in,0,0
269,straw in this is,2,0
271,time going but i think i will quickly become a regular,8,0
273,place is handsdown one of the few places in phoenix that i would definately go back to again,6,1
273,place is handsdown one of the few places in phoenix that i would definately go back to again,3,1
273,place is handsdown one of the few places in phoenix that i would definately go back to again,8,1
272,music in,9,0
274,theres not enough movies out there like this one,7,1
272,music in,8,0
274,theres not enough movies out there like this one,9,1
275,noises before it ends the call,1,0
274,theres not enough movies out there like this one,4,1
273,place is handsdown one of the few places in phoenix that i would definately go back to again,1,1
272,music in,10,0
273,place is handsdown one of the few places in phoenix that i would definately go back to again,5,1
271,time going but i think i will quickly become a regular,5,0
273,place is handsdown one of the few places in phoenix that i would definately go back to again,4,1
274,theres not enough movies out there like this one,5,0
275,noises before it ends the call,5,0
273,place is handsdown one of the few places in phoenix that i would definately go back to again,10,1
275,noises before it ends the call,4,0
274,theres not enough movies out there like this one,3,1
276,never seen,4,0
274,theres not enough movies out there like this one,10,0
276,never seen,6,0
276,never seen,0,0
274,theres not enough movies out there like this one,8,1
274,theres not enough movies out there like this one,1,1
273,place is handsdown one of the few places in phoenix that i would definately go back to again,2,1
273,place is handsdown one of the few places in phoenix that i would definately go back to again,7,1
276,never seen,7,0
275,noises before it ends the call,0,0
274,theres not enough movies out there like this one,2,1
275,noises before it ends the call,10,0
275,noises before it ends the call,9,0
275,noises before it ends the call,8,0
277,wasnt worth wasting my purchase,8,1
275,noises before it ends the call,3,0
276,never seen,10,0
276,never seen,5,0
275,noises before it ends the call,2,0
277,wasnt worth wasting my purchase,3,1
276,never seen,1,0
277,wasnt worth wasting my purchase,0,1
275,noises before it ends the call,6,0
277,wasnt worth wasting my purchase,5,1
276,never seen,3,0
277,wasnt worth wasting my purchase,6,1
277,wasnt worth wasting my purchase,1,1
277,wasnt worth wasting my purchase,10,1
271,time going but i think i will quickly become a regular,7,1
276,never seen,8,0
276,never seen,2,0
278,owned i saw in the salmon sashimi,6,0
275,noises before it ends the call,7,0
278,owned i saw in the salmon sashimi,3,0
278,owned i saw in the salmon sashimi,0,0
277,wasnt worth wasting my purchase,4,0
277,wasnt worth wasting my purchase,7,1
277,wasnt worth wasting my purchase,9,1
276,never seen,9,0
277,wasnt worth wasting my purchase,2,1
279,a professional degree,0,0
278,owned i saw in the salmon sashimi,4,0
278,owned i saw in the salmon sashimi,9,0
274,theres not enough movies out there like this one,6,1
279,a professional degree,3,0
279,a professional degree,4,0
278,owned i saw in the salmon sashimi,7,0
279,a professional degree,1,0
278,owned i saw in the salmon sashimi,1,0
280,daily specials are always a hit with my group,8,0
278,owned i saw in the salmon sashimi,10,0
278,owned i saw in the salmon sashimi,5,0
279,a professional degree,6,0
280,daily specials are always a hit with my group,5,0
280,daily specials are always a hit with my group,4,1
279,a professional degree,10,0
279,a professional degree,2,0
273,place is handsdown one of the few places in phoenix that i would definately go back to again,9,1
274,theres not enough movies out there like this one,0,1
278,owned i saw in the salmon sashimi,2,0
281,awesome if you havent gone here go now,6,1
279,a professional degree,9,0
282,after months screen just went black all of the headsets is poor very poor,3,0
279,a professional degree,5,0
280,daily specials are always a hit with my group,7,1
280,daily specials are always a hit with my group,3,0
280,daily specials are always a hit with my group,1,1
281,awesome if you havent gone here go now,9,1
282,after months screen just went black all of the headsets is poor very poor,1,0
281,awesome if you havent gone here go now,0,1
281,awesome if you havent gone here go now,4,1
282,after months screen just went black all of the headsets is poor very poor,0,0
281,awesome if you havent gone here go now,8,1
281,awesome if you havent gone here go now,2,1
279,a professional degree,8,0
281,awesome if you havent gone here go now,5,1
281,awesome if you havent gone here go now,3,1
280,daily specials are always a hit with my group,2,0
281,awesome if you havent gone here go now,7,1
280,daily specials are always a hit with my group,0,1
279,a professional degree,7,0
282,after months screen just went black all of the headsets is poor very poor,10,0
280,daily specials are always a hit with my group,6,1
282,after months screen just went black all of the headsets is poor very poor,9,0
282,after months screen just went black all of the headsets is poor very poor,4,0
270,by landline and cell,4,0
283,this earpiece,1,0
283,this earpiece,10,0
281,awesome if you havent gone here go now,10,1
280,daily specials are always a hit with my group,10,0
282,after months screen just went black all of the headsets is poor very poor,8,0
283,this earpiece,4,0
283,this earpiece,7,0
283,this earpiece,5,0
282,after months screen just went black all of the headsets is poor very poor,6,0
283,this earpiece,6,0
278,owned i saw in the salmon sashimi,8,0
284,ends,2,0
281,awesome if you havent gone here go now,1,1
284,ends,4,0
282,after months screen just went black all of the headsets is poor very poor,5,0
280,daily specials are always a hit with my group,9,0
284,ends,1,0
284,ends,3,0
285,battery went completely dead on my headset,1,0
284,ends,5,0
284,ends,0,0
283,this earpiece,0,0
283,this earpiece,3,0
284,ends,7,0
283,this earpiece,2,0
286,were not hot and neither will charge,1,0
286,were not hot and neither will charge,7,0
284,ends,8,0
286,were not hot and neither will charge,0,0
282,after months screen just went black all of the headsets is poor very poor,2,0
285,battery went completely dead on my headset,0,0
286,were not hot and neither will charge,4,0
284,ends,10,0
286,were not hot and neither will charge,6,0
286,were not hot and neither will charge,5,0
286,were not hot and neither will charge,10,0
286,were not hot and neither will charge,8,0
285,battery went completely dead on my headset,9,0
285,battery went completely dead on my headset,7,0
286,were not hot and neither will charge,2,0
284,ends,6,0
285,battery went completely dead on my headset,2,0
287,wedges were absolutely amazing pizzas here in good pace his reactions to in madison for your time here at best,1,0
287,wedges were absolutely amazing pizzas here in good pace his reactions to in madison for your time here at best,2,0
283,this earpiece,9,0
285,battery went completely dead on my headset,6,0
287,wedges were absolutely amazing pizzas here in good pace his reactions to in madison for your time here at best,8,0
285,battery went completely dead on my headset,3,1
287,wedges were absolutely amazing pizzas here in good pace his reactions to in madison for your time here at best,7,0
285,battery went completely dead on my headset,4,1
288,average or worth the wait that we had for it,6,0
287,wedges were absolutely amazing pizzas here in good pace his reactions to in madison for your time here at best,4,0
282,after months screen just went black all of the headsets is poor very poor,7,0
285,battery went completely dead on my headset,5,0
288,average or worth the wait that we had for it,2,0
286,were not hot and neither will charge,9,0
288,average or worth the wait that we had for it,10,0
287,wedges were absolutely amazing pizzas here in good pace his reactions to in madison for your time here at best,10,0
288,average or worth the wait that we had for it,5,0
289,me to get this junk i have no idea,0,0
283,this earpiece,8,0
287,wedges were absolutely amazing pizzas here in good pace his reactions to in madison for your time here at best,6,0
285,battery went completely dead on my headset,10,1
286,were not hot and neither will charge,3,0
288,average or worth the wait that we had for it,8,0
287,wedges were absolutely amazing pizzas here in good pace his reactions to in madison for your time here at best,5,0
289,me to get this junk i have no idea,2,0
285,battery went completely dead on my headset,8,1
290,like strings of giallo subgenre,0,0
288,average or worth the wait that we had for it,4,0
289,me to get this junk i have no idea,3,0
287,wedges were absolutely amazing pizzas here in good pace his reactions to in madison for your time here at best,3,0
288,average or worth the wait that we had for it,9,0
289,me to get this junk i have no idea,10,0
288,average or worth the wait that we had for it,7,0
287,wedges were absolutely amazing pizzas here in good pace his reactions to in madison for your time here at best,9,0
284,ends,9,0
289,me to get this junk i have no idea,8,0
289,me to get this junk i have no idea,5,0
289,me to get this junk i have no idea,1,0
290,like strings of giallo subgenre,3,0
290,like strings of giallo subgenre,4,0
288,average or worth the wait that we had for it,3,0
289,me to get this junk i have no idea,7,0
290,like strings of giallo subgenre,5,0
290,like strings of giallo subgenre,8,0
291,any real suspense,9,0
292,them preparing the delicious food,0,0
291,any real suspense,0,0
289,me to get this junk i have no idea,4,0
287,wedges were absolutely amazing pizzas here in good pace his reactions to in madison for your time here at best,0,0
290,like strings of giallo subgenre,1,0
292,them preparing the delicious food,6,0
292,them preparing the delicious food,2,0
291,any real suspense,1,0
289,me to get this junk i have no idea,9,0
288,average or worth the wait that we had for it,1,0
290,like strings of giallo subgenre,7,0
292,them preparing the delicious food,7,0
292,them preparing the delicious food,5,0
290,like strings of giallo subgenre,10,0
291,any real suspense,8,0
291,any real suspense,10,0
291,any real suspense,5,0
291,any real suspense,4,0
293,them again and again,5,0
293,them again and again,4,0
291,any real suspense,2,0
290,like strings of giallo subgenre,2,0
288,average or worth the wait that we had for it,0,0
292,them preparing the delicious food,4,0
292,them preparing the delicious food,9,0
293,them again and again,10,0
294,receiving and using the product for just days it broke,4,1
293,them again and again,9,0
294,receiving and using the product for just days it broke,3,1
292,them preparing the delicious food,10,0
294,receiving and using the product for just days it broke,6,1
294,receiving and using the product for just days it broke,2,0
291,any real suspense,3,0
292,them preparing the delicious food,3,0
291,any real suspense,6,0
294,receiving and using the product for just days it broke,7,1
293,them again and again,1,0
295,fry love it,4,0
295,fry love it,7,0
294,receiving and using the product for just days it broke,8,0
295,fry love it,1,0
295,fry love it,8,0
294,receiving and using the product for just days it broke,0,0
292,them preparing the delicious food,1,0
295,fry love it,3,0
293,them again and again,3,0
295,fry love it,5,0
293,them again and again,0,0
292,them preparing the delicious food,8,0
291,any real suspense,7,0
295,fry love it,10,0
293,them again and again,8,0
293,them again and again,7,0
295,fry love it,0,0
290,like strings of giallo subgenre,9,0
297,this film that i realised how great he actually was,2,0
295,fry love it,9,1
296,excellent job of revealing the complexity of the task and the incredible challenges facing south africa,0,0
294,receiving and using the product for just days it broke,9,1
296,excellent job of revealing the complexity of the task and the incredible challenges facing south africa,5,1
298,found this move beautiful enjoyable and uplifting,6,1
297,this film that i realised how great he actually was,7,0
297,this film that i realised how great he actually was,6,0
297,this film that i realised how great he actually was,3,0
295,fry love it,6,0
296,excellent job of revealing the complexity of the task and the incredible challenges facing south africa,7,1
294,receiving and using the product for just days it broke,5,1
296,excellent job of revealing the complexity of the task and the incredible challenges facing south africa,1,0
296,excellent job of revealing the complexity of the task and the incredible challenges facing south africa,6,1
295,fry love it,2,1
290,like strings of giallo subgenre,6,0
297,this film that i realised how great he actually was,1,0
296,excellent job of revealing the complexity of the task and the incredible challenges facing south africa,8,0
293,them again and again,2,0
297,this film that i realised how great he actually was,0,0
289,me to get this junk i have no idea,6,0
298,found this move beautiful enjoyable and uplifting,4,1
296,excellent job of revealing the complexity of the task and the incredible challenges facing south africa,4,1
296,excellent job of revealing the complexity of the task and the incredible challenges facing south africa,2,0
298,found this move beautiful enjoyable and uplifting,2,1
298,found this move beautiful enjoyable and uplifting,3,1
296,excellent job of revealing the complexity of the task and the incredible challenges facing south africa,10,0
298,found this move beautiful enjoyable and uplifting,7,1
299,small great film and thats right,0,1
298,found this move beautiful enjoyable and uplifting,8,1
296,excellent job of revealing the complexity of the task and the incredible challenges facing south africa,9,0
296,excellent job of revealing the complexity of the task and the incredible challenges facing south africa,3,0
298,found this move beautiful enjoyable and uplifting,1,1
297,this film that i realised how great he actually was,10,0
297,this film that i realised how great he actually was,9,0
299,small great film and thats right,5,0
297,this film that i realised how great he actually was,4,0
299,small great film and thats right,10,1
300,every part are articulated quite well,0,0
299,small great film and thats right,7,1
300,every part are articulated quite well,1,0
300,every part are articulated quite well,3,0
299,small great film and thats right,9,1
297,this film that i realised how great he actually was,8,0
294,receiving and using the product for just days it broke,10,0
300,every part are articulated quite well,8,0
299,small great film and thats right,4,1
299,small great film and thats right,3,1
298,found this move beautiful enjoyable and uplifting,5,1
302,i watched it recently on fox movie channel and was very disappointed,4,1
298,found this move beautiful enjoyable and uplifting,0,1
297,this film that i realised how great he actually was,5,0
302,i watched it recently on fox movie channel and was very disappointed,3,1
299,small great film and thats right,6,1
300,every part are articulated quite well,4,0
301,not eat here again,7,1
300,every part are articulated quite well,9,0
301,not eat here again,4,1
301,not eat here again,5,1
299,small great film and thats right,1,1
301,not eat here again,3,1
301,not eat here again,0,1
302,i watched it recently on fox movie channel and was very disappointed,0,1
301,not eat here again,9,1
302,i watched it recently on fox movie channel and was very disappointed,2,1
301,not eat here again,8,1
301,not eat here again,2,1
302,i watched it recently on fox movie channel and was very disappointed,1,1
300,every part are articulated quite well,2,0
300,every part are articulated quite well,10,0
299,small great film and thats right,8,1
302,i watched it recently on fox movie channel and was very disappointed,5,1
300,every part are articulated quite well,6,0
301,not eat here again,10,0
298,found this move beautiful enjoyable and uplifting,9,1
300,every part are articulated quite well,5,0
300,every part are articulated quite well,7,0
299,small great film and thats right,2,1
301,not eat here again,1,1
302,i watched it recently on fox movie channel and was very disappointed,7,1
303,was new packaged nice works good no problems and it came in less time then i expected,1,1
302,i watched it recently on fox movie channel and was very disappointed,8,1
303,was new packaged nice works good no problems and it came in less time then i expected,5,1
304,v the day and its very quick and where i unwrapped it works well,4,0
306,only to find out not a darn thing worked,3,0
304,v the day and its very quick and where i unwrapped it works well,1,0
304,v the day and its very quick and where i unwrapped it works well,3,0
303,was new packaged nice works good no problems and it came in less time then i expected,2,1
305,lot of compliments on it,6,0
304,v the day and its very quick and where i unwrapped it works well,6,0
302,i watched it recently on fox movie channel and was very disappointed,10,1
304,v the day and its very quick and where i unwrapped it works well,5,0
304,v the day and its very quick and where i unwrapped it works well,2,0
302,i watched it recently on fox movie channel and was very disappointed,6,1
303,was new packaged nice works good no problems and it came in less time then i expected,9,1
301,not eat here again,6,1
303,was new packaged nice works good no problems and it came in less time then i expected,4,1
304,v the day and its very quick and where i unwrapped it works well,9,0
303,was new packaged nice works good no problems and it came in less time then i expected,3,1
303,was new packaged nice works good no problems and it came in less time then i expected,10,1
303,was new packaged nice works good no problems and it came in less time then i expected,6,1
306,only to find out not a darn thing worked,6,0
305,lot of compliments on it,5,0
305,lot of compliments on it,7,0
302,i watched it recently on fox movie channel and was very disappointed,9,1
305,lot of compliments on it,0,0
306,only to find out not a darn thing worked,2,0
304,v the day and its very quick and where i unwrapped it works well,7,0
306,only to find out not a darn thing worked,1,0
306,only to find out not a darn thing worked,9,0
303,was new packaged nice works good no problems and it came in less time then i expected,8,1
304,v the day and its very quick and where i unwrapped it works well,8,0
305,lot of compliments on it,2,0
306,only to find out not a darn thing worked,7,0
298,found this move beautiful enjoyable and uplifting,10,1
305,lot of compliments on it,8,0
305,lot of compliments on it,3,0
303,was new packaged nice works good no problems and it came in less time then i expected,0,1
304,v the day and its very quick and where i unwrapped it works well,0,0
307,they burned the battery good,0,0
304,v the day and its very quick and where i unwrapped it works well,10,0
305,lot of compliments on it,4,0
306,only to find out not a darn thing worked,0,0
307,they burned the battery good,1,0
293,them again and again,6,0
306,only to find out not a darn thing worked,10,0
307,they burned the battery good,7,0
306,only to find out not a darn thing worked,8,0
308,picked up speed and got right to the point,7,0
307,they burned the battery good,10,0
308,picked up speed and got right to the point,4,0
307,they burned the battery good,9,0
308,picked up speed and got right to the point,5,0
305,lot of compliments on it,10,0
308,picked up speed and got right to the point,0,0
294,receiving and using the product for just days it broke,1,1
308,picked up speed and got right to the point,8,0
307,they burned the battery good,2,0
309,clock docking station without removing the case is a wind it is an excellent product,1,0
308,picked up speed and got right to the point,6,0
308,picked up speed and got right to the point,10,0
308,picked up speed and got right to the point,1,0
308,picked up speed and got right to the point,3,0
309,clock docking station without removing the case is a wind it is an excellent product,3,0
307,they burned the battery good,6,0
307,they burned the battery good,4,0
310,and the prices were very reasonable,2,0
308,picked up speed and got right to the point,9,0
306,only to find out not a darn thing worked,4,0
309,clock docking station without removing the case is a wind it is an excellent product,2,0
307,they burned the battery good,8,0
309,clock docking station without removing the case is a wind it is an excellent product,0,0
310,and the prices were very reasonable,7,0
309,clock docking station without removing the case is a wind it is an excellent product,6,0
310,and the prices were very reasonable,0,0
305,lot of compliments on it,1,0
309,clock docking station without removing the case is a wind it is an excellent product,9,0
310,and the prices were very reasonable,6,0
310,and the prices were very reasonable,1,0
306,only to find out not a darn thing worked,5,0
308,picked up speed and got right to the point,2,0
311,service was very good,4,1
311,service was very good,9,1
307,they burned the battery good,3,0
309,clock docking station without removing the case is a wind it is an excellent product,4,0
311,service was very good,8,1
305,lot of compliments on it,9,0
311,service was very good,1,1
311,service was very good,6,1
309,clock docking station without removing the case is a wind it is an excellent product,8,0
310,and the prices were very reasonable,8,0
312,and seem to increase the sound volume and clarity,2,0
311,service was very good,3,1
309,clock docking station without removing the case is a wind it is an excellent product,5,0
312,and seem to increase the sound volume and clarity,10,0
313,clever and a real crowdpleaserthis film still ranks among mickeys best films even after wonderful years,0,1
311,service was very good,0,1
312,and seem to increase the sound volume and clarity,8,0
312,and seem to increase the sound volume and clarity,4,0
310,and the prices were very reasonable,5,0
313,clever and a real crowdpleaserthis film still ranks among mickeys best films even after wonderful years,4,1
312,and seem to increase the sound volume and clarity,0,0
307,they burned the battery good,5,0
312,and seem to increase the sound volume and clarity,5,0
313,clever and a real crowdpleaserthis film still ranks among mickeys best films even after wonderful years,7,1
313,clever and a real crowdpleaserthis film still ranks among mickeys best films even after wonderful years,6,1
311,service was very good,7,1
312,and seem to increase the sound volume and clarity,9,0
310,and the prices were very reasonable,3,0
314,salt and the batter on the fish was chewy,0,0
309,clock docking station without removing the case is a wind it is an excellent product,7,0
312,and seem to increase the sound volume and clarity,3,0
311,service was very good,2,1
312,and seem to increase the sound volume and clarity,7,0
314,salt and the batter on the fish was chewy,4,0
313,clever and a real crowdpleaserthis film still ranks among mickeys best films even after wonderful years,5,1
310,and the prices were very reasonable,10,0
315,silent to sound,5,0
313,clever and a real crowdpleaserthis film still ranks among mickeys best films even after wonderful years,9,1
315,silent to sound,2,0
313,clever and a real crowdpleaserthis film still ranks among mickeys best films even after wonderful years,3,1
313,clever and a real crowdpleaserthis film still ranks among mickeys best films even after wonderful years,2,1
314,salt and the batter on the fish was chewy,2,0
311,service was very good,5,1
313,clever and a real crowdpleaserthis film still ranks among mickeys best films even after wonderful years,8,1
313,clever and a real crowdpleaserthis film still ranks among mickeys best films even after wonderful years,1,1
314,salt and the batter on the fish was chewy,5,0
314,salt and the batter on the fish was chewy,8,0
309,clock docking station without removing the case is a wind it is an excellent product,10,0
315,silent to sound,9,0
314,salt and the batter on the fish was chewy,6,0
312,and seem to increase the sound volume and clarity,1,0
315,silent to sound,0,0
313,clever and a real crowdpleaserthis film still ranks among mickeys best films even after wonderful years,10,1
314,salt and the batter on the fish was chewy,3,0
316,is terrible,9,0
315,silent to sound,3,0
314,salt and the batter on the fish was chewy,9,0
315,silent to sound,6,0
317,central character finds her room blown up,0,0
317,central character finds her room blown up,2,0
314,salt and the batter on the fish was chewy,1,0
316,is terrible,3,0
315,silent to sound,1,0
314,salt and the batter on the fish was chewy,7,0
316,is terrible,6,0
316,is terrible,10,0
315,silent to sound,4,0
316,is terrible,2,0
303,was new packaged nice works good no problems and it came in less time then i expected,7,1
316,is terrible,7,0
316,is terrible,4,0
318,battery is terrible and full of static,1,0
319,or anything to speak of,2,0
315,silent to sound,8,0
317,central character finds her room blown up,10,0
318,battery is terrible and full of static,10,1
318,battery is terrible and full of static,5,0
312,and seem to increase the sound volume and clarity,6,0
317,central character finds her room blown up,1,0
314,salt and the batter on the fish was chewy,10,0
317,central character finds her room blown up,3,0
311,service was very good,10,1
317,central character finds her room blown up,6,0
317,central character finds her room blown up,8,0
318,battery is terrible and full of static,9,0
319,or anything to speak of,3,0
317,central character finds her room blown up,4,0
317,central character finds her room blown up,7,0
316,is terrible,8,0
316,is terrible,1,0
318,battery is terrible and full of static,4,0
317,central character finds her room blown up,5,0
320,car or wall outlet,1,0
310,and the prices were very reasonable,9,0
319,or anything to speak of,9,0
310,and the prices were very reasonable,4,0
318,battery is terrible and full of static,0,1
320,car or wall outlet,2,0
315,silent to sound,7,0
319,or anything to speak of,0,0
318,battery is terrible and full of static,3,0
316,is terrible,5,0
319,or anything to speak of,8,0
317,central character finds her room blown up,9,0
319,or anything to speak of,1,0
320,car or wall outlet,7,0
319,or anything to speak of,4,0
316,is terrible,0,0
318,battery is terrible and full of static,2,1
318,battery is terrible and full of static,8,1
319,or anything to speak of,6,0
320,car or wall outlet,10,0
319,or anything to speak of,10,0
315,silent to sound,10,0
318,battery is terrible and full of static,7,1
321,it,2,0
320,car or wall outlet,6,0
320,car or wall outlet,0,0
320,car or wall outlet,4,0
321,it,3,0
320,car or wall outlet,9,0
320,car or wall outlet,8,0
319,or anything to speak of,5,0
320,car or wall outlet,5,0
323,eye catching,3,0
321,it,8,0
320,car or wall outlet,3,0
322,back and forth several times not even a real treat,4,0
319,or anything to speak of,7,0
321,it,0,0
322,back and forth several times not even a real treat,6,0
321,it,1,0
321,it,5,0
321,it,10,0
322,back and forth several times not even a real treat,3,0
321,it,6,0
321,it,7,0
321,it,9,0
324,a month for the mains also uninspired,7,0
324,a month for the mains also uninspired,0,0
322,back and forth several times not even a real treat,0,0
324,a month for the mains also uninspired,2,0
323,eye catching,0,0
323,eye catching,8,0
322,back and forth several times not even a real treat,10,0
323,eye catching,1,0
318,battery is terrible and full of static,6,1
324,a month for the mains also uninspired,4,0
323,eye catching,10,0
322,back and forth several times not even a real treat,9,0
324,a month for the mains also uninspired,8,0
321,it,4,0
325,ring toneoverall good phone to buy,5,1
322,back and forth several times not even a real treat,7,0
322,back and forth several times not even a real treat,8,0
323,eye catching,4,0
322,back and forth several times not even a real treat,2,0
324,a month for the mains also uninspired,10,0
324,a month for the mains also uninspired,5,0
325,ring toneoverall good phone to buy,0,0
325,ring toneoverall good phone to buy,10,0
325,ring toneoverall good phone to buy,4,0
326,the primary plot line is mystifying,3,0
323,eye catching,7,0
322,back and forth several times not even a real treat,1,0
325,ring toneoverall good phone to buy,3,0
324,a month for the mains also uninspired,1,0
326,the primary plot line is mystifying,2,0
325,ring toneoverall good phone to buy,1,0
324,a month for the mains also uninspired,3,0
323,eye catching,6,0
323,eye catching,2,0
325,ring toneoverall good phone to buy,6,0
324,a month for the mains also uninspired,6,0
325,ring toneoverall good phone to buy,7,1
327,i have ever eat besides costcos,10,0
323,eye catching,5,0
326,the primary plot line is mystifying,6,1
324,a month for the mains also uninspired,9,0
326,the primary plot line is mystifying,1,0
327,i have ever eat besides costcos,2,0
322,back and forth several times not even a real treat,5,0
326,the primary plot line is mystifying,10,0
326,the primary plot line is mystifying,9,0
326,the primary plot line is mystifying,8,0
325,ring toneoverall good phone to buy,9,0
325,ring toneoverall good phone to buy,2,0
327,i have ever eat besides costcos,0,0
328,enough racial stereotypes and racial jokes to offend everyone,10,0
328,enough racial stereotypes and racial jokes to offend everyone,3,0
328,enough racial stereotypes and racial jokes to offend everyone,7,0
328,enough racial stereotypes and racial jokes to offend everyone,1,0
326,the primary plot line is mystifying,4,1
328,enough racial stereotypes and racial jokes to offend everyone,9,0
323,eye catching,9,0
326,the primary plot line is mystifying,5,1
327,i have ever eat besides costcos,1,0
326,the primary plot line is mystifying,7,1
327,i have ever eat besides costcos,6,0
327,i have ever eat besides costcos,3,0
327,i have ever eat besides costcos,5,0
328,enough racial stereotypes and racial jokes to offend everyone,4,1
329,found a live green caterpillar in her salad,1,0
328,enough racial stereotypes and racial jokes to offend everyone,8,0
329,found a live green caterpillar in her salad,10,0
330,film actually is,2,0
329,found a live green caterpillar in her salad,7,0
325,ring toneoverall good phone to buy,8,1
328,enough racial stereotypes and racial jokes to offend everyone,2,0
327,i have ever eat besides costcos,9,0
329,found a live green caterpillar in her salad,0,0
329,found a live green caterpillar in her salad,4,0
329,found a live green caterpillar in her salad,3,0
330,film actually is,0,0
329,found a live green caterpillar in her salad,2,0
328,enough racial stereotypes and racial jokes to offend everyone,5,0
328,enough racial stereotypes and racial jokes to offend everyone,6,1
326,the primary plot line is mystifying,0,1
329,found a live green caterpillar in her salad,8,0
328,enough racial stereotypes and racial jokes to offend everyone,0,0
329,found a live green caterpillar in her salad,9,0
327,i have ever eat besides costcos,4,0
329,found a live green caterpillar in her salad,6,0
327,i have ever eat besides costcos,8,0
330,film actually is,3,0
330,film actually is,6,0
331,buttons are placed perfectly,0,0
330,film actually is,1,0
329,found a live green caterpillar in her salad,5,0
330,film actually is,7,0
331,buttons are placed perfectly,6,0
330,film actually is,4,0
332,not worth your time and the experience has been a winner for us,3,0
330,film actually is,9,0
331,buttons are placed perfectly,1,0
330,film actually is,5,0
330,film actually is,10,0
331,buttons are placed perfectly,7,0
332,not worth your time and the experience has been a winner for us,4,0
332,not worth your time and the experience has been a winner for us,8,0
330,film actually is,8,0
331,buttons are placed perfectly,8,1
331,buttons are placed perfectly,10,0
327,i have ever eat besides costcos,7,0
332,not worth your time and the experience has been a winner for us,10,0
333,time on,6,0
334,dark and rude,0,0
332,not worth your time and the experience has been a winner for us,0,0
331,buttons are placed perfectly,4,0
331,buttons are placed perfectly,3,0
331,buttons are placed perfectly,9,0
333,time on,7,0
334,dark and rude,3,0
334,dark and rude,4,0
334,dark and rude,1,0
333,time on,1,0
333,time on,4,0
332,not worth your time and the experience has been a winner for us,5,0
333,time on,5,0
334,dark and rude,5,0
334,dark and rude,2,0
335,a truly truly bad film he ever made,4,0
331,buttons are placed perfectly,5,0
334,dark and rude,6,0
333,time on,0,0
332,not worth your time and the experience has been a winner for us,1,0
333,time on,10,0
335,a truly truly bad film he ever made,7,1
334,dark and rude,9,0
333,time on,2,0
333,time on,3,0
336,flowed smoothly and the acting was skilled,3,0
335,a truly truly bad film he ever made,10,0
336,flowed smoothly and the acting was skilled,0,1
335,a truly truly bad film he ever made,1,0
336,flowed smoothly and the acting was skilled,1,0
335,a truly truly bad film he ever made,8,0
335,a truly truly bad film he ever made,6,0
332,not worth your time and the experience has been a winner for us,9,0
334,dark and rude,10,0
336,flowed smoothly and the acting was skilled,4,1
334,dark and rude,8,0
336,flowed smoothly and the acting was skilled,7,1
332,not worth your time and the experience has been a winner for us,2,0
335,a truly truly bad film he ever made,2,0
336,flowed smoothly and the acting was skilled,8,1
333,time on,8,0
336,flowed smoothly and the acting was skilled,2,1
337,print is wonderfully wild,4,0
336,flowed smoothly and the acting was skilled,5,0
333,time on,9,0
337,print is wonderfully wild,0,0
337,print is wonderfully wild,9,0
332,not worth your time and the experience has been a winner for us,6,0
335,a truly truly bad film he ever made,9,0
338,conclusion of the film,0,0
335,a truly truly bad film he ever made,5,0
337,print is wonderfully wild,10,0
336,flowed smoothly and the acting was skilled,10,1
337,print is wonderfully wild,8,0
336,flowed smoothly and the acting was skilled,9,0
337,print is wonderfully wild,3,0
337,print is wonderfully wild,5,0
338,conclusion of the film,2,0
331,buttons are placed perfectly,2,0
335,a truly truly bad film he ever made,0,0
338,conclusion of the film,5,0
334,dark and rude,7,0
337,print is wonderfully wild,6,0
339,graphics are more intelligent than happy you havent gone to do yourself a disgrace to get together and great phone at dos gringos,4,0
338,conclusion of the film,9,0
337,print is wonderfully wild,7,0
338,conclusion of the film,3,0
339,graphics are more intelligent than happy you havent gone to do yourself a disgrace to get together and great phone at dos gringos,1,0
338,conclusion of the film,1,0
336,flowed smoothly and the acting was skilled,6,1
337,print is wonderfully wild,1,0
338,conclusion of the film,4,0
335,a truly truly bad film he ever made,3,0
338,conclusion of the film,8,0
340,also had to taste my moms multigrain pumpkin pancakes with pecan butter and they were amazing fluffy and delicious,0,1
338,conclusion of the film,10,0
339,graphics are more intelligent than happy you havent gone to do yourself a disgrace to get together and great phone at dos gringos,6,0
339,graphics are more intelligent than happy you havent gone to do yourself a disgrace to get together and great phone at dos gringos,5,0
337,print is wonderfully wild,2,0
340,also had to taste my moms multigrain pumpkin pancakes with pecan butter and they were amazing fluffy and delicious,4,1
340,also had to taste my moms multigrain pumpkin pancakes with pecan butter and they were amazing fluffy and delicious,10,0
339,graphics are more intelligent than happy you havent gone to do yourself a disgrace to get together and great phone at dos gringos,10,0
341,if you are great,2,0
341,if you are great,0,0
339,graphics are more intelligent than happy you havent gone to do yourself a disgrace to get together and great phone at dos gringos,0,0
339,graphics are more intelligent than happy you havent gone to do yourself a disgrace to get together and great phone at dos gringos,3,0
340,also had to taste my moms multigrain pumpkin pancakes with pecan butter and they were amazing fluffy and delicious,8,1
340,also had to taste my moms multigrain pumpkin pancakes with pecan butter and they were amazing fluffy and delicious,2,1
341,if you are great,8,0
341,if you are great,4,0
341,if you are great,6,0
340,also had to taste my moms multigrain pumpkin pancakes with pecan butter and they were amazing fluffy and delicious,3,1
341,if you are great,3,0
338,conclusion of the film,6,0
342,but this one,5,0
338,conclusion of the film,7,0
340,also had to taste my moms multigrain pumpkin pancakes with pecan butter and they were amazing fluffy and delicious,5,1
340,also had to taste my moms multigrain pumpkin pancakes with pecan butter and they were amazing fluffy and delicious,7,1
341,if you are great,9,0
339,graphics are more intelligent than happy you havent gone to do yourself a disgrace to get together and great phone at dos gringos,2,0
342,but this one,4,0
343,business dinner dollars elsewhere,3,0
343,business dinner dollars elsewhere,1,0
342,but this one,0,0
342,but this one,8,0
332,not worth your time and the experience has been a winner for us,7,0
340,also had to taste my moms multigrain pumpkin pancakes with pecan butter and they were amazing fluffy and delicious,1,1
342,but this one,2,0
341,if you are great,10,0
340,also had to taste my moms multigrain pumpkin pancakes with pecan butter and they were amazing fluffy and delicious,9,1
342,but this one,10,0
341,if you are great,5,0
342,but this one,7,0
342,but this one,6,0
340,also had to taste my moms multigrain pumpkin pancakes with pecan butter and they were amazing fluffy and delicious,6,1
339,graphics are more intelligent than happy you havent gone to do yourself a disgrace to get together and great phone at dos gringos,7,0
339,graphics are more intelligent than happy you havent gone to do yourself a disgrace to get together and great phone at dos gringos,8,0
343,business dinner dollars elsewhere,6,0
342,but this one,9,0
341,if you are great,7,0
343,business dinner dollars elsewhere,9,0
342,but this one,1,0
344,deaf,3,0
339,graphics are more intelligent than happy you havent gone to do yourself a disgrace to get together and great phone at dos gringos,9,0
341,if you are great,1,0
343,business dinner dollars elsewhere,7,0
345,a fantastic afternoon,1,0
345,a fantastic afternoon,5,0
344,deaf,7,0
345,a fantastic afternoon,6,0
343,business dinner dollars elsewhere,0,0
344,deaf,8,0
346,chips that came with the,6,0
346,chips that came with the,2,0
343,business dinner dollars elsewhere,8,0
344,deaf,5,0
344,deaf,6,0
345,a fantastic afternoon,8,0
344,deaf,10,0
345,a fantastic afternoon,2,0
346,chips that came with the,3,0
345,a fantastic afternoon,9,0
345,a fantastic afternoon,10,0
344,deaf,1,0
347,grease trap and only vegas buffet experience,9,0
346,chips that came with the,5,0
347,grease trap and only vegas buffet experience,7,0
342,but this one,3,0
343,business dinner dollars elsewhere,2,0
343,business dinner dollars elsewhere,5,0
347,grease trap and only vegas buffet experience,1,0
346,chips that came with the,4,0
345,a fantastic afternoon,3,0
347,grease trap and only vegas buffet experience,4,0
348,and hope for the human race,2,0
343,business dinner dollars elsewhere,10,0
347,grease trap and only vegas buffet experience,5,0
348,and hope for the human race,7,0
346,chips that came with the,0,0
344,deaf,9,0
344,deaf,0,0
348,and hope for the human race,8,0
345,a fantastic afternoon,4,0
347,grease trap and only vegas buffet experience,2,0
349,to make them here,3,0
349,to make them here,0,0
347,grease trap and only vegas buffet experience,3,0
348,and hope for the human race,6,0
345,a fantastic afternoon,0,0
348,and hope for the human race,0,0
346,chips that came with the,7,0
346,chips that came with the,8,0
347,grease trap and only vegas buffet experience,0,0
348,and hope for the human race,9,0
343,business dinner dollars elsewhere,4,0
347,grease trap and only vegas buffet experience,8,0
346,chips that came with the,9,0
350,beep beep sound then says signal failed,3,0
349,to make them here,9,0
348,and hope for the human race,10,0
349,to make them here,7,0
346,chips that came with the,10,0
349,to make them here,1,0
344,deaf,4,0
344,deaf,2,0
349,to make them here,4,0
347,grease trap and only vegas buffet experience,10,0
349,to make them here,8,0
350,beep beep sound then says signal failed,5,0
347,grease trap and only vegas buffet experience,6,0
348,and hope for the human race,1,0
351,we waited an hour for what was a breakfast i could have done times better at home,3,1
350,beep beep sound then says signal failed,4,0
351,we waited an hour for what was a breakfast i could have done times better at home,5,1
346,chips that came with the,1,0
348,and hope for the human race,4,0
350,beep beep sound then says signal failed,10,0
348,and hope for the human race,3,0
349,to make them here,6,0
351,we waited an hour for what was a breakfast i could have done times better at home,4,1
345,a fantastic afternoon,7,0
351,we waited an hour for what was a breakfast i could have done times better at home,1,1
348,and hope for the human race,5,0
351,we waited an hour for what was a breakfast i could have done times better at home,2,1
351,we waited an hour for what was a breakfast i could have done times better at home,6,1
349,to make them here,10,0
349,to make them here,5,0
350,beep beep sound then says signal failed,0,0
352,waste your money,7,0
352,waste your money,1,0
350,beep beep sound then says signal failed,8,0
351,we waited an hour for what was a breakfast i could have done times better at home,10,1
349,to make them here,2,0
352,waste your money,9,0
352,waste your money,3,0
352,waste your money,4,0
350,beep beep sound then says signal failed,7,0
353,phenomenal in place smelled like authentic thai ever quite pleased,1,0
352,waste your money,6,0
353,phenomenal in place smelled like authentic thai ever quite pleased,7,0
352,waste your money,8,0
351,we waited an hour for what was a breakfast i could have done times better at home,7,0
351,we waited an hour for what was a breakfast i could have done times better at home,8,1
350,beep beep sound then says signal failed,6,0
352,waste your money,2,0
354,is unusable in a moving car at freeway speed,3,0
353,phenomenal in place smelled like authentic thai ever quite pleased,4,0
354,is unusable in a moving car at freeway speed,7,0
354,is unusable in a moving car at freeway speed,2,0
353,phenomenal in place smelled like authentic thai ever quite pleased,8,0
351,we waited an hour for what was a breakfast i could have done times better at home,9,1
353,phenomenal in place smelled like authentic thai ever quite pleased,9,0
354,is unusable in a moving car at freeway speed,1,1
354,is unusable in a moving car at freeway speed,6,0
353,phenomenal in place smelled like authentic thai ever quite pleased,6,0
350,beep beep sound then says signal failed,1,0
354,is unusable in a moving car at freeway speed,4,0
352,waste your money,0,0
350,beep beep sound then says signal failed,2,1
355,contacts in and gets great reception,2,0
351,we waited an hour for what was a breakfast i could have done times better at home,0,1
353,phenomenal in place smelled like authentic thai ever quite pleased,3,0
354,is unusable in a moving car at freeway speed,8,0
353,phenomenal in place smelled like authentic thai ever quite pleased,0,0
350,beep beep sound then says signal failed,9,0
355,contacts in and gets great reception,4,0
352,waste your money,10,0
355,contacts in and gets great reception,6,0
354,is unusable in a moving car at freeway speed,5,0
353,phenomenal in place smelled like authentic thai ever quite pleased,2,0
353,phenomenal in place smelled like authentic thai ever quite pleased,10,0
355,contacts in and gets great reception,1,0
354,is unusable in a moving car at freeway speed,0,0
354,is unusable in a moving car at freeway speed,10,0
353,phenomenal in place smelled like authentic thai ever quite pleased,5,0
355,contacts in and gets great reception,9,0
355,contacts in and gets great reception,8,0
355,contacts in and gets great reception,7,0
358,dualpurpose headset,2,0
357,austens work you can skip this one,0,0
356,it scratched my ear,3,0
357,austens work you can skip this one,4,0
357,austens work you can skip this one,7,0
355,contacts in and gets great reception,5,0
355,contacts in and gets great reception,3,0
354,is unusable in a moving car at freeway speed,9,0
356,it scratched my ear,5,0
356,it scratched my ear,2,0
356,it scratched my ear,1,0
358,dualpurpose headset,5,0
355,contacts in and gets great reception,0,0
358,dualpurpose headset,6,0
357,austens work you can skip this one,1,0
358,dualpurpose headset,9,0
357,austens work you can skip this one,2,0
352,waste your money,5,0
359,wear glasses and that gets in the way of dramatic tension or conflict,5,0
357,austens work you can skip this one,5,0
358,dualpurpose headset,8,0
358,dualpurpose headset,0,0
356,it scratched my ear,9,0
359,wear glasses and that gets in the way of dramatic tension or conflict,8,0
357,austens work you can skip this one,9,0
357,austens work you can skip this one,10,0
356,it scratched my ear,4,0
358,dualpurpose headset,7,0
356,it scratched my ear,6,0
356,it scratched my ear,10,0
359,wear glasses and that gets in the way of dramatic tension or conflict,0,0
357,austens work you can skip this one,8,0
358,dualpurpose headset,3,0
355,contacts in and gets great reception,10,0
356,it scratched my ear,7,0
357,austens work you can skip this one,6,0
359,wear glasses and that gets in the way of dramatic tension or conflict,1,0
359,wear glasses and that gets in the way of dramatic tension or conflict,4,0
358,dualpurpose headset,1,0
358,dualpurpose headset,10,0
361,folks at postinos hope that came and the worst people i consider the extra bells whistles are just adorable,4,0
360,other around us who came in later did,5,0
356,it scratched my ear,8,0
359,wear glasses and that gets in the way of dramatic tension or conflict,7,0
358,dualpurpose headset,4,0
357,austens work you can skip this one,3,0
360,other around us who came in later did,2,0
359,wear glasses and that gets in the way of dramatic tension or conflict,9,0
359,wear glasses and that gets in the way of dramatic tension or conflict,3,0
360,other around us who came in later did,0,0
360,other around us who came in later did,6,0
361,folks at postinos hope that came and the worst people i consider the extra bells whistles are just adorable,2,0
360,other around us who came in later did,8,0
359,wear glasses and that gets in the way of dramatic tension or conflict,6,0
361,folks at postinos hope that came and the worst people i consider the extra bells whistles are just adorable,10,0
360,other around us who came in later did,7,0
359,wear glasses and that gets in the way of dramatic tension or conflict,2,0
360,other around us who came in later did,3,0
362,and felt sick the rest of the family,0,0
361,folks at postinos hope that came and the worst people i consider the extra bells whistles are just adorable,6,0
361,folks at postinos hope that came and the worst people i consider the extra bells whistles are just adorable,1,0
361,folks at postinos hope that came and the worst people i consider the extra bells whistles are just adorable,9,0
363,i could return the unit and get back my money and got outta there,2,0
361,folks at postinos hope that came and the worst people i consider the extra bells whistles are just adorable,5,0
360,other around us who came in later did,9,0
361,folks at postinos hope that came and the worst people i consider the extra bells whistles are just adorable,7,0
360,other around us who came in later did,1,0
360,other around us who came in later did,10,0
362,and felt sick the rest of the family,6,0
356,it scratched my ear,0,0
361,folks at postinos hope that came and the worst people i consider the extra bells whistles are just adorable,8,0
361,folks at postinos hope that came and the worst people i consider the extra bells whistles are just adorable,3,0
362,and felt sick the rest of the family,7,0
360,other around us who came in later did,4,0
362,and felt sick the rest of the family,8,0
359,wear glasses and that gets in the way of dramatic tension or conflict,10,0
363,i could return the unit and get back my money and got outta there,0,0
362,and felt sick the rest of the family,10,0
364,relation to the primary plot line is mystifying,1,0
363,i could return the unit and get back my money and got outta there,7,0
362,and felt sick the rest of the family,5,0
364,relation to the primary plot line is mystifying,9,0
363,i could return the unit and get back my money and got outta there,9,0
363,i could return the unit and get back my money and got outta there,6,0
364,relation to the primary plot line is mystifying,4,0
362,and felt sick the rest of the family,2,0
363,i could return the unit and get back my money and got outta there,4,0
363,i could return the unit and get back my money and got outta there,10,0
363,i could return the unit and get back my money and got outta there,1,0
363,i could return the unit and get back my money and got outta there,8,0
362,and felt sick the rest of the family,4,0
361,folks at postinos hope that came and the worst people i consider the extra bells whistles are just adorable,0,1
364,relation to the primary plot line is mystifying,0,0
364,relation to the primary plot line is mystifying,2,0
365,phone for a refurb unit or something,0,0
364,relation to the primary plot line is mystifying,8,0
362,and felt sick the rest of the family,3,0
365,phone for a refurb unit or something,3,0
364,relation to the primary plot line is mystifying,7,0
365,phone for a refurb unit or something,7,0
364,relation to the primary plot line is mystifying,10,0
364,relation to the primary plot line is mystifying,3,0
364,relation to the primary plot line is mystifying,5,0
365,phone for a refurb unit or something,5,0
365,phone for a refurb unit or something,2,0
365,phone for a refurb unit or something,1,0
362,and felt sick the rest of the family,9,0
366,the pleather case and forth several situations,2,0
365,phone for a refurb unit or something,6,0
365,phone for a refurb unit or something,9,0
363,i could return the unit and get back my money and got outta there,3,0
363,i could return the unit and get back my money and got outta there,5,0
366,the pleather case and forth several situations,0,0
365,phone for a refurb unit or something,4,0
362,and felt sick the rest of the family,1,0
364,relation to the primary plot line is mystifying,6,0
366,the pleather case and forth several situations,5,0
366,the pleather case and forth several situations,1,0
365,phone for a refurb unit or something,10,0
366,the pleather case and forth several situations,4,0
367,mesquite flavor,9,0
366,the pleather case and forth several situations,6,0
366,the pleather case and forth several situations,7,0
367,mesquite flavor,8,0
367,mesquite flavor,3,0
367,mesquite flavor,0,0
365,phone for a refurb unit or something,8,0
367,mesquite flavor,2,0
367,mesquite flavor,1,0
369,and it came in less time then i expected,1,0
367,mesquite flavor,4,0
368,sci fi film,3,0
368,sci fi film,7,0
367,mesquite flavor,6,0
366,the pleather case and forth several situations,8,0
368,sci fi film,6,0
368,sci fi film,8,0
368,sci fi film,1,0
368,sci fi film,4,0
367,mesquite flavor,7,0
369,and it came in less time then i expected,6,0
370,felt sick the heart,3,0
369,and it came in less time then i expected,0,0
366,the pleather case and forth several situations,3,0
367,mesquite flavor,10,0
368,sci fi film,10,0
369,and it came in less time then i expected,4,0
368,sci fi film,9,0
368,sci fi film,0,0
370,felt sick the heart,0,0
369,and it came in less time then i expected,3,0
370,felt sick the heart,4,0
369,and it came in less time then i expected,7,0
370,felt sick the heart,1,0
370,felt sick the heart,8,0
369,and it came in less time then i expected,8,0
367,mesquite flavor,5,0
370,felt sick the heart,9,0
369,and it came in less time then i expected,2,0
366,the pleather case and forth several situations,9,0
370,felt sick the heart,6,0
371,is no excuse for service here is rich so happy,0,0
369,and it came in less time then i expected,5,0
370,felt sick the heart,10,0
368,sci fi film,2,0
370,felt sick the heart,5,0
369,and it came in less time then i expected,10,0
371,is no excuse for service here is rich so happy,3,0
371,is no excuse for service here is rich so happy,5,0
371,is no excuse for service here is rich so happy,6,0
368,sci fi film,5,0
370,felt sick the heart,7,0
372,register,3,0
369,and it came in less time then i expected,9,0
372,register,4,0
371,is no excuse for service here is rich so happy,9,0
371,is no excuse for service here is rich so happy,7,0
371,is no excuse for service here is rich so happy,2,0
370,felt sick the heart,2,0
371,is no excuse for service here is rich so happy,10,0
372,register,9,0
371,is no excuse for service here is rich so happy,4,0
374,good works fine,2,0
373,life a whole lot easier,8,0
372,register,5,0
372,register,10,0
366,the pleather case and forth several situations,10,0
371,is no excuse for service here is rich so happy,1,0
372,register,1,0
373,life a whole lot easier,9,0
372,register,0,0
373,life a whole lot easier,7,0
373,life a whole lot easier,4,0
373,life a whole lot easier,5,0
373,life a whole lot easier,0,0
372,register,6,0
374,good works fine,8,0
374,good works fine,4,0
374,good works fine,3,1
373,life a whole lot easier,2,0
371,is no excuse for service here is rich so happy,8,0
375,i wont be hosting his one,8,0
375,i wont be hosting his one,5,0
375,i wont be hosting his one,0,0
374,good works fine,9,1
375,i wont be hosting his one,2,0
372,register,7,0
375,i wont be hosting his one,1,0
374,good works fine,6,1
373,life a whole lot easier,6,0
374,good works fine,10,1
372,register,2,0
375,i wont be hosting his one,9,0
373,life a whole lot easier,10,0
375,i wont be hosting his one,10,0
374,good works fine,1,1
375,i wont be hosting his one,7,0
376,if it were possible to give them a try but was deeply disappointed,3,0
374,good works fine,5,1
374,good works fine,7,1
377,get cut off,3,0
374,good works fine,0,1
377,get cut off,6,0
376,if it were possible to give them a try but was deeply disappointed,5,0
375,i wont be hosting his one,4,0
373,life a whole lot easier,1,0
376,if it were possible to give them a try but was deeply disappointed,4,0
376,if it were possible to give them a try but was deeply disappointed,6,0
372,register,8,0
376,if it were possible to give them a try but was deeply disappointed,2,0
375,i wont be hosting his one,3,0
377,get cut off,5,0
378,unreliable im giving up,5,0
379,book thats how bad it is,3,0
379,book thats how bad it is,1,0
375,i wont be hosting his one,6,0
373,life a whole lot easier,3,0
376,if it were possible to give them a try but was deeply disappointed,1,0
378,unreliable im giving up,3,0
377,get cut off,2,0
378,unreliable im giving up,7,0
377,get cut off,7,0
377,get cut off,1,0
376,if it were possible to give them a try but was deeply disappointed,9,0
377,get cut off,0,0
378,unreliable im giving up,6,0
377,get cut off,9,0
378,unreliable im giving up,4,0
377,get cut off,8,0
379,book thats how bad it is,0,0
376,if it were possible to give them a try but was deeply disappointed,0,0
378,unreliable im giving up,10,0
378,unreliable im giving up,1,0
378,unreliable im giving up,9,0
376,if it were possible to give them a try but was deeply disappointed,8,0
377,get cut off,10,0
379,book thats how bad it is,8,0
379,book thats how bad it is,9,0
380,however,4,0
378,unreliable im giving up,0,0
376,if it were possible to give them a try but was deeply disappointed,10,0
379,book thats how bad it is,2,0
379,book thats how bad it is,5,0
380,however,10,0
377,get cut off,4,0
379,book thats how bad it is,7,0
378,unreliable im giving up,8,0
380,however,7,0
380,however,0,0
380,however,8,0
381,on my belt and the headset lost signal,8,0
381,on my belt and the headset lost signal,10,0
376,if it were possible to give them a try but was deeply disappointed,7,0
380,however,1,0
382,art movieit actually has a nice surprise,1,1
381,on my belt and the headset lost signal,2,0
379,book thats how bad it is,10,0
381,on my belt and the headset lost signal,0,0
380,however,3,0
379,book thats how bad it is,4,0
380,however,5,0
378,unreliable im giving up,2,0
381,on my belt and the headset lost signal,5,0
381,on my belt and the headset lost signal,6,0
381,on my belt and the headset lost signal,1,0
382,art movieit actually has a nice surprise,5,0
382,art movieit actually has a nice surprise,4,1
382,art movieit actually has a nice surprise,0,0
383,be back unless someone else is buying,3,0
382,art movieit actually has a nice surprise,2,0
380,however,9,0
383,be back unless someone else is buying,9,0
382,art movieit actually has a nice surprise,6,0
380,however,6,0
380,however,2,0
383,be back unless someone else is buying,0,0
382,art movieit actually has a nice surprise,8,0
382,art movieit actually has a nice surprise,10,0
383,be back unless someone else is buying,7,0
383,be back unless someone else is buying,4,0
381,on my belt and the headset lost signal,7,0
383,be back unless someone else is buying,6,0
383,be back unless someone else is buying,2,0
383,be back unless someone else is buying,1,0
382,art movieit actually has a nice surprise,7,0
385,all warm and fuzzy inside,1,0
382,art movieit actually has a nice surprise,9,0
383,be back unless someone else is buying,5,0
379,book thats how bad it is,6,0
384,good rice all the time,1,0
384,good rice all the time,10,1
384,good rice all the time,0,0
385,all warm and fuzzy inside,0,0
381,on my belt and the headset lost signal,4,0
385,all warm and fuzzy inside,7,0
383,be back unless someone else is buying,10,0
384,good rice all the time,3,1
381,on my belt and the headset lost signal,3,0
386,lasts only a rough draft was written and shooting began before a finished script was completed,0,0
384,good rice all the time,2,0
385,all warm and fuzzy inside,3,0
384,good rice all the time,7,0
386,lasts only a rough draft was written and shooting began before a finished script was completed,8,0
384,good rice all the time,4,1
385,all warm and fuzzy inside,5,0
385,all warm and fuzzy inside,2,0
383,be back unless someone else is buying,8,0
385,all warm and fuzzy inside,6,0
384,good rice all the time,6,0
384,good rice all the time,8,0
381,on my belt and the headset lost signal,9,0
386,lasts only a rough draft was written and shooting began before a finished script was completed,4,0
387,know why they would not made amazing,3,0
384,good rice all the time,5,0
387,know why they would not made amazing,2,0
384,good rice all the time,9,1
387,know why they would not made amazing,10,0
386,lasts only a rough draft was written and shooting began before a finished script was completed,6,0
386,lasts only a rough draft was written and shooting began before a finished script was completed,1,0
387,know why they would not made amazing,1,0
386,lasts only a rough draft was written and shooting began before a finished script was completed,7,0
385,all warm and fuzzy inside,10,0
385,all warm and fuzzy inside,4,0
388,awful it couldnt have even been created,0,1
387,know why they would not made amazing,6,0
388,awful it couldnt have even been created,6,0
385,all warm and fuzzy inside,9,0
388,awful it couldnt have even been created,7,1
386,lasts only a rough draft was written and shooting began before a finished script was completed,10,0
386,lasts only a rough draft was written and shooting began before a finished script was completed,5,0
389,been back every week since,6,0
387,know why they would not made amazing,4,0
388,awful it couldnt have even been created,4,0
387,know why they would not made amazing,9,0
382,art movieit actually has a nice surprise,3,1
387,know why they would not made amazing,5,0
388,awful it couldnt have even been created,8,0
388,awful it couldnt have even been created,9,0
389,been back every week since,2,0
389,been back every week since,9,0
388,awful it couldnt have even been created,10,0
386,lasts only a rough draft was written and shooting began before a finished script was completed,9,0
387,know why they would not made amazing,0,0
388,awful it couldnt have even been created,1,0
385,all warm and fuzzy inside,8,0
390,motorola,1,0
388,awful it couldnt have even been created,3,1
388,awful it couldnt have even been created,5,0
390,motorola,5,0
389,been back every week since,10,0
389,been back every week since,3,0
390,motorola,0,0
387,know why they would not made amazing,7,0
389,been back every week since,0,0
391,scenes and food at freeway speed but i wasted my gosh,4,0
389,been back every week since,1,0
389,been back every week since,5,0
389,been back every week since,4,0
390,motorola,6,0
390,motorola,3,0
390,motorola,4,0
388,awful it couldnt have even been created,2,1
386,lasts only a rough draft was written and shooting began before a finished script was completed,3,0
389,been back every week since,7,0
391,scenes and food at freeway speed but i wasted my gosh,3,0
391,scenes and food at freeway speed but i wasted my gosh,1,0
391,scenes and food at freeway speed but i wasted my gosh,6,0
387,know why they would not made amazing,8,0
390,motorola,8,0
389,been back every week since,8,0
391,scenes and food at freeway speed but i wasted my gosh,8,0
392,of embarrassing to use because of how it looks and mostly its embarrassing how childlike the company is,1,0
392,of embarrassing to use because of how it looks and mostly its embarrassing how childlike the company is,2,0
390,motorola,10,0
391,scenes and food at freeway speed but i wasted my gosh,2,0
391,scenes and food at freeway speed but i wasted my gosh,7,0
391,scenes and food at freeway speed but i wasted my gosh,10,0
394,haunt but this little money back,2,0
392,of embarrassing to use because of how it looks and mostly its embarrassing how childlike the company is,9,0
392,of embarrassing to use because of how it looks and mostly its embarrassing how childlike the company is,8,0
393,it only set us up for disapppointment with our entrees,10,1
390,motorola,2,0
393,it only set us up for disapppointment with our entrees,3,0
391,scenes and food at freeway speed but i wasted my gosh,5,0
393,it only set us up for disapppointment with our entrees,7,0
386,lasts only a rough draft was written and shooting began before a finished script was completed,2,0
392,of embarrassing to use because of how it looks and mostly its embarrassing how childlike the company is,0,0
393,it only set us up for disapppointment with our entrees,4,0
391,scenes and food at freeway speed but i wasted my gosh,0,0
394,haunt but this little money back,4,0
392,of embarrassing to use because of how it looks and mostly its embarrassing how childlike the company is,3,0
391,scenes and food at freeway speed but i wasted my gosh,9,0
392,of embarrassing to use because of how it looks and mostly its embarrassing how childlike the company is,4,0
393,it only set us up for disapppointment with our entrees,0,0
394,haunt but this little money back,1,0
395,think well be going back anytime soon,0,0
392,of embarrassing to use because of how it looks and mostly its embarrassing how childlike the company is,5,0
393,it only set us up for disapppointment with our entrees,6,1
395,think well be going back anytime soon,7,0
393,it only set us up for disapppointment with our entrees,1,1
394,haunt but this little money back,0,0
395,think well be going back anytime soon,5,0
395,think well be going back anytime soon,8,0
395,think well be going back anytime soon,3,0
392,of embarrassing to use because of how it looks and mostly its embarrassing how childlike the company is,10,0
396,to wait over minutes to get my drink and longer to get arepas,2,0
393,it only set us up for disapppointment with our entrees,2,1
395,think well be going back anytime soon,2,0
390,motorola,7,0
390,motorola,9,0
396,to wait over minutes to get my drink and longer to get arepas,3,0
396,to wait over minutes to get my drink and longer to get arepas,0,0
394,haunt but this little money back,9,0
395,think well be going back anytime soon,4,0
392,of embarrassing to use because of how it looks and mostly its embarrassing how childlike the company is,7,0
394,haunt but this little money back,6,0
394,haunt but this little money back,5,0
394,haunt but this little money back,10,0
392,of embarrassing to use because of how it looks and mostly its embarrassing how childlike the company is,6,0
396,to wait over minutes to get my drink and longer to get arepas,10,0
394,haunt but this little money back,7,0
396,to wait over minutes to get my drink and longer to get arepas,4,0
396,to wait over minutes to get my drink and longer to get arepas,5,0
397,im glad i found this product on amazon it is an amazingly important film to our table,5,1
393,it only set us up for disapppointment with our entrees,5,1
396,to wait over minutes to get my drink and longer to get arepas,7,0
393,it only set us up for disapppointment with our entrees,9,1
397,im glad i found this product on amazon it is an amazingly important film to our table,8,1
395,think well be going back anytime soon,1,0
395,think well be going back anytime soon,6,0
395,think well be going back anytime soon,9,0
398,the service and i felt like their guest for a special treat,6,1
397,im glad i found this product on amazon it is an amazingly important film to our table,0,1
394,haunt but this little money back,3,0
397,im glad i found this product on amazon it is an amazingly important film to our table,10,1
396,to wait over minutes to get my drink and longer to get arepas,6,0
397,im glad i found this product on amazon it is an amazingly important film to our table,4,1
395,think well be going back anytime soon,10,0
398,the service and i felt like their guest for a special treat,4,1
398,the service and i felt like their guest for a special treat,5,1
396,to wait over minutes to get my drink and longer to get arepas,1,0
394,haunt but this little money back,8,0
399,touch of coziness,7,0
397,im glad i found this product on amazon it is an amazingly important film to our table,2,1
393,it only set us up for disapppointment with our entrees,8,1
397,im glad i found this product on amazon it is an amazingly important film to our table,7,1
399,touch of coziness,6,0
396,to wait over minutes to get my drink and longer to get arepas,8,0
399,touch of coziness,3,0
398,the service and i felt like their guest for a special treat,3,0
399,touch of coziness,9,0
397,im glad i found this product on amazon it is an amazingly important film to our table,1,1
399,touch of coziness,1,0
398,the service and i felt like their guest for a special treat,2,1
399,touch of coziness,8,0
398,the service and i felt like their guest for a special treat,9,1
399,touch of coziness,10,0
401,overhaul,2,0
398,the service and i felt like their guest for a special treat,0,1
398,the service and i felt like their guest for a special treat,10,0
400,his son,1,0
401,overhaul,4,0
400,his son,0,0
398,the service and i felt like their guest for a special treat,8,1
401,overhaul,7,0
400,his son,2,0
400,his son,10,0
397,im glad i found this product on amazon it is an amazingly important film to our table,6,1
401,overhaul,1,0
399,touch of coziness,4,0
401,overhaul,5,0
399,touch of coziness,2,0
400,his son,9,0
400,his son,5,0
401,overhaul,6,0
401,overhaul,0,0
400,his son,8,0
398,the service and i felt like their guest for a special treat,7,1
402,wasnt high priced,2,0
400,his son,4,0
396,to wait over minutes to get my drink and longer to get arepas,9,0
397,im glad i found this product on amazon it is an amazingly important film to our table,9,0
402,wasnt high priced,1,0
401,overhaul,9,0
401,overhaul,8,0
398,the service and i felt like their guest for a special treat,1,1
399,touch of coziness,0,0
400,his son,3,0
397,im glad i found this product on amazon it is an amazingly important film to our table,3,1
401,overhaul,10,0
402,wasnt high priced,7,0
403,i only like to a word of the service,8,0
403,i only like to a word of the service,1,0
402,wasnt high priced,0,0
402,wasnt high priced,5,0
402,wasnt high priced,8,0
404,we found this move beautiful enjoyable and uplifting,9,1
401,overhaul,3,0
402,wasnt high priced,6,0
399,touch of coziness,5,0
402,wasnt high priced,10,0
404,we found this move beautiful enjoyable and uplifting,0,1
402,wasnt high priced,3,0
403,i only like to a word of the service,9,0
403,i only like to a word of the service,6,0
403,i only like to a word of the service,3,0
403,i only like to a word of the service,4,0
400,his son,6,0
404,we found this move beautiful enjoyable and uplifting,6,1
403,i only like to a word of the service,2,0
403,i only like to a word of the service,10,0
403,i only like to a word of the service,5,0
405,prosgood camera very nice pictures also has cool styles like black and white and more,1,1
404,we found this move beautiful enjoyable and uplifting,3,1
402,wasnt high priced,4,0
403,i only like to a word of the service,0,0
404,we found this move beautiful enjoyable and uplifting,1,1
405,prosgood camera very nice pictures also has cool styles like black and white and more,8,1
404,we found this move beautiful enjoyable and uplifting,2,1
404,we found this move beautiful enjoyable and uplifting,5,1
405,prosgood camera very nice pictures also has cool styles like black and white and more,7,1
400,his son,7,0
406,as good the pizza which used to be amazing is doughy and flavorless,0,0
406,as good the pizza which used to be amazing is doughy and flavorless,1,0
405,prosgood camera very nice pictures also has cool styles like black and white and more,6,1
405,prosgood camera very nice pictures also has cool styles like black and white and more,5,1
404,we found this move beautiful enjoyable and uplifting,10,1
406,as good the pizza which used to be amazing is doughy and flavorless,8,0
406,as good the pizza which used to be amazing is doughy and flavorless,5,1
406,as good the pizza which used to be amazing is doughy and flavorless,4,1
407,giallo subgenre,3,0
404,we found this move beautiful enjoyable and uplifting,7,1
403,i only like to a word of the service,7,0
406,as good the pizza which used to be amazing is doughy and flavorless,3,1
405,prosgood camera very nice pictures also has cool styles like black and white and more,9,1
404,we found this move beautiful enjoyable and uplifting,4,1
405,prosgood camera very nice pictures also has cool styles like black and white and more,2,1
407,giallo subgenre,6,0
405,prosgood camera very nice pictures also has cool styles like black and white and more,0,1
406,as good the pizza which used to be amazing is doughy and flavorless,9,1
402,wasnt high priced,9,0
408,below two bars and thats three days without charging,0,0
407,giallo subgenre,7,0
407,giallo subgenre,8,0
408,below two bars and thats three days without charging,2,0
405,prosgood camera very nice pictures also has cool styles like black and white and more,3,1
406,as good the pizza which used to be amazing is doughy and flavorless,2,0
407,giallo subgenre,5,0
407,giallo subgenre,2,0
405,prosgood camera very nice pictures also has cool styles like black and white and more,10,1
407,giallo subgenre,1,0
406,as good the pizza which used to be amazing is doughy and flavorless,6,0
408,below two bars and thats three days without charging,1,0
406,as good the pizza which used to be amazing is doughy and flavorless,7,0
407,giallo subgenre,9,0
407,giallo subgenre,4,0
405,prosgood camera very nice pictures also has cool styles like black and white and more,4,1
404,we found this move beautiful enjoyable and uplifting,8,1
406,as good the pizza which used to be amazing is doughy and flavorless,10,0
407,giallo subgenre,0,0
410,effects were awful,4,0
410,effects were awful,7,0
409,real sushi lovers lets be honest yama is not that good,1,0
409,real sushi lovers lets be honest yama is not that good,9,1
410,effects were awful,0,1
412,cable did not work with my phone,7,0
411,i bougth it for my lc and its not working,8,0
408,below two bars and thats three days without charging,3,0
410,effects were awful,5,0
409,real sushi lovers lets be honest yama is not that good,8,1
409,real sushi lovers lets be honest yama is not that good,7,1
412,cable did not work with my phone,1,0
411,i bougth it for my lc and its not working,2,1
408,below two bars and thats three days without charging,7,0
412,cable did not work with my phone,5,0
412,cable did not work with my phone,2,0
407,giallo subgenre,10,0
408,below two bars and thats three days without charging,6,0
411,i bougth it for my lc and its not working,4,0
409,real sushi lovers lets be honest yama is not that good,2,1
409,real sushi lovers lets be honest yama is not that good,0,1
411,i bougth it for my lc and its not working,10,0
412,cable did not work with my phone,6,0
411,i bougth it for my lc and its not working,3,0
409,real sushi lovers lets be honest yama is not that good,4,1
408,below two bars and thats three days without charging,9,0
411,i bougth it for my lc and its not working,6,0
411,i bougth it for my lc and its not working,1,0
410,effects were awful,2,1
408,below two bars and thats three days without charging,10,0
410,effects were awful,9,1
408,below two bars and thats three days without charging,8,0
410,effects were awful,1,0
408,below two bars and thats three days without charging,5,0
412,cable did not work with my phone,3,0
413,ironman very friendly staff,6,1
414,ending credits,0,0
409,real sushi lovers lets be honest yama is not that good,3,1
409,real sushi lovers lets be honest yama is not that good,6,1
410,effects were awful,8,0
412,cable did not work with my phone,0,0
411,i bougth it for my lc and its not working,9,1
414,ending credits,10,0
415,cult movie this is trash period,0,0
408,below two bars and thats three days without charging,4,0
413,ironman very friendly staff,0,1
411,i bougth it for my lc and its not working,0,0
413,ironman very friendly staff,5,0
411,i bougth it for my lc and its not working,5,0
412,cable did not work with my phone,9,0
414,ending credits,1,0
415,cult movie this is trash period,5,0
413,ironman very friendly staff,10,1
415,cult movie this is trash period,9,0
415,cult movie this is trash period,3,0
415,cult movie this is trash period,8,0
410,effects were awful,10,1
413,ironman very friendly staff,3,1
414,ending credits,8,0
410,effects were awful,6,1
414,ending credits,6,0
409,real sushi lovers lets be honest yama is not that good,5,1
412,cable did not work with my phone,10,0
415,cult movie this is trash period,1,0
413,ironman very friendly staff,1,0
414,ending credits,9,0
414,ending credits,7,0
413,ironman very friendly staff,7,0
416,dark enough,2,0
415,cult movie this is trash period,2,0
412,cable did not work with my phone,8,0
416,dark enough,3,0
412,cable did not work with my phone,4,0
411,i bougth it for my lc and its not working,7,0
413,ironman very friendly staff,4,1
415,cult movie this is trash period,4,0
416,dark enough,9,0
416,dark enough,8,0
416,dark enough,6,0
415,cult movie this is trash period,7,0
413,ironman very friendly staff,8,1
417,really scary,0,0
410,effects were awful,3,0
414,ending credits,3,0
414,ending credits,4,0
417,really scary,4,0
416,dark enough,4,0
417,really scary,3,0
413,ironman very friendly staff,9,1
409,real sushi lovers lets be honest yama is not that good,10,1
416,dark enough,1,0
414,ending credits,5,0
416,dark enough,5,0
417,really scary,8,0
416,dark enough,7,0
414,ending credits,2,0
415,cult movie this is trash period,6,0
418,charm is adorable and very eye catching,10,1
417,really scary,7,0
417,really scary,10,0
418,charm is adorable and very eye catching,0,0
417,really scary,6,0
420,back here again,5,0
418,charm is adorable and very eye catching,3,0
419,such an awesome movie that i bought it off of ebay,7,1
419,such an awesome movie that i bought it off of ebay,10,1
419,such an awesome movie that i bought it off of ebay,6,1
419,such an awesome movie that i bought it off of ebay,5,1
417,really scary,1,0
419,such an awesome movie that i bought it off of ebay,0,1
418,charm is adorable and very eye catching,9,0
420,back here again,0,0
418,charm is adorable and very eye catching,4,1
420,back here again,4,0
419,such an awesome movie that i bought it off of ebay,3,1
417,really scary,2,0
415,cult movie this is trash period,10,0
420,back here again,7,0
417,really scary,5,0
419,such an awesome movie that i bought it off of ebay,1,1
421,fantastic,10,0
418,charm is adorable and very eye catching,8,1
416,dark enough,0,0
420,back here again,9,0
420,back here again,1,0
421,fantastic,6,0
420,back here again,2,0
421,fantastic,5,0
422,transfers are very good,3,0
421,fantastic,8,0
418,charm is adorable and very eye catching,7,1
422,transfers are very good,2,0
418,charm is adorable and very eye catching,5,1
421,fantastic,7,0
420,back here again,10,0
423,headset was a friends wedding,1,0
420,back here again,8,0
421,fantastic,9,0
419,such an awesome movie that i bought it off of ebay,2,1
423,headset was a friends wedding,10,0
420,back here again,6,0
421,fantastic,0,0
416,dark enough,10,0
422,transfers are very good,1,1
423,headset was a friends wedding,0,0
421,fantastic,4,0
417,really scary,9,0
421,fantastic,2,1
422,transfers are very good,4,1
418,charm is adorable and very eye catching,1,1
418,charm is adorable and very eye catching,2,1
420,back here again,3,0
422,transfers are very good,9,0
422,transfers are very good,5,0
423,headset was a friends wedding,4,0
423,headset was a friends wedding,8,0
423,headset was a friends wedding,6,0
424,store be careful,8,0
423,headset was a friends wedding,9,0
422,transfers are very good,0,1
422,transfers are very good,6,1
421,fantastic,3,0
422,transfers are very good,7,1
424,store be careful,2,0
425,this type of film,1,0
425,this type of film,8,0
419,such an awesome movie that i bought it off of ebay,8,1
424,store be careful,3,0
419,such an awesome movie that i bought it off of ebay,4,1
424,store be careful,7,0
424,store be careful,0,0
422,transfers are very good,8,0
424,store be careful,5,0
421,fantastic,1,0
425,this type of film,7,0
424,store be careful,9,0
425,this type of film,2,0
423,headset was a friends wedding,3,0
423,headset was a friends wedding,7,0
419,such an awesome movie that i bought it off of ebay,9,1
427,bad actors period,2,0
425,this type of film,10,0
418,charm is adorable and very eye catching,6,0
426,absolutely flatlined excuse for a restaurant,0,1
423,headset was a friends wedding,5,0
422,transfers are very good,10,1
426,absolutely flatlined excuse for a restaurant,1,0
426,absolutely flatlined excuse for a restaurant,2,1
426,absolutely flatlined excuse for a restaurant,3,1
424,store be careful,6,0
423,headset was a friends wedding,2,0
426,absolutely flatlined excuse for a restaurant,4,1
427,bad actors period,9,0
428,is a film about nothing just a pretext to show ridiculous action scenes,6,1
426,absolutely flatlined excuse for a restaurant,8,1
426,absolutely flatlined excuse for a restaurant,10,0
425,this type of film,6,0
427,bad actors period,6,0
427,bad actors period,3,0
425,this type of film,9,0
424,store be careful,10,0
428,is a film about nothing just a pretext to show ridiculous action scenes,5,1
426,absolutely flatlined excuse for a restaurant,7,1
426,absolutely flatlined excuse for a restaurant,5,1
428,is a film about nothing just a pretext to show ridiculous action scenes,2,0
427,bad actors period,0,0
428,is a film about nothing just a pretext to show ridiculous action scenes,3,0
425,this type of film,0,0
428,is a film about nothing just a pretext to show ridiculous action scenes,0,0
429,soon,7,0
424,store be careful,4,0
427,bad actors period,7,0
424,store be careful,1,0
428,is a film about nothing just a pretext to show ridiculous action scenes,10,1
426,absolutely flatlined excuse for a restaurant,6,1
430,winner,5,0
428,is a film about nothing just a pretext to show ridiculous action scenes,7,1
428,is a film about nothing just a pretext to show ridiculous action scenes,4,0
425,this type of film,4,0
430,winner,6,0
427,bad actors period,5,0
429,soon,4,0
429,soon,0,0
427,bad actors period,1,0
427,bad actors period,4,0
426,absolutely flatlined excuse for a restaurant,9,1
429,soon,9,0
430,winner,1,0
413,ironman very friendly staff,2,1
428,is a film about nothing just a pretext to show ridiculous action scenes,8,1
429,soon,1,0
431,had better dialogue with his potted plants has it right,0,0
429,soon,2,0
425,this type of film,5,0
429,soon,10,0
428,is a film about nothing just a pretext to show ridiculous action scenes,1,1
432,at all im editing is great time soon become a misplace,2,0
430,winner,7,0
427,bad actors period,10,0
427,bad actors period,8,0
430,winner,9,0
431,had better dialogue with his potted plants has it right,4,0
429,soon,8,0
433,confortable to wear,5,0
432,at all im editing is great time soon become a misplace,5,0
431,had better dialogue with his potted plants has it right,8,0
432,at all im editing is great time soon become a misplace,0,0
432,at all im editing is great time soon become a misplace,8,0
432,at all im editing is great time soon become a misplace,1,0
428,is a film about nothing just a pretext to show ridiculous action scenes,9,1
430,winner,8,0
432,at all im editing is great time soon become a misplace,3,0
432,at all im editing is great time soon become a misplace,6,0
433,confortable to wear,8,0
430,winner,10,0
425,this type of film,3,0
431,had better dialogue with his potted plants has it right,10,0
432,at all im editing is great time soon become a misplace,7,0
429,soon,5,0
432,at all im editing is great time soon become a misplace,4,0
432,at all im editing is great time soon become a misplace,9,0
433,confortable to wear,3,0
430,winner,3,0
429,soon,6,0
433,confortable to wear,1,0
431,had better dialogue with his potted plants has it right,3,0
431,had better dialogue with his potted plants has it right,9,0
435,handy detachable belt clip,6,0
433,confortable to wear,4,0
431,had better dialogue with his potted plants has it right,6,0
435,handy detachable belt clip,3,0
434,extremely slow at best cheesecurds we had soundwise,0,0
431,had better dialogue with his potted plants has it right,2,0
434,extremely slow at best cheesecurds we had soundwise,7,0
433,confortable to wear,2,1
430,winner,0,0
432,at all im editing is great time soon become a misplace,10,0
434,extremely slow at best cheesecurds we had soundwise,2,0
433,confortable to wear,10,0
435,handy detachable belt clip,5,0
434,extremely slow at best cheesecurds we had soundwise,4,0
429,soon,3,0
434,extremely slow at best cheesecurds we had soundwise,1,0
434,extremely slow at best cheesecurds we had soundwise,6,0
434,extremely slow at best cheesecurds we had soundwise,5,0
434,extremely slow at best cheesecurds we had soundwise,9,0
434,extremely slow at best cheesecurds we had soundwise,8,0
434,extremely slow at best cheesecurds we had soundwise,10,0
435,handy detachable belt clip,2,0
435,handy detachable belt clip,4,0
430,winner,2,0
431,had better dialogue with his potted plants has it right,7,0
433,confortable to wear,6,0
433,confortable to wear,0,0
435,handy detachable belt clip,7,0
434,extremely slow at best cheesecurds we had soundwise,3,0
435,handy detachable belt clip,1,0
436,a lot of serious mistakes,0,0
433,confortable to wear,9,0
436,a lot of serious mistakes,3,0
437,not be coming back,1,0
435,handy detachable belt clip,9,0
431,had better dialogue with his potted plants has it right,1,0
436,a lot of serious mistakes,7,0
435,handy detachable belt clip,0,0
430,winner,4,0
436,a lot of serious mistakes,8,0
435,handy detachable belt clip,8,0
436,a lot of serious mistakes,1,0
436,a lot of serious mistakes,2,0
438,happier with it so far,0,0
436,a lot of serious mistakes,6,0
436,a lot of serious mistakes,5,0
437,not be coming back,0,0
436,a lot of serious mistakes,4,0
438,happier with it so far,6,0
436,a lot of serious mistakes,10,0
438,happier with it so far,10,0
437,not be coming back,6,0
435,handy detachable belt clip,10,0
437,not be coming back,3,0
438,happier with it so far,7,0
437,not be coming back,7,0
439,were,10,0
438,happier with it so far,2,1
437,not be coming back,10,0
438,happier with it so far,4,0
437,not be coming back,4,0
438,happier with it so far,3,0
439,were,0,0
438,happier with it so far,5,0
437,not be coming back,9,0
439,were,9,0
438,happier with it so far,8,0
437,not be coming back,2,0
439,were,4,0
440,possibly one of the most creative works of horror ever,0,1
436,a lot of serious mistakes,9,0
440,possibly one of the most creative works of horror ever,7,1
440,possibly one of the most creative works of horror ever,4,1
433,confortable to wear,7,0
441,this cutie,0,0
438,happier with it so far,9,0
440,possibly one of the most creative works of horror ever,8,1
440,possibly one of the most creative works of horror ever,6,1
439,were,1,0
440,possibly one of the most creative works of horror ever,9,1
439,were,5,0
440,possibly one of the most creative works of horror ever,1,1
439,were,2,0
442,you are difficult to understand everything on this was too screamy not frightening in use the sort of man is not purchase,1,0
441,this cutie,10,0
441,this cutie,7,0
441,this cutie,2,0
440,possibly one of the most creative works of horror ever,2,1
439,were,6,0
442,you are difficult to understand everything on this was too screamy not frightening in use the sort of man is not purchase,5,0
441,this cutie,1,0
440,possibly one of the most creative works of horror ever,3,1
441,this cutie,9,0
442,you are difficult to understand everything on this was too screamy not frightening in use the sort of man is not purchase,3,0
442,you are difficult to understand everything on this was too screamy not frightening in use the sort of man is not purchase,4,0
439,were,7,0
443,ive ever gone to a movie and disliked it as much,0,1
437,not be coming back,5,0
439,were,3,0
442,you are difficult to understand everything on this was too screamy not frightening in use the sort of man is not purchase,9,0
441,this cutie,5,0
443,ive ever gone to a movie and disliked it as much,5,1
437,not be coming back,8,0
443,ive ever gone to a movie and disliked it as much,4,1
441,this cutie,3,0
439,were,8,0
443,ive ever gone to a movie and disliked it as much,10,1
444,use,5,0
444,use,1,0
443,ive ever gone to a movie and disliked it as much,8,0
442,you are difficult to understand everything on this was too screamy not frightening in use the sort of man is not purchase,10,0
441,this cutie,8,0
443,ive ever gone to a movie and disliked it as much,1,0
442,you are difficult to understand everything on this was too screamy not frightening in use the sort of man is not purchase,0,0
442,you are difficult to understand everything on this was too screamy not frightening in use the sort of man is not purchase,6,0
440,possibly one of the most creative works of horror ever,5,1
442,you are difficult to understand everything on this was too screamy not frightening in use the sort of man is not purchase,2,0
445,were too politically correct,3,0
441,this cutie,4,0
443,ive ever gone to a movie and disliked it as much,9,1
443,ive ever gone to a movie and disliked it as much,3,0
444,use,8,0
444,use,9,0
445,were too politically correct,10,0
446,for sony ericsson wi but i dont have to jiggle the plug did not even good for camp value,1,0
443,ive ever gone to a movie and disliked it as much,6,1
445,were too politically correct,0,0
444,use,3,0
444,use,10,0
442,you are difficult to understand everything on this was too screamy not frightening in use the sort of man is not purchase,7,0
442,you are difficult to understand everything on this was too screamy not frightening in use the sort of man is not purchase,8,0
445,were too politically correct,5,0
445,were too politically correct,8,0
447,ive only had my bluetooth for a few weeks but so far so good,4,0
446,for sony ericsson wi but i dont have to jiggle the plug did not even good for camp value,4,0
444,use,0,0
447,ive only had my bluetooth for a few weeks but so far so good,8,0
446,for sony ericsson wi but i dont have to jiggle the plug did not even good for camp value,3,0
445,were too politically correct,6,0
444,use,4,0
447,ive only had my bluetooth for a few weeks but so far so good,6,0
443,ive ever gone to a movie and disliked it as much,7,0
441,this cutie,6,0
447,ive only had my bluetooth for a few weeks but so far so good,2,1
448,great,0,0
446,for sony ericsson wi but i dont have to jiggle the plug did not even good for camp value,10,0
444,use,2,0
447,ive only had my bluetooth for a few weeks but so far so good,9,1
443,ive ever gone to a movie and disliked it as much,2,1
447,ive only had my bluetooth for a few weeks but so far so good,5,0
447,ive only had my bluetooth for a few weeks but so far so good,1,1
445,were too politically correct,4,0
445,were too politically correct,2,0
445,were too politically correct,7,0
445,were too politically correct,9,0
448,great,6,0
448,great,8,0
449,ever hear on it are amazed at the quality was very excited to get some relief,5,0
447,ive only had my bluetooth for a few weeks but so far so good,0,0
447,ive only had my bluetooth for a few weeks but so far so good,7,1
449,ever hear on it are amazed at the quality was very excited to get some relief,0,0
449,ever hear on it are amazed at the quality was very excited to get some relief,1,0
446,for sony ericsson wi but i dont have to jiggle the plug did not even good for camp value,9,0
446,for sony ericsson wi but i dont have to jiggle the plug did not even good for camp value,6,0
449,ever hear on it are amazed at the quality was very excited to get some relief,4,0
446,for sony ericsson wi but i dont have to jiggle the plug did not even good for camp value,8,0
446,for sony ericsson wi but i dont have to jiggle the plug did not even good for camp value,5,0
446,for sony ericsson wi but i dont have to jiggle the plug did not even good for camp value,2,0
446,for sony ericsson wi but i dont have to jiggle the plug did not even good for camp value,0,0
448,great,5,1
448,great,9,0
448,great,4,0
447,ive only had my bluetooth for a few weeks but so far so good,10,0
449,ever hear on it are amazed at the quality was very excited to get some relief,6,0
448,great,1,0
450,been my choice headset for yearsgreat sound good volume good noise cancellation,2,1
444,use,7,0
447,ive only had my bluetooth for a few weeks but so far so good,3,1
451,and tinny,0,0
449,ever hear on it are amazed at the quality was very excited to get some relief,7,0
448,great,10,1
450,been my choice headset for yearsgreat sound good volume good noise cancellation,0,0
444,use,6,0
446,for sony ericsson wi but i dont have to jiggle the plug did not even good for camp value,7,0
449,ever hear on it are amazed at the quality was very excited to get some relief,10,0
448,great,7,1
452,good product well made,6,1
450,been my choice headset for yearsgreat sound good volume good noise cancellation,4,1
448,great,2,1
450,been my choice headset for yearsgreat sound good volume good noise cancellation,6,1
450,been my choice headset for yearsgreat sound good volume good noise cancellation,8,1
449,ever hear on it are amazed at the quality was very excited to get some relief,2,0
448,great,3,1
450,been my choice headset for yearsgreat sound good volume good noise cancellation,7,1
440,possibly one of the most creative works of horror ever,10,1
451,and tinny,3,0
450,been my choice headset for yearsgreat sound good volume good noise cancellation,3,1
451,and tinny,7,0
438,happier with it so far,1,0
450,been my choice headset for yearsgreat sound good volume good noise cancellation,10,1
452,good product well made,4,1
451,and tinny,5,0
452,good product well made,8,1
449,ever hear on it are amazed at the quality was very excited to get some relief,8,0
450,been my choice headset for yearsgreat sound good volume good noise cancellation,5,1
453,i can think of a primal impulse of selfpreservation,5,0
453,i can think of a primal impulse of selfpreservation,6,0
453,i can think of a primal impulse of selfpreservation,2,0
450,been my choice headset for yearsgreat sound good volume good noise cancellation,1,1
452,good product well made,2,1
452,good product well made,3,1
451,and tinny,8,0
452,good product well made,5,1
453,i can think of a primal impulse of selfpreservation,8,0
453,i can think of a primal impulse of selfpreservation,1,0
450,been my choice headset for yearsgreat sound good volume good noise cancellation,9,1
451,and tinny,6,0
445,were too politically correct,1,0
451,and tinny,2,0
452,good product well made,7,1
454,there is not a quality restaurant,7,0
452,good product well made,0,1
453,i can think of a primal impulse of selfpreservation,3,0
452,good product well made,9,1
451,and tinny,9,0
452,good product well made,10,1
455,will not be getting that again,2,0
453,i can think of a primal impulse of selfpreservation,4,0
451,and tinny,1,0
455,will not be getting that again,6,0
449,ever hear on it are amazed at the quality was very excited to get some relief,9,0
454,there is not a quality restaurant,1,0
452,good product well made,1,1
453,i can think of a primal impulse of selfpreservation,10,0
455,will not be getting that again,7,0
454,there is not a quality restaurant,0,0
449,ever hear on it are amazed at the quality was very excited to get some relief,3,0
453,i can think of a primal impulse of selfpreservation,9,0
455,will not be getting that again,1,0
455,will not be getting that again,8,0
455,will not be getting that again,0,0
453,i can think of a primal impulse of selfpreservation,7,0
451,and tinny,10,0
454,there is not a quality restaurant,5,0
454,there is not a quality restaurant,8,0
455,will not be getting that again,5,1
455,will not be getting that again,4,0
455,will not be getting that again,10,0
456,does get decent hamburger,2,0
454,there is not a quality restaurant,6,0
457,with martin and wondered how long time it,10,0
454,there is not a quality restaurant,2,0
456,does get decent hamburger,6,0
454,there is not a quality restaurant,10,0
453,i can think of a primal impulse of selfpreservation,0,0
451,and tinny,4,0
456,does get decent hamburger,9,0
454,there is not a quality restaurant,4,0
457,with martin and wondered how long time it,5,0
457,with martin and wondered how long time it,2,0
457,with martin and wondered how long time it,7,0
454,there is not a quality restaurant,9,0
456,does get decent hamburger,10,0
457,with martin and wondered how long time it,1,0
456,does get decent hamburger,8,0
457,with martin and wondered how long time it,4,0
458,case too small and is very confortable to wear for somewhat extended periods of time,7,0
457,with martin and wondered how long time it,8,0
456,does get decent hamburger,0,0
456,does get decent hamburger,5,0
457,with martin and wondered how long time it,6,0
458,case too small and is very confortable to wear for somewhat extended periods of time,0,0
458,case too small and is very confortable to wear for somewhat extended periods of time,1,0
457,with martin and wondered how long time it,9,0
455,will not be getting that again,9,1
456,does get decent hamburger,3,0
458,case too small and is very confortable to wear for somewhat extended periods of time,8,0
458,case too small and is very confortable to wear for somewhat extended periods of time,10,0
456,does get decent hamburger,4,0
458,case too small and is very confortable to wear for somewhat extended periods of time,9,0
459,is very appealing,8,0
456,does get decent hamburger,7,0
460,costs,5,0
459,is very appealing,6,0
459,is very appealing,2,0
459,is very appealing,5,0
454,there is not a quality restaurant,3,1
459,is very appealing,0,0
459,is very appealing,10,0
460,costs,2,0
458,case too small and is very confortable to wear for somewhat extended periods of time,4,0
459,is very appealing,9,0
460,costs,7,0
459,is very appealing,4,0
461,make a call on these is an exercise in frustration,2,0
458,case too small and is very confortable to wear for somewhat extended periods of time,6,0
459,is very appealing,1,0
459,is very appealing,7,0
460,costs,1,0
461,make a call on these is an exercise in frustration,10,0
460,costs,3,0
461,make a call on these is an exercise in frustration,1,0
461,make a call on these is an exercise in frustration,4,0
462,flat characters or the audience nearly half of whom walked out of a film,5,0
460,costs,8,0
460,costs,6,0
461,make a call on these is an exercise in frustration,7,0
461,make a call on these is an exercise in frustration,3,0
460,costs,4,0
460,costs,0,0
461,make a call on these is an exercise in frustration,6,0
462,flat characters or the audience nearly half of whom walked out of a film,1,0
462,flat characters or the audience nearly half of whom walked out of a film,0,0
457,with martin and wondered how long time it,3,0
462,flat characters or the audience nearly half of whom walked out of a film,2,0
462,flat characters or the audience nearly half of whom walked out of a film,6,0
455,will not be getting that again,3,0
462,flat characters or the audience nearly half of whom walked out of a film,8,0
460,costs,9,0
461,make a call on these is an exercise in frustration,0,0
458,case too small and is very confortable to wear for somewhat extended periods of time,3,0
457,with martin and wondered how long time it,0,0
464,with noca,1,0
459,is very appealing,3,0
461,make a call on these is an exercise in frustration,9,0
463,was a low budget as you clearly can see,1,0
458,case too small and is very confortable to wear for somewhat extended periods of time,5,0
464,with noca,4,0
462,flat characters or the audience nearly half of whom walked out of a film,9,0
465,had more than bars ever,1,0
462,flat characters or the audience nearly half of whom walked out of a film,7,0
462,flat characters or the audience nearly half of whom walked out of a film,4,0
461,make a call on these is an exercise in frustration,8,0
463,was a low budget as you clearly can see,0,0
464,with noca,9,0
464,with noca,3,0
461,make a call on these is an exercise in frustration,5,0
464,with noca,6,0
464,with noca,2,0
463,was a low budget as you clearly can see,5,0
463,was a low budget as you clearly can see,7,0
462,flat characters or the audience nearly half of whom walked out of a film,3,0
463,was a low budget as you clearly can see,8,0
465,had more than bars ever,8,0
463,was a low budget as you clearly can see,9,0
465,had more than bars ever,2,0
464,with noca,10,0
466,likes beer ice cold or in this case even colder,8,0
466,likes beer ice cold or in this case even colder,4,0
465,had more than bars ever,10,0
463,was a low budget as you clearly can see,6,0
465,had more than bars ever,5,0
466,likes beer ice cold or in this case even colder,3,0
465,had more than bars ever,4,0
466,likes beer ice cold or in this case even colder,1,0
465,had more than bars ever,3,0
466,likes beer ice cold or in this case even colder,5,0
466,likes beer ice cold or in this case even colder,9,0
464,with noca,8,0
466,likes beer ice cold or in this case even colder,7,0
467,delivering a convincing sincere performance,0,0
463,was a low budget as you clearly can see,2,0
463,was a low budget as you clearly can see,3,0
466,likes beer ice cold or in this case even colder,2,0
465,had more than bars ever,7,0
467,delivering a convincing sincere performance,4,0
464,with noca,5,0
465,had more than bars ever,0,0
468,the food was very good and seasoned well,1,1
467,delivering a convincing sincere performance,7,0
467,delivering a convincing sincere performance,2,0
465,had more than bars ever,6,0
467,delivering a convincing sincere performance,8,0
468,the food was very good and seasoned well,4,1
468,the food was very good and seasoned well,8,1
467,delivering a convincing sincere performance,10,0
464,with noca,0,0
469,food came out disappointment ensued,1,1
466,likes beer ice cold or in this case even colder,10,0
468,the food was very good and seasoned well,6,1
469,food came out disappointment ensued,3,1
467,delivering a convincing sincere performance,1,0
467,delivering a convincing sincere performance,6,0
463,was a low budget as you clearly can see,4,0
469,food came out disappointment ensued,10,1
468,the food was very good and seasoned well,2,1
468,the food was very good and seasoned well,3,1
464,with noca,7,0
467,delivering a convincing sincere performance,9,0
470,at nobu so this place is really similar for half the price,0,1
469,food came out disappointment ensued,2,1
469,food came out disappointment ensued,0,1
470,at nobu so this place is really similar for half the price,1,1
469,food came out disappointment ensued,4,0
467,delivering a convincing sincere performance,3,0
469,food came out disappointment ensued,5,0
468,the food was very good and seasoned well,5,1
469,food came out disappointment ensued,6,1
470,at nobu so this place is really similar for half the price,9,1
470,at nobu so this place is really similar for half the price,6,1
469,food came out disappointment ensued,8,1
470,at nobu so this place is really similar for half the price,4,0
470,at nobu so this place is really similar for half the price,7,0
470,at nobu so this place is really similar for half the price,8,0
466,likes beer ice cold or in this case even colder,6,0
458,case too small and is very confortable to wear for somewhat extended periods of time,2,0
471,again because it are looking for mediocre at best buffet in her robotic face moves in each much music or dvd,1,0
472,here and crusty and a lovely film,3,0
472,here and crusty and a lovely film,1,0
470,at nobu so this place is really similar for half the price,10,1
472,here and crusty and a lovely film,8,0
465,had more than bars ever,9,0
471,again because it are looking for mediocre at best buffet in her robotic face moves in each much music or dvd,8,0
471,again because it are looking for mediocre at best buffet in her robotic face moves in each much music or dvd,10,0
472,here and crusty and a lovely film,0,0
472,here and crusty and a lovely film,4,0
471,again because it are looking for mediocre at best buffet in her robotic face moves in each much music or dvd,3,0
460,costs,10,0
471,again because it are looking for mediocre at best buffet in her robotic face moves in each much music or dvd,2,0
472,here and crusty and a lovely film,7,0
472,here and crusty and a lovely film,5,0
471,again because it are looking for mediocre at best buffet in her robotic face moves in each much music or dvd,9,0
473,slim enough to fit into my alarm clock docking station without removing the case,1,0
471,again because it are looking for mediocre at best buffet in her robotic face moves in each much music or dvd,7,0
467,delivering a convincing sincere performance,5,0
472,here and crusty and a lovely film,9,0
473,slim enough to fit into my alarm clock docking station without removing the case,8,0
474,never brought a salad we asked for it,3,0
473,slim enough to fit into my alarm clock docking station without removing the case,2,0
472,here and crusty and a lovely film,2,0
471,again because it are looking for mediocre at best buffet in her robotic face moves in each much music or dvd,0,0
470,at nobu so this place is really similar for half the price,5,0
473,slim enough to fit into my alarm clock docking station without removing the case,5,1
473,slim enough to fit into my alarm clock docking station without removing the case,6,0
468,the food was very good and seasoned well,10,1
473,slim enough to fit into my alarm clock docking station without removing the case,10,0
473,slim enough to fit into my alarm clock docking station without removing the case,4,0
469,food came out disappointment ensued,7,1
474,never brought a salad we asked for it,2,0
473,slim enough to fit into my alarm clock docking station without removing the case,7,0
468,the food was very good and seasoned well,0,1
474,never brought a salad we asked for it,10,0
468,the food was very good and seasoned well,9,1
474,never brought a salad we asked for it,9,0
470,at nobu so this place is really similar for half the price,2,1
475,stupid movie is courteous,0,0
473,slim enough to fit into my alarm clock docking station without removing the case,9,1
471,again because it are looking for mediocre at best buffet in her robotic face moves in each much music or dvd,4,0
475,stupid movie is courteous,3,0
463,was a low budget as you clearly can see,10,0
474,never brought a salad we asked for it,8,0
474,never brought a salad we asked for it,1,0
469,food came out disappointment ensued,9,0
475,stupid movie is courteous,4,0
475,stupid movie is courteous,10,0
473,slim enough to fit into my alarm clock docking station without removing the case,3,1
462,flat characters or the audience nearly half of whom walked out of a film,10,0
474,never brought a salad we asked for it,6,0
475,stupid movie is courteous,7,0
475,stupid movie is courteous,2,0
471,again because it are looking for mediocre at best buffet in her robotic face moves in each much music or dvd,5,0
473,slim enough to fit into my alarm clock docking station without removing the case,0,0
472,here and crusty and a lovely film,6,0
474,never brought a salad we asked for it,4,0
476,its welldesigned and very sharp the blue is a very average phone with bad battery life that operates on a weak network,3,0
476,its welldesigned and very sharp the blue is a very average phone with bad battery life that operates on a weak network,6,0
475,stupid movie is courteous,5,0
475,stupid movie is courteous,8,0
477,the hard plastic cases,0,0
476,its welldesigned and very sharp the blue is a very average phone with bad battery life that operates on a weak network,2,0
477,the hard plastic cases,6,0
476,its welldesigned and very sharp the blue is a very average phone with bad battery life that operates on a weak network,9,1
478,customer service anywhere,0,0
476,its welldesigned and very sharp the blue is a very average phone with bad battery life that operates on a weak network,0,0
477,the hard plastic cases,9,0
476,its welldesigned and very sharp the blue is a very average phone with bad battery life that operates on a weak network,8,0
474,never brought a salad we asked for it,5,0
476,its welldesigned and very sharp the blue is a very average phone with bad battery life that operates on a weak network,10,0
476,its welldesigned and very sharp the blue is a very average phone with bad battery life that operates on a weak network,1,0
471,again because it are looking for mediocre at best buffet in her robotic face moves in each much music or dvd,6,0
477,the hard plastic cases,7,0
478,customer service anywhere,1,0
478,customer service anywhere,5,0
477,the hard plastic cases,1,0
478,customer service anywhere,10,0
475,stupid movie is courteous,9,0
479,regardless the battery junk that i am very good side protection and worse than all,1,0
479,regardless the battery junk that i am very good side protection and worse than all,3,0
477,the hard plastic cases,10,0
478,customer service anywhere,3,0
477,the hard plastic cases,2,0
478,customer service anywhere,4,0
476,its welldesigned and very sharp the blue is a very average phone with bad battery life that operates on a weak network,7,0
478,customer service anywhere,2,0
476,its welldesigned and very sharp the blue is a very average phone with bad battery life that operates on a weak network,4,0
478,customer service anywhere,8,0
479,regardless the battery junk that i am very good side protection and worse than all,4,0
479,regardless the battery junk that i am very good side protection and worse than all,9,0
475,stupid movie is courteous,6,0
477,the hard plastic cases,5,0
479,regardless the battery junk that i am very good side protection and worse than all,2,0
466,likes beer ice cold or in this case even colder,0,0
479,regardless the battery junk that i am very good side protection and worse than all,8,0
468,the food was very good and seasoned well,7,1
474,never brought a salad we asked for it,0,0
480,until this dish,4,0
479,regardless the battery junk that i am very good side protection and worse than all,5,0
481,much pasta but i love the homemade hand made pastas and thin pizzas here,4,1
480,until this dish,3,0
478,customer service anywhere,6,0
477,the hard plastic cases,8,0
479,regardless the battery junk that i am very good side protection and worse than all,10,0
480,until this dish,7,0
479,regardless the battery junk that i am very good side protection and worse than all,6,0
480,until this dish,2,0
478,customer service anywhere,9,0
481,much pasta but i love the homemade hand made pastas and thin pizzas here,2,1
479,regardless the battery junk that i am very good side protection and worse than all,7,0
470,at nobu so this place is really similar for half the price,3,1
478,customer service anywhere,7,0
480,until this dish,6,0
480,until this dish,1,0
479,regardless the battery junk that i am very good side protection and worse than all,0,0
481,much pasta but i love the homemade hand made pastas and thin pizzas here,8,1
480,until this dish,8,0
481,much pasta but i love the homemade hand made pastas and thin pizzas here,6,1
480,until this dish,5,0
482,was bad,5,0
481,much pasta but i love the homemade hand made pastas and thin pizzas here,1,1
474,never brought a salad we asked for it,7,0
482,was bad,1,0
480,until this dish,9,0
482,was bad,2,0
481,much pasta but i love the homemade hand made pastas and thin pizzas here,10,1
481,much pasta but i love the homemade hand made pastas and thin pizzas here,3,1
477,the hard plastic cases,3,0
481,much pasta but i love the homemade hand made pastas and thin pizzas here,0,1
481,much pasta but i love the homemade hand made pastas and thin pizzas here,5,1
482,was bad,7,0
476,its welldesigned and very sharp the blue is a very average phone with bad battery life that operates on a weak network,5,0
477,the hard plastic cases,4,0
456,does get decent hamburger,1,0
482,was bad,6,0
483,and again,3,0
481,much pasta but i love the homemade hand made pastas and thin pizzas here,7,1
483,and again,6,0
483,and again,9,0
481,much pasta but i love the homemade hand made pastas and thin pizzas here,9,1
484,like it look at the side of course the flat characters werent cold,6,0
484,like it look at the side of course the flat characters werent cold,0,0
483,and again,0,0
483,and again,10,0
472,here and crusty and a lovely film,10,0
484,like it look at the side of course the flat characters werent cold,4,0
483,and again,4,0
484,like it look at the side of course the flat characters werent cold,3,0
483,and again,5,0
483,and again,1,0
485,too appealing,3,0
484,like it look at the side of course the flat characters werent cold,7,0
482,was bad,9,0
482,was bad,3,0
480,until this dish,10,0
483,and again,2,0
482,was bad,4,0
484,like it look at the side of course the flat characters werent cold,2,0
480,until this dish,0,0
484,like it look at the side of course the flat characters werent cold,1,0
485,too appealing,10,0
485,too appealing,8,0
482,was bad,10,0
485,too appealing,7,0
486,inside,5,0
482,was bad,8,0
486,inside,2,0
484,like it look at the side of course the flat characters werent cold,10,0
485,too appealing,1,0
485,too appealing,0,0
483,and again,7,0
487,outdoor patio so very delightful,3,1
482,was bad,0,0
485,too appealing,2,0
485,too appealing,9,0
486,inside,8,0
486,inside,3,0
484,like it look at the side of course the flat characters werent cold,9,0
484,like it look at the side of course the flat characters werent cold,5,0
485,too appealing,5,0
483,and again,8,0
487,outdoor patio so very delightful,1,1
486,inside,1,0
486,inside,10,0
488,venturing off the strip for the pork belly will return next time im in vegas,1,1
488,venturing off the strip for the pork belly will return next time im in vegas,5,1
488,venturing off the strip for the pork belly will return next time im in vegas,10,1
486,inside,9,0
486,inside,0,0
488,venturing off the strip for the pork belly will return next time im in vegas,3,1
487,outdoor patio so very delightful,0,1
489,example of how hollywood used to exploit women for financial gain,1,0
487,outdoor patio so very delightful,2,0
487,outdoor patio so very delightful,5,1
488,venturing off the strip for the pork belly will return next time im in vegas,4,1
487,outdoor patio so very delightful,6,1
486,inside,6,0
487,outdoor patio so very delightful,10,1
475,stupid movie is courteous,1,0
485,too appealing,4,0
489,example of how hollywood used to exploit women for financial gain,10,0
489,example of how hollywood used to exploit women for financial gain,7,0
488,venturing off the strip for the pork belly will return next time im in vegas,0,1
488,venturing off the strip for the pork belly will return next time im in vegas,2,1
484,like it look at the side of course the flat characters werent cold,8,0
489,example of how hollywood used to exploit women for financial gain,8,0
489,example of how hollywood used to exploit women for financial gain,0,0
485,too appealing,6,0
488,venturing off the strip for the pork belly will return next time im in vegas,8,1
489,example of how hollywood used to exploit women for financial gain,5,0
490,of may be amazing job done to come back,5,0
487,outdoor patio so very delightful,7,1
489,example of how hollywood used to exploit women for financial gain,3,0
486,inside,4,0
490,of may be amazing job done to come back,4,0
489,example of how hollywood used to exploit women for financial gain,9,0
488,venturing off the strip for the pork belly will return next time im in vegas,7,1
487,outdoor patio so very delightful,9,1
489,example of how hollywood used to exploit women for financial gain,2,0
490,of may be amazing job done to come back,10,0
490,of may be amazing job done to come back,1,0
489,example of how hollywood used to exploit women for financial gain,4,0
492,good quality though,1,0
492,good quality though,3,0
491,advise to identify with a script was ever seeen,3,0
490,of may be amazing job done to come back,3,0
490,of may be amazing job done to come back,7,0
491,advise to identify with a script was ever seeen,4,0
490,of may be amazing job done to come back,0,0
490,of may be amazing job done to come back,6,0
491,advise to identify with a script was ever seeen,2,0
491,advise to identify with a script was ever seeen,6,0
490,of may be amazing job done to come back,8,0
487,outdoor patio so very delightful,4,1
491,advise to identify with a script was ever seeen,5,0
486,inside,7,0
491,advise to identify with a script was ever seeen,1,0
488,venturing off the strip for the pork belly will return next time im in vegas,6,1
488,venturing off the strip for the pork belly will return next time im in vegas,9,1
491,advise to identify with a script was ever seeen,7,0
492,good quality though,4,0
492,good quality though,0,0
492,good quality though,2,0
491,advise to identify with a script was ever seeen,0,0
492,good quality though,5,0
492,good quality though,10,0
494,phone put it all back together and then restart it,2,0
491,advise to identify with a script was ever seeen,10,0
493,waiting an hour and being seated i was not in the greatest of moods,7,1
489,example of how hollywood used to exploit women for financial gain,6,0
494,phone put it all back together and then restart it,8,0
492,good quality though,7,1
494,phone put it all back together and then restart it,3,0
493,waiting an hour and being seated i was not in the greatest of moods,5,0
492,good quality though,9,0
491,advise to identify with a script was ever seeen,9,0
493,waiting an hour and being seated i was not in the greatest of moods,8,0
493,waiting an hour and being seated i was not in the greatest of moods,2,0
494,phone put it all back together and then restart it,0,0
495,putting it on,2,0
494,phone put it all back together and then restart it,7,0
495,putting it on,6,0
495,putting it on,0,0
494,phone put it all back together and then restart it,9,0
494,phone put it all back together and then restart it,10,0
493,waiting an hour and being seated i was not in the greatest of moods,6,1
493,waiting an hour and being seated i was not in the greatest of moods,1,1
494,phone put it all back together and then restart it,4,0
496,and predictable,2,0
495,putting it on,9,0
491,advise to identify with a script was ever seeen,8,0
494,phone put it all back together and then restart it,1,0
493,waiting an hour and being seated i was not in the greatest of moods,3,1
493,waiting an hour and being seated i was not in the greatest of moods,10,0
493,waiting an hour and being seated i was not in the greatest of moods,4,0
495,putting it on,5,0
496,and predictable,1,0
495,putting it on,1,0
496,and predictable,4,0
495,putting it on,8,0
494,phone put it all back together and then restart it,5,0
495,putting it on,7,0
497,the website,0,0
496,and predictable,9,0
494,phone put it all back together and then restart it,6,0
495,putting it on,3,0
497,the website,9,0
493,waiting an hour and being seated i was not in the greatest of moods,9,1
493,waiting an hour and being seated i was not in the greatest of moods,0,1
495,putting it on,4,0
495,putting it on,10,0
496,and predictable,7,0
497,the website,1,0
496,and predictable,3,0
492,good quality though,6,1
497,the website,7,0
497,the website,6,0
496,and predictable,5,0
496,and predictable,8,0
492,good quality though,8,1
497,the website,2,0
496,and predictable,0,0
498,particularly pleased with the acting ability of dwight schultz,9,1
497,the website,8,0
498,particularly pleased with the acting ability of dwight schultz,2,1
500,sentiment and heart,1,0
498,particularly pleased with the acting ability of dwight schultz,5,1
498,particularly pleased with the acting ability of dwight schultz,7,1
497,the website,4,0
487,outdoor patio so very delightful,8,1
498,particularly pleased with the acting ability of dwight schultz,4,0
497,the website,10,0
499,to the camelback flower shop and cartel coffee,0,0
498,particularly pleased with the acting ability of dwight schultz,10,1
497,the website,3,0
499,to the camelback flower shop and cartel coffee,8,0
501,not the best,0,0
499,to the camelback flower shop and cartel coffee,5,0
496,and predictable,6,0
497,the website,5,0
501,not the best,4,0
500,sentiment and heart,9,0
500,sentiment and heart,0,0
499,to the camelback flower shop and cartel coffee,2,0
500,sentiment and heart,6,0
499,to the camelback flower shop and cartel coffee,10,0
501,not the best,5,0
500,sentiment and heart,4,0
498,particularly pleased with the acting ability of dwight schultz,6,1
499,to the camelback flower shop and cartel coffee,4,0
500,sentiment and heart,2,0
498,particularly pleased with the acting ability of dwight schultz,3,1
499,to the camelback flower shop and cartel coffee,6,0
501,not the best,6,0
500,sentiment and heart,3,0
501,not the best,9,0
501,not the best,2,0
501,not the best,10,0
502,they have any from its tiny toons kept going for value,3,0
499,to the camelback flower shop and cartel coffee,7,0
498,particularly pleased with the acting ability of dwight schultz,1,1
501,not the best,8,0
504,this dribble watched it before putting it on,1,0
498,particularly pleased with the acting ability of dwight schultz,0,1
496,and predictable,10,0
499,to the camelback flower shop and cartel coffee,1,0
499,to the camelback flower shop and cartel coffee,9,0
503,three broke within two months of use,4,0
502,they have any from its tiny toons kept going for value,2,0
499,to the camelback flower shop and cartel coffee,3,0
501,not the best,1,0
502,they have any from its tiny toons kept going for value,0,0
502,they have any from its tiny toons kept going for value,4,0
501,not the best,7,0
503,three broke within two months of use,0,1
502,they have any from its tiny toons kept going for value,5,0
504,this dribble watched it before putting it on,2,0
498,particularly pleased with the acting ability of dwight schultz,8,1
503,three broke within two months of use,7,1
504,this dribble watched it before putting it on,0,0
503,three broke within two months of use,8,0
503,three broke within two months of use,5,0
503,three broke within two months of use,6,0
504,this dribble watched it before putting it on,4,0
502,they have any from its tiny toons kept going for value,9,0
503,three broke within two months of use,2,1
500,sentiment and heart,7,0
502,they have any from its tiny toons kept going for value,7,0
503,three broke within two months of use,1,1
501,not the best,3,0
502,they have any from its tiny toons kept going for value,10,0
500,sentiment and heart,10,0
504,this dribble watched it before putting it on,3,0
505,other cartoon made me laugh in a really quiet area you almost hear nothing,5,0
505,other cartoon made me laugh in a really quiet area you almost hear nothing,3,0
503,three broke within two months of use,3,0
490,of may be amazing job done to come back,2,0
505,other cartoon made me laugh in a really quiet area you almost hear nothing,0,0
506,incredible challenges facing south africa,2,0
504,this dribble watched it before putting it on,8,0
490,of may be amazing job done to come back,9,0
503,three broke within two months of use,10,1
504,this dribble watched it before putting it on,6,0
502,they have any from its tiny toons kept going for value,8,0
505,other cartoon made me laugh in a really quiet area you almost hear nothing,9,0
505,other cartoon made me laugh in a really quiet area you almost hear nothing,8,0
500,sentiment and heart,5,0
503,three broke within two months of use,9,0
506,incredible challenges facing south africa,1,0
504,this dribble watched it before putting it on,9,0
504,this dribble watched it before putting it on,7,0
505,other cartoon made me laugh in a really quiet area you almost hear nothing,2,0
507,was lukewarm,4,0
507,was lukewarm,2,0
505,other cartoon made me laugh in a really quiet area you almost hear nothing,7,0
505,other cartoon made me laugh in a really quiet area you almost hear nothing,4,0
506,incredible challenges facing south africa,0,0
506,incredible challenges facing south africa,9,0
506,incredible challenges facing south africa,7,0
506,incredible challenges facing south africa,10,0
505,other cartoon made me laugh in a really quiet area you almost hear nothing,10,0
506,incredible challenges facing south africa,3,0
506,incredible challenges facing south africa,6,0
506,incredible challenges facing south africa,4,0
506,incredible challenges facing south africa,5,0
507,was lukewarm,10,0
504,this dribble watched it before putting it on,10,0
507,was lukewarm,0,0
507,was lukewarm,9,0
506,incredible challenges facing south africa,8,0
507,was lukewarm,1,0
504,this dribble watched it before putting it on,5,0
507,was lukewarm,5,0
509,movie are also not bad as well,0,0
505,other cartoon made me laugh in a really quiet area you almost hear nothing,6,0
508,pros,3,0
502,they have any from its tiny toons kept going for value,6,0
508,pros,7,0
508,pros,4,0
507,was lukewarm,6,0
509,movie are also not bad as well,3,1
505,other cartoon made me laugh in a really quiet area you almost hear nothing,1,0
508,pros,9,0
509,movie are also not bad as well,2,1
507,was lukewarm,3,0
509,movie are also not bad as well,9,0
509,movie are also not bad as well,4,0
508,pros,6,0
508,pros,5,0
510,and would order another,5,0
508,pros,8,0
500,sentiment and heart,8,0
508,pros,2,0
507,was lukewarm,8,0
510,and would order another,0,0
502,they have any from its tiny toons kept going for value,1,0
510,and would order another,4,0
510,and would order another,2,0
509,movie are also not bad as well,7,1
511,is just lazy writing and here they come in thick and fast,0,0
510,and would order another,9,0
511,is just lazy writing and here they come in thick and fast,2,0
509,movie are also not bad as well,6,0
511,is just lazy writing and here they come in thick and fast,4,0
511,is just lazy writing and here they come in thick and fast,1,0
511,is just lazy writing and here they come in thick and fast,9,0
509,movie are also not bad as well,8,0
509,movie are also not bad as well,1,0
510,and would order another,10,0
510,and would order another,3,0
509,movie are also not bad as well,10,1
510,and would order another,1,0
511,is just lazy writing and here they come in thick and fast,10,0
508,pros,1,0
508,pros,0,0
510,and would order another,7,0
511,is just lazy writing and here they come in thick and fast,7,0
512,this premise sound stupid thats because it is allot clearer on the ear,2,0
511,is just lazy writing and here they come in thick and fast,5,0
512,this premise sound stupid thats because it is allot clearer on the ear,1,0
511,is just lazy writing and here they come in thick and fast,8,0
507,was lukewarm,7,0
510,and would order another,6,0
512,this premise sound stupid thats because it is allot clearer on the ear,5,0
513,hours,10,0
512,this premise sound stupid thats because it is allot clearer on the ear,4,0
512,this premise sound stupid thats because it is allot clearer on the ear,6,0
513,hours,1,0
511,is just lazy writing and here they come in thick and fast,6,0
512,this premise sound stupid thats because it is allot clearer on the ear,9,0
512,this premise sound stupid thats because it is allot clearer on the ear,3,0
513,hours,0,0
514,all back together and then restart it,8,0
513,hours,5,0
512,this premise sound stupid thats because it is allot clearer on the ear,0,0
513,hours,9,0
514,all back together and then restart it,4,0
513,hours,7,0
514,all back together and then restart it,7,0
514,all back together and then restart it,5,0
514,all back together and then restart it,2,0
513,hours,4,0
512,this premise sound stupid thats because it is allot clearer on the ear,8,0
515,i was so tender and their beans,4,0
508,pros,10,0
513,hours,6,0
512,this premise sound stupid thats because it is allot clearer on the ear,10,0
514,all back together and then restart it,3,0
515,i was so tender and their beans,9,0
514,all back together and then restart it,10,0
514,all back together and then restart it,0,0
512,this premise sound stupid thats because it is allot clearer on the ear,7,0
515,i was so tender and their beans,7,0
513,hours,3,0
515,i was so tender and their beans,5,0
515,i was so tender and their beans,0,0
516,like this was done to cover up the subpar food,2,0
515,i was so tender and their beans,10,0
515,i was so tender and their beans,1,0
516,like this was done to cover up the subpar food,1,0
517,tiny and the drinks are weak people,3,0
516,like this was done to cover up the subpar food,0,1
516,like this was done to cover up the subpar food,5,0
517,tiny and the drinks are weak people,2,0
515,i was so tender and their beans,6,0
509,movie are also not bad as well,5,1
516,like this was done to cover up the subpar food,10,0
516,like this was done to cover up the subpar food,7,1
516,like this was done to cover up the subpar food,4,1
516,like this was done to cover up the subpar food,9,0
517,tiny and the drinks are weak people,0,0
515,i was so tender and their beans,3,0
514,all back together and then restart it,6,0
518,glad i purchased it,9,1
511,is just lazy writing and here they come in thick and fast,3,0
515,i was so tender and their beans,2,0
518,glad i purchased it,2,1
514,all back together and then restart it,1,0
517,tiny and the drinks are weak people,1,0
514,all back together and then restart it,9,0
517,tiny and the drinks are weak people,7,0
517,tiny and the drinks are weak people,10,0
519,i pulled up the time performance,1,0
518,glad i purchased it,6,1
518,glad i purchased it,5,0
519,i pulled up the time performance,9,0
520,future goremeister lucio fulci is a great experience,2,0
518,glad i purchased it,0,0
518,glad i purchased it,1,1
518,glad i purchased it,3,1
516,like this was done to cover up the subpar food,3,0
519,i pulled up the time performance,2,0
513,hours,8,0
518,glad i purchased it,4,1
518,glad i purchased it,10,0
520,future goremeister lucio fulci is a great experience,6,0
518,glad i purchased it,7,1
519,i pulled up the time performance,5,0
517,tiny and the drinks are weak people,5,0
516,like this was done to cover up the subpar food,6,1
515,i was so tender and their beans,8,0
510,and would order another,8,0
519,i pulled up the time performance,6,0
516,like this was done to cover up the subpar food,8,0
517,tiny and the drinks are weak people,9,0
520,future goremeister lucio fulci is a great experience,0,1
521,disapppointment with our entrees,2,1
519,i pulled up the time performance,4,0
519,i pulled up the time performance,3,0
520,future goremeister lucio fulci is a great experience,1,0
520,future goremeister lucio fulci is a great experience,9,1
521,disapppointment with our entrees,0,1
519,i pulled up the time performance,0,0
520,future goremeister lucio fulci is a great experience,4,0
520,future goremeister lucio fulci is a great experience,10,0
517,tiny and the drinks are weak people,8,0
518,glad i purchased it,8,1
519,i pulled up the time performance,8,0
517,tiny and the drinks are weak people,6,0
520,future goremeister lucio fulci is a great experience,8,1
520,future goremeister lucio fulci is a great experience,7,0
519,i pulled up the time performance,10,0
521,disapppointment with our entrees,4,1
523,blah,1,0
521,disapppointment with our entrees,5,0
522,service was there is amazing,0,0
521,disapppointment with our entrees,3,0
520,future goremeister lucio fulci is a great experience,5,1
521,disapppointment with our entrees,10,0
521,disapppointment with our entrees,8,0
513,hours,2,0
521,disapppointment with our entrees,7,0
522,service was there is amazing,9,0
523,blah,7,0
520,future goremeister lucio fulci is a great experience,3,1
523,blah,4,0
523,blah,2,0
517,tiny and the drinks are weak people,4,0
522,service was there is amazing,8,0
522,service was there is amazing,3,0
524,to refill my water before i struggle to wave you over for minutes,2,0
523,blah,8,0
523,blah,6,0
523,blah,5,0
523,blah,3,0
521,disapppointment with our entrees,1,0
524,to refill my water before i struggle to wave you over for minutes,0,0
524,to refill my water before i struggle to wave you over for minutes,8,0
524,to refill my water before i struggle to wave you over for minutes,6,0
524,to refill my water before i struggle to wave you over for minutes,10,0
523,blah,0,0
524,to refill my water before i struggle to wave you over for minutes,1,0
524,to refill my water before i struggle to wave you over for minutes,4,0
525,the battery capacity and for the ring tones sound volume and really nice pictures,1,0
524,to refill my water before i struggle to wave you over for minutes,5,0
525,the battery capacity and for the ring tones sound volume and really nice pictures,0,0
525,the battery capacity and for the ring tones sound volume and really nice pictures,4,0
526,trashy cult movie this is trash period,0,0
524,to refill my water before i struggle to wave you over for minutes,9,0
525,the battery capacity and for the ring tones sound volume and really nice pictures,7,0
525,the battery capacity and for the ring tones sound volume and really nice pictures,3,0
522,service was there is amazing,10,0
522,service was there is amazing,5,0
525,the battery capacity and for the ring tones sound volume and really nice pictures,2,0
522,service was there is amazing,6,0
524,to refill my water before i struggle to wave you over for minutes,3,0
525,the battery capacity and for the ring tones sound volume and really nice pictures,5,0
526,trashy cult movie this is trash period,6,1
526,trashy cult movie this is trash period,7,0
526,trashy cult movie this is trash period,4,0
526,trashy cult movie this is trash period,2,0
526,trashy cult movie this is trash period,3,0
522,service was there is amazing,7,0
527,that the tracking was off,5,0
523,blah,10,0
526,trashy cult movie this is trash period,5,0
522,service was there is amazing,4,0
519,i pulled up the time performance,7,0
525,the battery capacity and for the ring tones sound volume and really nice pictures,10,0
526,trashy cult movie this is trash period,1,0
527,that the tracking was off,1,0
527,that the tracking was off,2,0
528,it works just peachykeen,1,0
525,the battery capacity and for the ring tones sound volume and really nice pictures,6,0
524,to refill my water before i struggle to wave you over for minutes,7,0
525,the battery capacity and for the ring tones sound volume and really nice pictures,9,0
521,disapppointment with our entrees,6,1
528,it works just peachykeen,2,1
523,blah,9,0
527,that the tracking was off,7,0
528,it works just peachykeen,5,0
526,trashy cult movie this is trash period,8,1
527,that the tracking was off,8,0
527,that the tracking was off,9,0
526,trashy cult movie this is trash period,10,1
528,it works just peachykeen,4,0
527,that the tracking was off,10,0
528,it works just peachykeen,3,1
525,the battery capacity and for the ring tones sound volume and really nice pictures,8,0
528,it works just peachykeen,9,1
529,the script,10,0
527,that the tracking was off,4,0
529,the script,1,0
528,it works just peachykeen,7,0
528,it works just peachykeen,0,0
529,the script,3,0
529,the script,2,0
528,it works just peachykeen,6,1
527,that the tracking was off,0,0
531,food was probably be rushed,3,0
527,that the tracking was off,3,0
528,it works just peachykeen,8,1
529,the script,9,0
530,sauce is an absolutely flatlined excuse for a camera phone,3,0
529,the script,5,0
529,the script,6,0
530,sauce is an absolutely flatlined excuse for a camera phone,9,1
528,it works just peachykeen,10,0
530,sauce is an absolutely flatlined excuse for a camera phone,4,0
530,sauce is an absolutely flatlined excuse for a camera phone,2,0
530,sauce is an absolutely flatlined excuse for a camera phone,10,0
521,disapppointment with our entrees,9,1
529,the script,8,0
530,sauce is an absolutely flatlined excuse for a camera phone,0,0
531,food was probably be rushed,1,0
531,food was probably be rushed,6,0
531,food was probably be rushed,5,0
531,food was probably be rushed,10,0
531,food was probably be rushed,4,0
530,sauce is an absolutely flatlined excuse for a camera phone,7,1
533,very very unreliable,2,0
532,alongside olivia de havilland was brilliant and the ending was fantastic,5,1
522,service was there is amazing,2,1
532,alongside olivia de havilland was brilliant and the ending was fantastic,3,1
529,the script,4,0
529,the script,0,0
530,sauce is an absolutely flatlined excuse for a camera phone,6,1
532,alongside olivia de havilland was brilliant and the ending was fantastic,2,0
531,food was probably be rushed,9,0
532,alongside olivia de havilland was brilliant and the ending was fantastic,7,1
533,very very unreliable,3,0
531,food was probably be rushed,8,0
527,that the tracking was off,6,0
530,sauce is an absolutely flatlined excuse for a camera phone,1,1
532,alongside olivia de havilland was brilliant and the ending was fantastic,8,1
531,food was probably be rushed,0,0
532,alongside olivia de havilland was brilliant and the ending was fantastic,10,1
522,service was there is amazing,1,0
532,alongside olivia de havilland was brilliant and the ending was fantastic,0,0
532,alongside olivia de havilland was brilliant and the ending was fantastic,4,0
531,food was probably be rushed,2,0
530,sauce is an absolutely flatlined excuse for a camera phone,8,1
529,the script,7,0
533,very very unreliable,7,0
532,alongside olivia de havilland was brilliant and the ending was fantastic,1,1
533,very very unreliable,1,0
526,trashy cult movie this is trash period,9,0
533,very very unreliable,6,0
533,very very unreliable,5,0
530,sauce is an absolutely flatlined excuse for a camera phone,5,1
532,alongside olivia de havilland was brilliant and the ending was fantastic,9,0
534,of the way and being served by during the cingular att is a very long,1,0
534,of the way and being served by during the cingular att is a very long,2,0
533,very very unreliable,0,1
533,very very unreliable,10,0
533,very very unreliable,9,1
533,very very unreliable,8,0
534,of the way and being served by during the cingular att is a very long,4,0
534,of the way and being served by during the cingular att is a very long,6,0
534,of the way and being served by during the cingular att is a very long,5,0
537,the greek dressing was so tasty and the texture was just nasty,4,1
534,of the way and being served by during the cingular att is a very long,0,0
534,of the way and being served by during the cingular att is a very long,3,0
535,hate earbugs avoid this phone by all means,6,1
534,of the way and being served by during the cingular att is a very long,7,0
536,this film over christmas and what a great double cheeseburger,1,0
534,of the way and being served by during the cingular att is a very long,8,0
535,hate earbugs avoid this phone by all means,1,0
535,hate earbugs avoid this phone by all means,9,1
535,hate earbugs avoid this phone by all means,4,0
536,this film over christmas and what a great double cheeseburger,9,0
536,this film over christmas and what a great double cheeseburger,10,0
535,hate earbugs avoid this phone by all means,3,0
532,alongside olivia de havilland was brilliant and the ending was fantastic,6,0
535,hate earbugs avoid this phone by all means,10,1
536,this film over christmas and what a great double cheeseburger,4,0
537,the greek dressing was so tasty and the texture was just nasty,1,1
533,very very unreliable,4,0
536,this film over christmas and what a great double cheeseburger,8,0
537,the greek dressing was so tasty and the texture was just nasty,6,0
536,this film over christmas and what a great double cheeseburger,0,0
535,hate earbugs avoid this phone by all means,2,1
535,hate earbugs avoid this phone by all means,0,1
538,destroying the screen,2,0
537,the greek dressing was so tasty and the texture was just nasty,2,1
535,hate earbugs avoid this phone by all means,8,1
538,destroying the screen,0,0
538,destroying the screen,6,0
538,destroying the screen,4,0
537,the greek dressing was so tasty and the texture was just nasty,10,1
536,this film over christmas and what a great double cheeseburger,7,0
536,this film over christmas and what a great double cheeseburger,3,0
538,destroying the screen,10,0
538,destroying the screen,8,0
538,destroying the screen,3,0
537,the greek dressing was so tasty and the texture was just nasty,3,1
534,of the way and being served by during the cingular att is a very long,9,0
534,of the way and being served by during the cingular att is a very long,10,0
536,this film over christmas and what a great double cheeseburger,6,0
536,this film over christmas and what a great double cheeseburger,2,0
531,food was probably be rushed,7,0
535,hate earbugs avoid this phone by all means,5,0
537,the greek dressing was so tasty and the texture was just nasty,8,1
540,many other around us who came in later did,4,0
540,many other around us who came in later did,8,0
538,destroying the screen,7,0
539,within a rough draft was great time,8,0
539,within a rough draft was great time,3,0
539,within a rough draft was great time,6,0
540,many other around us who came in later did,6,0
537,the greek dressing was so tasty and the texture was just nasty,7,0
539,within a rough draft was great time,7,0
539,within a rough draft was great time,5,0
539,within a rough draft was great time,1,0
540,many other around us who came in later did,9,0
537,the greek dressing was so tasty and the texture was just nasty,9,1
540,many other around us who came in later did,1,0
541,oh so stale,7,0
540,many other around us who came in later did,10,0
538,destroying the screen,1,0
540,many other around us who came in later did,7,0
540,many other around us who came in later did,0,0
540,many other around us who came in later did,3,0
536,this film over christmas and what a great double cheeseburger,5,0
541,oh so stale,2,0
539,within a rough draft was great time,10,0
540,many other around us who came in later did,2,0
535,hate earbugs avoid this phone by all means,7,0
538,destroying the screen,9,0
541,oh so stale,1,0
539,within a rough draft was great time,2,0
539,within a rough draft was great time,0,0
539,within a rough draft was great time,9,0
543,our vegetarian daughter,1,0
542,time and now have my new spot,8,0
542,time and now have my new spot,5,0
540,many other around us who came in later did,5,0
539,within a rough draft was great time,4,0
541,oh so stale,3,0
541,oh so stale,9,0
543,our vegetarian daughter,9,0
538,destroying the screen,5,0
537,the greek dressing was so tasty and the texture was just nasty,0,1
537,the greek dressing was so tasty and the texture was just nasty,5,1
544,there was good audio,0,1
542,time and now have my new spot,2,0
541,oh so stale,6,0
542,time and now have my new spot,4,0
542,time and now have my new spot,1,0
541,oh so stale,0,0
542,time and now have my new spot,3,0
544,there was good audio,10,1
542,time and now have my new spot,0,0
543,our vegetarian daughter,2,0
541,oh so stale,4,0
544,there was good audio,4,0
542,time and now have my new spot,7,0
543,our vegetarian daughter,4,0
544,there was good audio,3,0
543,our vegetarian daughter,8,0
544,there was good audio,7,1
543,our vegetarian daughter,5,0
545,quality sushi it is not a quality restaurant,8,0
545,quality sushi it is not a quality restaurant,1,0
544,there was good audio,8,0
544,there was good audio,5,1
544,there was good audio,6,0
545,quality sushi it is not a quality restaurant,6,0
543,our vegetarian daughter,7,0
545,quality sushi it is not a quality restaurant,5,0
541,oh so stale,8,0
544,there was good audio,2,1
541,oh so stale,10,0
542,time and now have my new spot,6,0
543,our vegetarian daughter,10,0
546,and not worth the price,4,0
544,there was good audio,1,1
545,quality sushi it is not a quality restaurant,4,0
546,and not worth the price,7,0
546,and not worth the price,5,0
545,quality sushi it is not a quality restaurant,7,0
546,and not worth the price,2,0
545,quality sushi it is not a quality restaurant,3,0
546,and not worth the price,10,0
547,this place a couple years ago and was not impressed,4,0
546,and not worth the price,0,0
543,our vegetarian daughter,0,0
545,quality sushi it is not a quality restaurant,9,0
545,quality sushi it is not a quality restaurant,2,0
546,and not worth the price,3,0
547,this place a couple years ago and was not impressed,10,0
543,our vegetarian daughter,6,0
545,quality sushi it is not a quality restaurant,0,0
547,this place a couple years ago and was not impressed,0,0
542,time and now have my new spot,10,0
546,and not worth the price,8,0
545,quality sushi it is not a quality restaurant,10,0
546,and not worth the price,6,0
549,would avoid this place if you are staying in the mirage,2,0
549,would avoid this place if you are staying in the mirage,1,0
546,and not worth the price,1,0
544,there was good audio,9,1
547,this place a couple years ago and was not impressed,3,0
547,this place a couple years ago and was not impressed,5,0
547,this place a couple years ago and was not impressed,6,0
548,it does,2,0
548,it does,6,0
547,this place a couple years ago and was not impressed,2,0
548,it does,4,0
547,this place a couple years ago and was not impressed,7,0
548,it does,7,0
548,it does,9,0
548,it does,3,0
548,it does,1,0
550,stay with his son,1,0
542,time and now have my new spot,9,0
548,it does,5,0
549,would avoid this place if you are staying in the mirage,5,1
550,stay with his son,7,0
549,would avoid this place if you are staying in the mirage,0,1
551,even in my bmw series which is fairly quiet i have trouble hearing what the other person is saying,5,0
550,stay with his son,3,0
548,it does,0,0
549,would avoid this place if you are staying in the mirage,9,0
552,direction and editing is astonishingly ham fisted,1,0
549,would avoid this place if you are staying in the mirage,6,0
550,stay with his son,10,0
550,stay with his son,6,0
550,stay with his son,4,0
550,stay with his son,2,0
551,even in my bmw series which is fairly quiet i have trouble hearing what the other person is saying,2,0
549,would avoid this place if you are staying in the mirage,8,0
549,would avoid this place if you are staying in the mirage,3,0
546,and not worth the price,9,0
551,even in my bmw series which is fairly quiet i have trouble hearing what the other person is saying,6,0
550,stay with his son,5,0
551,even in my bmw series which is fairly quiet i have trouble hearing what the other person is saying,10,0
547,this place a couple years ago and was not impressed,1,0
552,direction and editing is astonishingly ham fisted,4,0
548,it does,8,0
543,our vegetarian daughter,3,0
551,even in my bmw series which is fairly quiet i have trouble hearing what the other person is saying,4,0
541,oh so stale,5,0
551,even in my bmw series which is fairly quiet i have trouble hearing what the other person is saying,9,0
552,direction and editing is astonishingly ham fisted,3,0
551,even in my bmw series which is fairly quiet i have trouble hearing what the other person is saying,8,0
553,stable,0,0
551,even in my bmw series which is fairly quiet i have trouble hearing what the other person is saying,1,1
552,direction and editing is astonishingly ham fisted,2,0
551,even in my bmw series which is fairly quiet i have trouble hearing what the other person is saying,7,0
550,stay with his son,9,0
551,even in my bmw series which is fairly quiet i have trouble hearing what the other person is saying,3,0
554,four kids get themselves into is absolutely hilarious to watch,2,0
553,stable,1,0
553,stable,5,0
548,it does,10,0
552,direction and editing is astonishingly ham fisted,9,0
553,stable,9,0
549,would avoid this place if you are staying in the mirage,7,0
551,even in my bmw series which is fairly quiet i have trouble hearing what the other person is saying,0,0
552,direction and editing is astonishingly ham fisted,8,1
552,direction and editing is astonishingly ham fisted,0,1
549,would avoid this place if you are staying in the mirage,4,1
553,stable,3,0
549,would avoid this place if you are staying in the mirage,10,1
554,four kids get themselves into is absolutely hilarious to watch,8,0
553,stable,10,0
553,stable,8,0
554,four kids get themselves into is absolutely hilarious to watch,5,0
554,four kids get themselves into is absolutely hilarious to watch,3,0
554,four kids get themselves into is absolutely hilarious to watch,7,1
547,this place a couple years ago and was not impressed,9,0
547,this place a couple years ago and was not impressed,8,0
552,direction and editing is astonishingly ham fisted,6,1
552,direction and editing is astonishingly ham fisted,5,1
554,four kids get themselves into is absolutely hilarious to watch,4,1
550,stay with his son,8,0
553,stable,2,0
555,phone is reasonably good,7,1
555,phone is reasonably good,6,1
555,phone is reasonably good,10,0
555,phone is reasonably good,8,1
556,salsa were really good the salsa was very fresh,0,0
555,phone is reasonably good,3,1
553,stable,6,0
555,phone is reasonably good,4,0
557,when its so terrible,6,0
555,phone is reasonably good,0,1
554,four kids get themselves into is absolutely hilarious to watch,1,1
554,four kids get themselves into is absolutely hilarious to watch,6,0
550,stay with his son,0,0
556,salsa were really good the salsa was very fresh,7,0
556,salsa were really good the salsa was very fresh,3,0
552,direction and editing is astonishingly ham fisted,7,1
554,four kids get themselves into is absolutely hilarious to watch,0,1
555,phone is reasonably good,5,1
557,when its so terrible,1,0
555,phone is reasonably good,2,0
556,salsa were really good the salsa was very fresh,8,0
556,salsa were really good the salsa was very fresh,9,0
557,when its so terrible,7,0
552,direction and editing is astonishingly ham fisted,10,0
558,a lilt in my entire life,2,0
556,salsa were really good the salsa was very fresh,4,0
554,four kids get themselves into is absolutely hilarious to watch,10,0
556,salsa were really good the salsa was very fresh,10,1
557,when its so terrible,10,0
555,phone is reasonably good,1,1
559,customize your order any way youd like my usual is eggplant with green bean stir fry love it,0,0
558,a lilt in my entire life,1,0
558,a lilt in my entire life,7,0
556,salsa were really good the salsa was very fresh,1,0
557,when its so terrible,4,0
558,a lilt in my entire life,3,0
557,when its so terrible,0,0
558,a lilt in my entire life,10,0
556,salsa were really good the salsa was very fresh,2,0
557,when its so terrible,3,0
557,when its so terrible,9,0
556,salsa were really good the salsa was very fresh,5,0
558,a lilt in my entire life,4,0
556,salsa were really good the salsa was very fresh,6,1
560,genre will be back,3,0
553,stable,7,0
558,a lilt in my entire life,6,0
560,genre will be back,2,0
559,customize your order any way youd like my usual is eggplant with green bean stir fry love it,3,0
558,a lilt in my entire life,5,0
559,customize your order any way youd like my usual is eggplant with green bean stir fry love it,1,0
561,movie was a huge disappointment,4,1
559,customize your order any way youd like my usual is eggplant with green bean stir fry love it,10,0
559,customize your order any way youd like my usual is eggplant with green bean stir fry love it,2,0
557,when its so terrible,2,0
553,stable,4,0
559,customize your order any way youd like my usual is eggplant with green bean stir fry love it,9,0
558,a lilt in my entire life,9,0
559,customize your order any way youd like my usual is eggplant with green bean stir fry love it,8,1
561,movie was a huge disappointment,10,1
561,movie was a huge disappointment,8,1
554,four kids get themselves into is absolutely hilarious to watch,9,0
555,phone is reasonably good,9,1
559,customize your order any way youd like my usual is eggplant with green bean stir fry love it,6,0
560,genre will be back,1,0
559,customize your order any way youd like my usual is eggplant with green bean stir fry love it,5,1
561,movie was a huge disappointment,2,1
561,movie was a huge disappointment,0,1
561,movie was a huge disappointment,7,1
560,genre will be back,9,0
557,when its so terrible,8,0
560,genre will be back,4,0
561,movie was a huge disappointment,9,1
559,customize your order any way youd like my usual is eggplant with green bean stir fry love it,7,1
561,movie was a huge disappointment,1,1
561,movie was a huge disappointment,3,1
562,they burned the saganaki,10,0
560,genre will be back,7,0
560,genre will be back,5,0
560,genre will be back,0,0
562,they burned the saganaki,4,0
562,they burned the saganaki,2,0
561,movie was a huge disappointment,6,1
560,genre will be back,8,0
562,they burned the saganaki,0,0
563,visit,1,0
563,visit,7,0
562,they burned the saganaki,1,0
564,opens the battery connection is broken and the device is unacceptableunless you are in a really quiet area you almost hear nothing,4,0
560,genre will be back,10,0
562,they burned the saganaki,8,0
562,they burned the saganaki,5,0
559,customize your order any way youd like my usual is eggplant with green bean stir fry love it,4,0
560,genre will be back,6,0
562,they burned the saganaki,3,0
558,a lilt in my entire life,0,0
565,lets look at the major flaw in the film they destroy latifas character,1,0
563,visit,2,0
561,movie was a huge disappointment,5,1
557,when its so terrible,5,0
565,lets look at the major flaw in the film they destroy latifas character,5,0
563,visit,5,0
565,lets look at the major flaw in the film they destroy latifas character,6,0
564,opens the battery connection is broken and the device is unacceptableunless you are in a really quiet area you almost hear nothing,3,0
564,opens the battery connection is broken and the device is unacceptableunless you are in a really quiet area you almost hear nothing,1,0
563,visit,0,0
562,they burned the saganaki,6,0
563,visit,4,0
558,a lilt in my entire life,8,0
563,visit,8,0
564,opens the battery connection is broken and the device is unacceptableunless you are in a really quiet area you almost hear nothing,8,0
563,visit,10,0
565,lets look at the major flaw in the film they destroy latifas character,0,1
565,lets look at the major flaw in the film they destroy latifas character,7,0
564,opens the battery connection is broken and the device is unacceptableunless you are in a really quiet area you almost hear nothing,2,0
564,opens the battery connection is broken and the device is unacceptableunless you are in a really quiet area you almost hear nothing,5,0
564,opens the battery connection is broken and the device is unacceptableunless you are in a really quiet area you almost hear nothing,0,0
562,they burned the saganaki,9,0
564,opens the battery connection is broken and the device is unacceptableunless you are in a really quiet area you almost hear nothing,10,0
566,took over and great network coverage in,5,0
565,lets look at the major flaw in the film they destroy latifas character,10,0
565,lets look at the major flaw in the film they destroy latifas character,8,0
567,dit not match picture,0,0
564,opens the battery connection is broken and the device is unacceptableunless you are in a really quiet area you almost hear nothing,7,0
563,visit,9,0
567,dit not match picture,3,0
564,opens the battery connection is broken and the device is unacceptableunless you are in a really quiet area you almost hear nothing,6,0
563,visit,3,0
566,took over and great network coverage in,4,0
565,lets look at the major flaw in the film they destroy latifas character,3,0
565,lets look at the major flaw in the film they destroy latifas character,2,0
564,opens the battery connection is broken and the device is unacceptableunless you are in a really quiet area you almost hear nothing,9,0
568,is not tip lady at first visit,3,0
566,took over and great network coverage in,8,0
566,took over and great network coverage in,1,0
566,took over and great network coverage in,7,0
566,took over and great network coverage in,0,0
568,is not tip lady at first visit,1,0
567,dit not match picture,5,0
565,lets look at the major flaw in the film they destroy latifas character,4,1
568,is not tip lady at first visit,4,0
563,visit,6,0
566,took over and great network coverage in,2,0
567,dit not match picture,4,0
567,dit not match picture,1,0
567,dit not match picture,7,0
568,is not tip lady at first visit,0,0
568,is not tip lady at first visit,2,0
567,dit not match picture,9,0
568,is not tip lady at first visit,9,0
568,is not tip lady at first visit,8,0
568,is not tip lady at first visit,7,0
568,is not tip lady at first visit,5,0
566,took over and great network coverage in,6,0
567,dit not match picture,10,0
568,is not tip lady at first visit,10,0
569,the mic,3,0
567,dit not match picture,6,0
567,dit not match picture,2,0
569,the mic,0,0
570,its so sorry i felt when my purchase ive stepped foot into that minutes to go wrong,0,0
569,the mic,1,0
565,lets look at the major flaw in the film they destroy latifas character,9,1
566,took over and great network coverage in,3,0
568,is not tip lady at first visit,6,0
569,the mic,2,0
571,and break easily,8,0
566,took over and great network coverage in,10,0
562,they burned the saganaki,7,0
566,took over and great network coverage in,9,0
570,its so sorry i felt when my purchase ive stepped foot into that minutes to go wrong,5,0
571,and break easily,4,0
571,and break easily,2,0
570,its so sorry i felt when my purchase ive stepped foot into that minutes to go wrong,1,0
569,the mic,10,0
569,the mic,9,0
569,the mic,8,0
567,dit not match picture,8,0
572,i love this is essentially you have ever gone,2,0
570,its so sorry i felt when my purchase ive stepped foot into that minutes to go wrong,3,0
570,its so sorry i felt when my purchase ive stepped foot into that minutes to go wrong,2,0
570,its so sorry i felt when my purchase ive stepped foot into that minutes to go wrong,6,0
570,its so sorry i felt when my purchase ive stepped foot into that minutes to go wrong,4,0
572,i love this is essentially you have ever gone,1,0
571,and break easily,7,0
571,and break easily,10,0
569,the mic,7,0
569,the mic,5,0
571,and break easily,0,0
571,and break easily,3,0
572,i love this is essentially you have ever gone,3,0
570,its so sorry i felt when my purchase ive stepped foot into that minutes to go wrong,8,0
573,is real good,5,0
569,the mic,4,0
571,and break easily,6,0
572,i love this is essentially you have ever gone,9,0
572,i love this is essentially you have ever gone,0,0
573,is real good,3,0
571,and break easily,1,0
572,i love this is essentially you have ever gone,6,0
571,and break easily,9,0
572,i love this is essentially you have ever gone,5,0
573,is real good,1,0
572,i love this is essentially you have ever gone,10,0
573,is real good,2,1
574,bullock movie since speed but not scared at all to recommend,9,0
573,is real good,10,0
570,its so sorry i felt when my purchase ive stepped foot into that minutes to go wrong,7,0
573,is real good,4,0
570,its so sorry i felt when my purchase ive stepped foot into that minutes to go wrong,10,0
575,it was way to expensive,2,1
571,and break easily,5,0
574,bullock movie since speed but not scared at all to recommend,10,0
575,it was way to expensive,10,1
575,it was way to expensive,1,1
573,is real good,0,0
574,bullock movie since speed but not scared at all to recommend,6,0
574,bullock movie since speed but not scared at all to recommend,3,0
573,is real good,6,0
576,cold not enough flavor or just bad,0,1
572,i love this is essentially you have ever gone,7,0
574,bullock movie since speed but not scared at all to recommend,5,0
574,bullock movie since speed but not scared at all to recommend,1,0
576,cold not enough flavor or just bad,8,1
576,cold not enough flavor or just bad,9,1
576,cold not enough flavor or just bad,2,1
575,it was way to expensive,9,1
573,is real good,8,0
572,i love this is essentially you have ever gone,8,0
575,it was way to expensive,6,0
575,it was way to expensive,8,1
577,my moms multigrain pumpkin pancakes with pecan butter and they were amazing fluffy and delicious,8,1
569,the mic,6,0
575,it was way to expensive,0,1
576,cold not enough flavor or just bad,1,1
575,it was way to expensive,4,0
574,bullock movie since speed but not scared at all to recommend,4,0
574,bullock movie since speed but not scared at all to recommend,2,1
576,cold not enough flavor or just bad,5,1
576,cold not enough flavor or just bad,10,1
576,cold not enough flavor or just bad,7,1
573,is real good,7,1
577,my moms multigrain pumpkin pancakes with pecan butter and they were amazing fluffy and delicious,0,1
577,my moms multigrain pumpkin pancakes with pecan butter and they were amazing fluffy and delicious,2,1
575,it was way to expensive,7,1
577,my moms multigrain pumpkin pancakes with pecan butter and they were amazing fluffy and delicious,5,0
574,bullock movie since speed but not scared at all to recommend,0,0
577,my moms multigrain pumpkin pancakes with pecan butter and they were amazing fluffy and delicious,3,1
578,perfectly between overacting and underacting,3,0
576,cold not enough flavor or just bad,6,1
577,my moms multigrain pumpkin pancakes with pecan butter and they were amazing fluffy and delicious,1,0
576,cold not enough flavor or just bad,3,1
574,bullock movie since speed but not scared at all to recommend,7,0
578,perfectly between overacting and underacting,10,0
578,perfectly between overacting and underacting,8,0
573,is real good,9,0
575,it was way to expensive,3,1
578,perfectly between overacting and underacting,0,0
578,perfectly between overacting and underacting,1,0
577,my moms multigrain pumpkin pancakes with pecan butter and they were amazing fluffy and delicious,10,0
578,perfectly between overacting and underacting,2,0
572,i love this is essentially you have ever gone,4,0
578,perfectly between overacting and underacting,9,0
577,my moms multigrain pumpkin pancakes with pecan butter and they were amazing fluffy and delicious,4,1
577,my moms multigrain pumpkin pancakes with pecan butter and they were amazing fluffy and delicious,6,1
578,perfectly between overacting and underacting,7,1
579,nobody identifies with these characters because theyre all cardboard cutouts and buttons are placed perfectly,8,0
580,expected but it does not match picture,10,0
580,expected but it does not match picture,2,0
579,nobody identifies with these characters because theyre all cardboard cutouts and buttons are placed perfectly,4,0
579,nobody identifies with these characters because theyre all cardboard cutouts and buttons are placed perfectly,5,1
581,white corn beateous,4,0
580,expected but it does not match picture,0,0
581,white corn beateous,3,0
579,nobody identifies with these characters because theyre all cardboard cutouts and buttons are placed perfectly,3,0
574,bullock movie since speed but not scared at all to recommend,8,0
579,nobody identifies with these characters because theyre all cardboard cutouts and buttons are placed perfectly,7,0
580,expected but it does not match picture,9,0
579,nobody identifies with these characters because theyre all cardboard cutouts and buttons are placed perfectly,10,0
581,white corn beateous,5,0
577,my moms multigrain pumpkin pancakes with pecan butter and they were amazing fluffy and delicious,7,1
580,expected but it does not match picture,1,0
580,expected but it does not match picture,4,0
580,expected but it does not match picture,7,0
580,expected but it does not match picture,5,0
579,nobody identifies with these characters because theyre all cardboard cutouts and buttons are placed perfectly,1,0
580,expected but it does not match picture,6,0
581,white corn beateous,6,0
581,white corn beateous,0,0
577,my moms multigrain pumpkin pancakes with pecan butter and they were amazing fluffy and delicious,9,0
579,nobody identifies with these characters because theyre all cardboard cutouts and buttons are placed perfectly,6,0
581,white corn beateous,9,0
578,perfectly between overacting and underacting,5,1
582,hopeless overacting by everyone who gets shot top off a real waste of space and time,1,1
579,nobody identifies with these characters because theyre all cardboard cutouts and buttons are placed perfectly,0,0
582,hopeless overacting by everyone who gets shot top off a real waste of space and time,3,1
582,hopeless overacting by everyone who gets shot top off a real waste of space and time,0,0
575,it was way to expensive,5,1
579,nobody identifies with these characters because theyre all cardboard cutouts and buttons are placed perfectly,2,0
431,had better dialogue with his potted plants has it right,5,0
583,talk,6,0
581,white corn beateous,1,0
583,talk,2,0
570,its so sorry i felt when my purchase ive stepped foot into that minutes to go wrong,9,0
580,expected but it does not match picture,3,0
582,hopeless overacting by everyone who gets shot top off a real waste of space and time,5,1
582,hopeless overacting by everyone who gets shot top off a real waste of space and time,6,1
582,hopeless overacting by everyone who gets shot top off a real waste of space and time,10,1
583,talk,1,0
578,perfectly between overacting and underacting,4,0
584,case too small and is very difficult to install,3,1
582,hopeless overacting by everyone who gets shot top off a real waste of space and time,8,0
576,cold not enough flavor or just bad,4,1
585,to deal with and they dont always honor pizza hut coupons,1,0
581,white corn beateous,10,0
579,nobody identifies with these characters because theyre all cardboard cutouts and buttons are placed perfectly,9,0
581,white corn beateous,7,0
581,white corn beateous,2,0
578,perfectly between overacting and underacting,6,0
582,hopeless overacting by everyone who gets shot top off a real waste of space and time,9,0
586,show,1,0
583,talk,3,0
583,talk,0,0
582,hopeless overacting by everyone who gets shot top off a real waste of space and time,7,1
581,white corn beateous,8,0
583,talk,5,0
583,talk,8,0
583,talk,7,0
583,talk,4,0
580,expected but it does not match picture,8,0
582,hopeless overacting by everyone who gets shot top off a real waste of space and time,4,0
584,case too small and is very difficult to install,0,0
584,case too small and is very difficult to install,9,0
584,case too small and is very difficult to install,1,0
584,case too small and is very difficult to install,5,0
584,case too small and is very difficult to install,6,0
584,case too small and is very difficult to install,2,0
585,to deal with and they dont always honor pizza hut coupons,8,0
585,to deal with and they dont always honor pizza hut coupons,2,0
582,hopeless overacting by everyone who gets shot top off a real waste of space and time,2,1
584,case too small and is very difficult to install,4,1
585,to deal with and they dont always honor pizza hut coupons,7,0
586,show,5,0
584,case too small and is very difficult to install,7,0
586,show,2,0
586,show,9,0
586,show,8,0
585,to deal with and they dont always honor pizza hut coupons,9,0
585,to deal with and they dont always honor pizza hut coupons,3,0
585,to deal with and they dont always honor pizza hut coupons,4,0
584,case too small and is very difficult to install,10,0
586,show,6,0
586,show,3,0
584,case too small and is very difficult to install,8,1
587,my score is mostly for the plot,10,0
587,my score is mostly for the plot,5,0
586,show,10,0
587,my score is mostly for the plot,2,0
583,talk,9,0
588,to have much rather eat here for what,0,0
588,to have much rather eat here for what,10,0
587,my score is mostly for the plot,6,0
588,to have much rather eat here for what,2,0
589,the specs alone makes you say wow,7,0
587,my score is mostly for the plot,4,0
586,show,4,0
583,talk,10,0
587,my score is mostly for the plot,9,0
585,to deal with and they dont always honor pizza hut coupons,0,0
588,to have much rather eat here for what,1,0
587,my score is mostly for the plot,7,0
588,to have much rather eat here for what,5,0
588,to have much rather eat here for what,8,0
588,to have much rather eat here for what,7,0
589,the specs alone makes you say wow,2,1
587,my score is mostly for the plot,3,1
585,to deal with and they dont always honor pizza hut coupons,6,0
589,the specs alone makes you say wow,3,0
589,the specs alone makes you say wow,1,0
588,to have much rather eat here for what,9,0
585,to deal with and they dont always honor pizza hut coupons,10,0
586,show,0,0
590,hybrid palmtopcameracellphone and dance scene after i use some pretty large rowdy table and disliked it,6,0
590,hybrid palmtopcameracellphone and dance scene after i use some pretty large rowdy table and disliked it,3,0
589,the specs alone makes you say wow,4,0
590,hybrid palmtopcameracellphone and dance scene after i use some pretty large rowdy table and disliked it,8,0
589,the specs alone makes you say wow,6,1
588,to have much rather eat here for what,6,0
590,hybrid palmtopcameracellphone and dance scene after i use some pretty large rowdy table and disliked it,2,0
587,my score is mostly for the plot,8,0
585,to deal with and they dont always honor pizza hut coupons,5,0
590,hybrid palmtopcameracellphone and dance scene after i use some pretty large rowdy table and disliked it,0,0
590,hybrid palmtopcameracellphone and dance scene after i use some pretty large rowdy table and disliked it,7,0
589,the specs alone makes you say wow,5,1
591,ie,8,0
588,to have much rather eat here for what,3,0
591,ie,3,0
590,hybrid palmtopcameracellphone and dance scene after i use some pretty large rowdy table and disliked it,9,0
591,ie,6,0
591,ie,10,0
590,hybrid palmtopcameracellphone and dance scene after i use some pretty large rowdy table and disliked it,1,0
589,the specs alone makes you say wow,10,0
589,the specs alone makes you say wow,8,0
589,the specs alone makes you say wow,0,0
591,ie,7,0
591,ie,0,0
589,the specs alone makes you say wow,9,1
593,low rent michael ironside,2,0
590,hybrid palmtopcameracellphone and dance scene after i use some pretty large rowdy table and disliked it,5,0
587,my score is mostly for the plot,0,0
587,my score is mostly for the plot,1,1
592,i have been here several times in the past and certainly doesnt work here,6,0
593,low rent michael ironside,3,0
592,i have been here several times in the past and certainly doesnt work here,4,0
592,i have been here several times in the past and certainly doesnt work here,3,0
590,hybrid palmtopcameracellphone and dance scene after i use some pretty large rowdy table and disliked it,10,0
588,to have much rather eat here for what,4,0
591,ie,2,0
591,ie,4,0
591,ie,9,0
594,disappointed although some blame needs to be placed at her door,8,0
594,disappointed although some blame needs to be placed at her door,0,0
592,i have been here several times in the past and certainly doesnt work here,8,0
594,disappointed although some blame needs to be placed at her door,9,0
594,disappointed although some blame needs to be placed at her door,2,0
591,ie,5,0
592,i have been here several times in the past and certainly doesnt work here,9,0
594,disappointed although some blame needs to be placed at her door,3,0
592,i have been here several times in the past and certainly doesnt work here,10,0
592,i have been here several times in the past and certainly doesnt work here,2,0
593,low rent michael ironside,7,0
594,disappointed although some blame needs to be placed at her door,7,0
592,i have been here several times in the past and certainly doesnt work here,7,0
594,disappointed although some blame needs to be placed at her door,1,0
594,disappointed although some blame needs to be placed at her door,5,0
593,low rent michael ironside,8,0
593,low rent michael ironside,4,0
594,disappointed although some blame needs to be placed at her door,10,0
593,low rent michael ironside,1,0
593,low rent michael ironside,6,0
592,i have been here several times in the past and certainly doesnt work here,0,0
595,have only had it for a few minutes just to get some relief,2,0
595,have only had it for a few minutes just to get some relief,0,0
593,low rent michael ironside,5,0
594,disappointed although some blame needs to be placed at her door,6,0
593,low rent michael ironside,0,0
596,really want to make your experience a good one,1,0
596,really want to make your experience a good one,2,0
596,really want to make your experience a good one,5,0
595,have only had it for a few minutes just to get some relief,4,0
593,low rent michael ironside,10,0
593,low rent michael ironside,9,0
592,i have been here several times in the past and certainly doesnt work here,1,0
595,have only had it for a few minutes just to get some relief,8,0
596,really want to make your experience a good one,3,0
594,disappointed although some blame needs to be placed at her door,4,0
598,overall i went on reccomendation from his voiceovers were really worth viewing and the ambience is torture,1,0
597,suddenly died in a couple years,4,0
596,really want to make your experience a good one,10,0
596,really want to make your experience a good one,6,0
597,suddenly died in a couple years,9,0
597,suddenly died in a couple years,1,0
598,overall i went on reccomendation from his voiceovers were really worth viewing and the ambience is torture,2,0
597,suddenly died in a couple years,3,0
597,suddenly died in a couple years,7,0
596,really want to make your experience a good one,4,0
597,suddenly died in a couple years,8,0
598,overall i went on reccomendation from his voiceovers were really worth viewing and the ambience is torture,4,0
595,have only had it for a few minutes just to get some relief,9,0
586,show,7,0
598,overall i went on reccomendation from his voiceovers were really worth viewing and the ambience is torture,7,0
598,overall i went on reccomendation from his voiceovers were really worth viewing and the ambience is torture,8,0
595,have only had it for a few minutes just to get some relief,7,0
598,overall i went on reccomendation from his voiceovers were really worth viewing and the ambience is torture,0,0
598,overall i went on reccomendation from his voiceovers were really worth viewing and the ambience is torture,5,0
598,overall i went on reccomendation from his voiceovers were really worth viewing and the ambience is torture,9,0
595,have only had it for a few minutes just to get some relief,1,0
596,really want to make your experience a good one,8,0
595,have only had it for a few minutes just to get some relief,6,0
597,suddenly died in a couple years,10,0
595,have only had it for a few minutes just to get some relief,5,0
595,have only had it for a few minutes just to get some relief,10,0
599,volume and of art,3,0
599,volume and of art,5,0
599,volume and of art,9,0
600,on flavor,1,0
595,have only had it for a few minutes just to get some relief,3,0
600,on flavor,2,0
598,overall i went on reccomendation from his voiceovers were really worth viewing and the ambience is torture,3,0
599,volume and of art,6,0
598,overall i went on reccomendation from his voiceovers were really worth viewing and the ambience is torture,10,0
597,suddenly died in a couple years,0,0
596,really want to make your experience a good one,7,0
600,on flavor,0,0
599,volume and of art,4,0
600,on flavor,8,0
600,on flavor,7,0
599,volume and of art,8,0
597,suddenly died in a couple years,6,0
597,suddenly died in a couple years,2,0
600,on flavor,4,0
599,volume and of art,2,0
600,on flavor,5,0
600,on flavor,3,0
596,really want to make your experience a good one,0,0
599,volume and of art,7,0
601,dont like a brilliant,4,0
599,volume and of art,0,0
597,suddenly died in a couple years,5,0
599,volume and of art,10,0
600,on flavor,9,0
600,on flavor,6,0
601,dont like a brilliant,10,0
602,grilled pizza reminded me of legit italian pizza,3,1
601,dont like a brilliant,1,0
602,grilled pizza reminded me of legit italian pizza,7,1
602,grilled pizza reminded me of legit italian pizza,2,1
601,dont like a brilliant,7,0
602,grilled pizza reminded me of legit italian pizza,6,1
602,grilled pizza reminded me of legit italian pizza,1,1
602,grilled pizza reminded me of legit italian pizza,5,1
601,dont like a brilliant,5,0
600,on flavor,10,0
602,grilled pizza reminded me of legit italian pizza,8,1
602,grilled pizza reminded me of legit italian pizza,0,1
603,am giving it such a bad review,6,1
603,am giving it such a bad review,9,0
603,am giving it such a bad review,5,0
604,prays previous film hype,0,0
601,dont like a brilliant,9,0
601,dont like a brilliant,2,0
604,prays previous film hype,4,0
603,am giving it such a bad review,0,1
603,am giving it such a bad review,2,1
590,hybrid palmtopcameracellphone and dance scene after i use some pretty large rowdy table and disliked it,4,0
604,prays previous film hype,3,0
604,prays previous film hype,1,0
602,grilled pizza reminded me of legit italian pizza,9,1
605,cooked just right,2,0
604,prays previous film hype,6,0
603,am giving it such a bad review,3,0
605,cooked just right,0,0
603,am giving it such a bad review,8,0
601,dont like a brilliant,8,0
604,prays previous film hype,5,0
602,grilled pizza reminded me of legit italian pizza,10,1
604,prays previous film hype,10,0
596,really want to make your experience a good one,9,0
604,prays previous film hype,2,0
606,great the bumpers with the lights is very appealing,0,1
601,dont like a brilliant,0,0
603,am giving it such a bad review,10,0
601,dont like a brilliant,6,0
604,prays previous film hype,9,0
606,great the bumpers with the lights is very appealing,1,1
606,great the bumpers with the lights is very appealing,2,0
601,dont like a brilliant,3,0
591,ie,1,0
606,great the bumpers with the lights is very appealing,10,1
605,cooked just right,8,0
606,great the bumpers with the lights is very appealing,7,0
592,i have been here several times in the past and certainly doesnt work here,5,0
602,grilled pizza reminded me of legit italian pizza,4,1
605,cooked just right,4,0
606,great the bumpers with the lights is very appealing,6,1
603,am giving it such a bad review,7,1
605,cooked just right,10,0
607,an iriver spinn with the only possible,0,0
603,am giving it such a bad review,1,0
605,cooked just right,5,0
606,great the bumpers with the lights is very appealing,3,0
605,cooked just right,3,0
608,so does this cheap little phone,1,0
605,cooked just right,7,1
606,great the bumpers with the lights is very appealing,8,0
599,volume and of art,1,0
605,cooked just right,6,0
607,an iriver spinn with the only possible,4,0
604,prays previous film hype,7,0
608,so does this cheap little phone,2,0
606,great the bumpers with the lights is very appealing,9,1
605,cooked just right,1,0
608,so does this cheap little phone,8,0
607,an iriver spinn with the only possible,10,0
608,so does this cheap little phone,3,0
607,an iriver spinn with the only possible,6,0
603,am giving it such a bad review,4,0
607,an iriver spinn with the only possible,3,0
606,great the bumpers with the lights is very appealing,4,1
607,an iriver spinn with the only possible,9,0
608,so does this cheap little phone,6,0
608,so does this cheap little phone,7,0
607,an iriver spinn with the only possible,1,0
607,an iriver spinn with the only possible,5,0
607,an iriver spinn with the only possible,7,0
598,overall i went on reccomendation from his voiceovers were really worth viewing and the ambience is torture,6,0
606,great the bumpers with the lights is very appealing,5,0
610,disrespected how this television series a unique menu was forced to this greedy corporation will get great customer service,1,0
609,bells whistles are mediocre,3,0
609,bells whistles are mediocre,8,0
607,an iriver spinn with the only possible,2,0
609,bells whistles are mediocre,2,0
608,so does this cheap little phone,4,0
609,bells whistles are mediocre,5,0
609,bells whistles are mediocre,1,0
609,bells whistles are mediocre,0,0
607,an iriver spinn with the only possible,8,0
609,bells whistles are mediocre,4,0
608,so does this cheap little phone,10,0
609,bells whistles are mediocre,6,0
610,disrespected how this television series a unique menu was forced to this greedy corporation will get great customer service,4,0
610,disrespected how this television series a unique menu was forced to this greedy corporation will get great customer service,9,0
610,disrespected how this television series a unique menu was forced to this greedy corporation will get great customer service,6,0
609,bells whistles are mediocre,9,0
610,disrespected how this television series a unique menu was forced to this greedy corporation will get great customer service,5,0
610,disrespected how this television series a unique menu was forced to this greedy corporation will get great customer service,7,0
610,disrespected how this television series a unique menu was forced to this greedy corporation will get great customer service,0,0
611,at best,0,0
608,so does this cheap little phone,5,0
610,disrespected how this television series a unique menu was forced to this greedy corporation will get great customer service,10,0
608,so does this cheap little phone,0,0
610,disrespected how this television series a unique menu was forced to this greedy corporation will get great customer service,8,0
608,so does this cheap little phone,9,0
611,at best,3,0
611,at best,1,0
610,disrespected how this television series a unique menu was forced to this greedy corporation will get great customer service,2,0
611,at best,7,0
612,fun chef,1,0
612,fun chef,0,0
612,fun chef,2,0
611,at best,6,0
611,at best,10,0
609,bells whistles are mediocre,10,0
609,bells whistles are mediocre,7,0
611,at best,4,0
611,at best,8,0
605,cooked just right,9,0
612,fun chef,7,0
613,i got was definitely reheated and was very bad customer service,1,1
611,at best,9,0
610,disrespected how this television series a unique menu was forced to this greedy corporation will get great customer service,3,0
614,scenery,2,0
613,i got was definitely reheated and was very bad customer service,9,1
611,at best,2,0
612,fun chef,4,0
613,i got was definitely reheated and was very bad customer service,4,0
612,fun chef,6,0
614,scenery,6,0
613,i got was definitely reheated and was very bad customer service,7,0
615,the a glove and the mirage,5,0
615,the a glove and the mirage,0,0
614,scenery,4,0
613,i got was definitely reheated and was very bad customer service,3,0
612,fun chef,5,0
613,i got was definitely reheated and was very bad customer service,0,0
612,fun chef,8,0
612,fun chef,3,0
614,scenery,1,0
614,scenery,7,0
611,at best,5,0
613,i got was definitely reheated and was very bad customer service,10,0
614,scenery,8,0
615,the a glove and the mirage,2,0
614,scenery,10,0
614,scenery,5,0
616,the theatre for gods sake,6,0
615,the a glove and the mirage,4,0
616,the theatre for gods sake,1,0
612,fun chef,9,0
604,prays previous film hype,8,0
613,i got was definitely reheated and was very bad customer service,8,1
616,the theatre for gods sake,0,0
615,the a glove and the mirage,1,0
616,the theatre for gods sake,2,0
616,the theatre for gods sake,3,0
615,the a glove and the mirage,7,0
613,i got was definitely reheated and was very bad customer service,2,1
613,i got was definitely reheated and was very bad customer service,6,0
616,the theatre for gods sake,9,0
614,scenery,3,0
616,the theatre for gods sake,4,0
615,the a glove and the mirage,3,0
618,i was delicious,0,0
612,fun chef,10,0
617,out of salads,4,0
617,out of salads,5,0
616,the theatre for gods sake,5,0
617,out of salads,6,0
616,the theatre for gods sake,10,1
614,scenery,0,0
615,the a glove and the mirage,9,0
617,out of salads,10,0
617,out of salads,7,0
615,the a glove and the mirage,6,0
617,out of salads,8,0
618,i was delicious,1,0
617,out of salads,2,0
617,out of salads,1,0
616,the theatre for gods sake,7,0
618,i was delicious,2,0
618,i was delicious,6,0
618,i was delicious,7,0
618,i was delicious,10,0
615,the a glove and the mirage,10,0
617,out of salads,9,0
620,a really nice elegant and the service huge design,5,0
619,final word this show,6,0
620,a really nice elegant and the service huge design,3,0
620,a really nice elegant and the service huge design,2,0
615,the a glove and the mirage,8,0
620,a really nice elegant and the service huge design,4,0
619,final word this show,8,0
618,i was delicious,3,0
621,awesome,2,0
619,final word this show,2,0
618,i was delicious,8,0
619,final word this show,0,0
616,the theatre for gods sake,8,0
619,final word this show,9,0
621,awesome,5,0
620,a really nice elegant and the service huge design,8,0
621,awesome,4,1
618,i was delicious,4,0
617,out of salads,0,0
621,awesome,0,0
621,awesome,8,1
620,a really nice elegant and the service huge design,6,0
620,a really nice elegant and the service huge design,9,0
619,final word this show,5,0
619,final word this show,3,0
621,awesome,9,0
619,final word this show,4,0
622,i am very impressed with strip steak,3,1
621,awesome,3,0
620,a really nice elegant and the service huge design,1,0
621,awesome,10,0
621,awesome,1,1
623,there and were excruciatingly slow moving,2,0
620,a really nice elegant and the service huge design,7,0
620,a really nice elegant and the service huge design,10,0
622,i am very impressed with strip steak,2,1
622,i am very impressed with strip steak,5,1
622,i am very impressed with strip steak,1,1
622,i am very impressed with strip steak,4,0
623,there and were excruciatingly slow moving,8,0
623,there and were excruciatingly slow moving,5,0
622,i am very impressed with strip steak,0,1
623,there and were excruciatingly slow moving,3,0
623,there and were excruciatingly slow moving,4,0
623,there and were excruciatingly slow moving,0,0
622,i am very impressed with strip steak,6,1
619,final word this show,10,0
624,to connect any miniusb device to my pc,0,0
622,i am very impressed with strip steak,8,1
623,there and were excruciatingly slow moving,7,0
622,i am very impressed with strip steak,7,1
623,there and were excruciatingly slow moving,10,0
618,i was delicious,5,0
623,there and were excruciatingly slow moving,1,0
623,there and were excruciatingly slow moving,9,0
623,there and were excruciatingly slow moving,6,0
624,to connect any miniusb device to my pc,5,0
617,out of salads,3,0
613,i got was definitely reheated and was very bad customer service,5,1
624,to connect any miniusb device to my pc,1,0
618,i was delicious,9,0
624,to connect any miniusb device to my pc,3,0
624,to connect any miniusb device to my pc,4,0
624,to connect any miniusb device to my pc,8,0
624,to connect any miniusb device to my pc,6,0
624,to connect any miniusb device to my pc,7,0
625,is a smoke break while,8,0
625,is a smoke break while,6,0
626,looking practical setup with ample storage in place,2,0
622,i am very impressed with strip steak,10,1
625,is a smoke break while,1,0
625,is a smoke break while,7,0
625,is a smoke break while,2,0
626,looking practical setup with ample storage in place,0,0
625,is a smoke break while,4,0
621,awesome,6,0
627,the bill to save it holds charge,4,0
626,looking practical setup with ample storage in place,3,0
625,is a smoke break while,5,0
625,is a smoke break while,9,0
627,the bill to save it holds charge,10,0
614,scenery,9,0
625,is a smoke break while,10,0
625,is a smoke break while,3,0
626,looking practical setup with ample storage in place,1,0
626,looking practical setup with ample storage in place,4,0
624,to connect any miniusb device to my pc,9,0
624,to connect any miniusb device to my pc,2,0
626,looking practical setup with ample storage in place,5,0
626,looking practical setup with ample storage in place,8,0
625,is a smoke break while,0,0
624,to connect any miniusb device to my pc,10,0
626,looking practical setup with ample storage in place,10,0
628,boyfriend and i sat at the bar and had a great experience,1,1
627,the bill to save it holds charge,8,0
627,the bill to save it holds charge,2,0
628,boyfriend and i sat at the bar and had a great experience,3,1
627,the bill to save it holds charge,6,0
628,boyfriend and i sat at the bar and had a great experience,2,1
627,the bill to save it holds charge,0,0
626,looking practical setup with ample storage in place,6,0
628,boyfriend and i sat at the bar and had a great experience,5,1
619,final word this show,1,0
629,excellent bargain,0,1
628,boyfriend and i sat at the bar and had a great experience,6,1
627,the bill to save it holds charge,5,0
629,excellent bargain,8,0
630,only to give them a try you will hear part of your time let alone vegas,0,0
627,the bill to save it holds charge,3,0
630,only to give them a try you will hear part of your time let alone vegas,9,0
628,boyfriend and i sat at the bar and had a great experience,7,1
629,excellent bargain,2,0
622,i am very impressed with strip steak,9,1
629,excellent bargain,10,1
628,boyfriend and i sat at the bar and had a great experience,10,1
631,protector,3,0
629,excellent bargain,5,0
627,the bill to save it holds charge,9,0
629,excellent bargain,3,1
630,only to give them a try you will hear part of your time let alone vegas,3,0
631,protector,0,0
628,boyfriend and i sat at the bar and had a great experience,0,0
620,a really nice elegant and the service huge design,0,0
626,looking practical setup with ample storage in place,9,0
628,boyfriend and i sat at the bar and had a great experience,8,1
629,excellent bargain,6,0
629,excellent bargain,7,0
630,only to give them a try you will hear part of your time let alone vegas,10,0
631,protector,6,0
619,final word this show,7,0
626,looking practical setup with ample storage in place,7,0
631,protector,5,0
629,excellent bargain,1,0
631,protector,10,0
630,only to give them a try you will hear part of your time let alone vegas,8,0
632,other than that the president of the theatre for a movie faster,5,0
632,other than that the president of the theatre for a movie faster,9,0
631,protector,4,0
630,only to give them a try you will hear part of your time let alone vegas,1,0
633,portions and stuffed and so disappointed with the cases,0,0
633,portions and stuffed and so disappointed with the cases,9,0
627,the bill to save it holds charge,7,0
628,boyfriend and i sat at the bar and had a great experience,9,1
632,other than that the president of the theatre for a movie faster,7,0
628,boyfriend and i sat at the bar and had a great experience,4,1
633,portions and stuffed and so disappointed with the cases,10,0
627,the bill to save it holds charge,1,0
621,awesome,7,1
630,only to give them a try you will hear part of your time let alone vegas,6,0
633,portions and stuffed and so disappointed with the cases,2,0
632,other than that the president of the theatre for a movie faster,4,0
631,protector,7,0
632,other than that the president of the theatre for a movie faster,3,0
633,portions and stuffed and so disappointed with the cases,5,0
632,other than that the president of the theatre for a movie faster,8,0
632,other than that the president of the theatre for a movie faster,2,0
634,couples small family groups etc,2,0
634,couples small family groups etc,5,0
634,couples small family groups etc,9,0
635,took back my money out the earphone and talk on the shelves of the main players are mesmerising,2,0
633,portions and stuffed and so disappointed with the cases,7,0
632,other than that the president of the theatre for a movie faster,0,0
632,other than that the president of the theatre for a movie faster,10,0
633,portions and stuffed and so disappointed with the cases,3,0
634,couples small family groups etc,1,0
630,only to give them a try you will hear part of your time let alone vegas,4,0
633,portions and stuffed and so disappointed with the cases,1,0
634,couples small family groups etc,8,0
633,portions and stuffed and so disappointed with the cases,4,0
633,portions and stuffed and so disappointed with the cases,6,0
631,protector,9,0
629,excellent bargain,4,1
635,took back my money out the earphone and talk on the shelves of the main players are mesmerising,8,0
630,only to give them a try you will hear part of your time let alone vegas,5,0
636,described,5,0
634,couples small family groups etc,10,0
636,described,2,0
636,described,1,0
635,took back my money out the earphone and talk on the shelves of the main players are mesmerising,5,0
635,took back my money out the earphone and talk on the shelves of the main players are mesmerising,3,0
634,couples small family groups etc,4,0
630,only to give them a try you will hear part of your time let alone vegas,7,0
630,only to give them a try you will hear part of your time let alone vegas,2,0
636,described,0,0
637,definitely recommend for any of magnificent photographycinematography in this crap,3,0
631,protector,8,0
632,other than that the president of the theatre for a movie faster,6,0
638,is broken and the sliced brisket and very important contacts in thick and downs of the essence of weak,1,0
635,took back my money out the earphone and talk on the shelves of the main players are mesmerising,6,0
636,described,7,0
636,described,3,0
635,took back my money out the earphone and talk on the shelves of the main players are mesmerising,4,0
635,took back my money out the earphone and talk on the shelves of the main players are mesmerising,9,0
638,is broken and the sliced brisket and very important contacts in thick and downs of the essence of weak,0,0
636,described,9,0
634,couples small family groups etc,0,0
637,definitely recommend for any of magnificent photographycinematography in this crap,6,0
634,couples small family groups etc,7,0
637,definitely recommend for any of magnificent photographycinematography in this crap,1,0
636,described,8,0
637,definitely recommend for any of magnificent photographycinematography in this crap,2,0
635,took back my money out the earphone and talk on the shelves of the main players are mesmerising,1,0
634,couples small family groups etc,3,0
637,definitely recommend for any of magnificent photographycinematography in this crap,9,0
629,excellent bargain,9,1
637,definitely recommend for any of magnificent photographycinematography in this crap,0,0
637,definitely recommend for any of magnificent photographycinematography in this crap,10,0
639,sucked most annoying and food,9,0
638,is broken and the sliced brisket and very important contacts in thick and downs of the essence of weak,5,0
638,is broken and the sliced brisket and very important contacts in thick and downs of the essence of weak,4,0
638,is broken and the sliced brisket and very important contacts in thick and downs of the essence of weak,8,0
636,described,10,0
639,sucked most annoying and food,4,0
635,took back my money out the earphone and talk on the shelves of the main players are mesmerising,7,0
640,use with my kindle fire and absolutely loved it,2,1
636,described,6,0
640,use with my kindle fire and absolutely loved it,8,1
640,use with my kindle fire and absolutely loved it,0,0
639,sucked most annoying and food,10,0
638,is broken and the sliced brisket and very important contacts in thick and downs of the essence of weak,6,0
637,definitely recommend for any of magnificent photographycinematography in this crap,5,0
631,protector,1,0
638,is broken and the sliced brisket and very important contacts in thick and downs of the essence of weak,7,0
638,is broken and the sliced brisket and very important contacts in thick and downs of the essence of weak,10,0
640,use with my kindle fire and absolutely loved it,4,0
637,definitely recommend for any of magnificent photographycinematography in this crap,4,0
639,sucked most annoying and food,5,0
640,use with my kindle fire and absolutely loved it,5,1
640,use with my kindle fire and absolutely loved it,6,1
633,portions and stuffed and so disappointed with the cases,8,0
640,use with my kindle fire and absolutely loved it,9,0
638,is broken and the sliced brisket and very important contacts in thick and downs of the essence of weak,3,0
641,love and hearts and efficient,0,0
640,use with my kindle fire and absolutely loved it,10,0
640,use with my kindle fire and absolutely loved it,3,1
641,love and hearts and efficient,8,0
641,love and hearts and efficient,7,0
641,love and hearts and efficient,1,0
632,other than that the president of the theatre for a movie faster,1,0
641,love and hearts and efficient,10,0
641,love and hearts and efficient,2,0
638,is broken and the sliced brisket and very important contacts in thick and downs of the essence of weak,9,0
639,sucked most annoying and food,2,0
640,use with my kindle fire and absolutely loved it,7,1
639,sucked most annoying and food,3,0
642,so i am disappointed i wont be back here because it is a convenient location,9,0
636,described,4,0
642,so i am disappointed i wont be back here because it is a convenient location,10,0
642,so i am disappointed i wont be back here because it is a convenient location,5,0
637,definitely recommend for any of magnificent photographycinematography in this crap,8,0
641,love and hearts and efficient,4,0
631,protector,2,0
643,she is still lacking in quantity or flavor,5,0
642,so i am disappointed i wont be back here because it is a convenient location,6,1
641,love and hearts and efficient,3,0
639,sucked most annoying and food,1,0
643,she is still lacking in quantity or flavor,2,0
642,so i am disappointed i wont be back here because it is a convenient location,0,0
643,she is still lacking in quantity or flavor,1,0
642,so i am disappointed i wont be back here because it is a convenient location,4,1
640,use with my kindle fire and absolutely loved it,1,1
642,so i am disappointed i wont be back here because it is a convenient location,7,0
642,so i am disappointed i wont be back here because it is a convenient location,1,0
644,i havent had the food or physical outlets,0,0
643,she is still lacking in quantity or flavor,0,0
641,love and hearts and efficient,5,0
644,i havent had the food or physical outlets,1,0
643,she is still lacking in quantity or flavor,3,0
644,i havent had the food or physical outlets,2,0
639,sucked most annoying and food,7,0
642,so i am disappointed i wont be back here because it is a convenient location,8,0
643,she is still lacking in quantity or flavor,10,0
639,sucked most annoying and food,8,0
639,sucked most annoying and food,0,0
638,is broken and the sliced brisket and very important contacts in thick and downs of the essence of weak,2,0
643,she is still lacking in quantity or flavor,6,0
643,she is still lacking in quantity or flavor,8,0
641,love and hearts and efficient,6,0
645,a few weeks but i wont try going back there even if its empty,3,0
642,so i am disappointed i wont be back here because it is a convenient location,2,0
645,a few weeks but i wont try going back there even if its empty,10,0
644,i havent had the food or physical outlets,7,0
645,a few weeks but i wont try going back there even if its empty,5,0
644,i havent had the food or physical outlets,9,0
643,she is still lacking in quantity or flavor,4,0
644,i havent had the food or physical outlets,4,0
644,i havent had the food or physical outlets,10,0
644,i havent had the food or physical outlets,8,0
642,so i am disappointed i wont be back here because it is a convenient location,3,1
644,i havent had the food or physical outlets,5,0
646,this place and like it picked up,0,0
643,she is still lacking in quantity or flavor,7,0
644,i havent had the food or physical outlets,3,0
646,this place and like it picked up,4,0
645,a few weeks but i wont try going back there even if its empty,0,0
645,a few weeks but i wont try going back there even if its empty,1,0
645,a few weeks but i wont try going back there even if its empty,8,0
645,a few weeks but i wont try going back there even if its empty,4,0
645,a few weeks but i wont try going back there even if its empty,9,0
646,this place and like it picked up,9,0
647,agree with jessica this movie is pretty bad,5,1
645,a few weeks but i wont try going back there even if its empty,6,0
646,this place and like it picked up,2,0
641,love and hearts and efficient,9,0
648,is the weak material but she made,8,0
635,took back my money out the earphone and talk on the shelves of the main players are mesmerising,10,0
646,this place and like it picked up,10,0
647,agree with jessica this movie is pretty bad,8,1
646,this place and like it picked up,3,0
646,this place and like it picked up,5,0
649,homemade hand made pastas and thin and moist chicken on the widmark character turns unintentionally comical,0,0
635,took back my money out the earphone and talk on the shelves of the main players are mesmerising,0,0
643,she is still lacking in quantity or flavor,9,0
637,definitely recommend for any of magnificent photographycinematography in this crap,7,0
647,agree with jessica this movie is pretty bad,6,0
648,is the weak material but she made,0,0
644,i havent had the food or physical outlets,6,0
645,a few weeks but i wont try going back there even if its empty,7,0
647,agree with jessica this movie is pretty bad,3,1
645,a few weeks but i wont try going back there even if its empty,2,0
648,is the weak material but she made,1,0
647,agree with jessica this movie is pretty bad,4,1
639,sucked most annoying and food,6,0
648,is the weak material but she made,3,0
646,this place and like it picked up,7,0
647,agree with jessica this movie is pretty bad,0,1
646,this place and like it picked up,8,0
647,agree with jessica this movie is pretty bad,1,1
649,homemade hand made pastas and thin and moist chicken on the widmark character turns unintentionally comical,5,0
648,is the weak material but she made,5,0
648,is the weak material but she made,10,0
648,is the weak material but she made,2,0
649,homemade hand made pastas and thin and moist chicken on the widmark character turns unintentionally comical,7,0
649,homemade hand made pastas and thin and moist chicken on the widmark character turns unintentionally comical,9,0
648,is the weak material but she made,7,0
649,homemade hand made pastas and thin and moist chicken on the widmark character turns unintentionally comical,2,0
647,agree with jessica this movie is pretty bad,9,0
649,homemade hand made pastas and thin and moist chicken on the widmark character turns unintentionally comical,10,0
649,homemade hand made pastas and thin and moist chicken on the widmark character turns unintentionally comical,3,0
648,is the weak material but she made,6,0
649,homemade hand made pastas and thin and moist chicken on the widmark character turns unintentionally comical,1,0
649,homemade hand made pastas and thin and moist chicken on the widmark character turns unintentionally comical,8,0
646,this place and like it picked up,6,0
648,is the weak material but she made,4,0
651,the acting is blah,10,1
650,happen characters werent cold or asia,8,0
647,agree with jessica this movie is pretty bad,10,1
648,is the weak material but she made,9,0
650,happen characters werent cold or asia,7,0
652,the bathrooms at this location were dirty seat covers were not replenished just plain yucky,1,1
651,the acting is blah,8,1
649,homemade hand made pastas and thin and moist chicken on the widmark character turns unintentionally comical,6,1
651,the acting is blah,1,1
651,the acting is blah,3,1
650,happen characters werent cold or asia,10,0
651,the acting is blah,5,0
649,homemade hand made pastas and thin and moist chicken on the widmark character turns unintentionally comical,4,0
651,the acting is blah,4,1
651,the acting is blah,0,1
650,happen characters werent cold or asia,4,0
650,happen characters werent cold or asia,2,0
646,this place and like it picked up,1,0
650,happen characters werent cold or asia,6,0
652,the bathrooms at this location were dirty seat covers were not replenished just plain yucky,9,1
652,the bathrooms at this location were dirty seat covers were not replenished just plain yucky,5,1
650,happen characters werent cold or asia,9,0
651,the acting is blah,6,1
652,the bathrooms at this location were dirty seat covers were not replenished just plain yucky,8,1
653,i checked out this place,1,0
650,happen characters werent cold or asia,3,0
651,the acting is blah,7,1
653,i checked out this place,3,0
652,the bathrooms at this location were dirty seat covers were not replenished just plain yucky,3,1
651,the acting is blah,9,1
652,the bathrooms at this location were dirty seat covers were not replenished just plain yucky,4,1
652,the bathrooms at this location were dirty seat covers were not replenished just plain yucky,6,1
653,i checked out this place,10,0
653,i checked out this place,7,0
654,to question your own threshold of loneliness,4,0
650,happen characters werent cold or asia,1,0
654,to question your own threshold of loneliness,5,0
654,to question your own threshold of loneliness,2,0
653,i checked out this place,6,0
652,the bathrooms at this location were dirty seat covers were not replenished just plain yucky,0,1
654,to question your own threshold of loneliness,9,0
654,to question your own threshold of loneliness,0,0
654,to question your own threshold of loneliness,1,0
650,happen characters werent cold or asia,0,0
655,buds only very quick and the time was outstanding little slow at a madhouse,10,0
653,i checked out this place,8,0
653,i checked out this place,2,0
651,the acting is blah,2,1
654,to question your own threshold of loneliness,6,0
654,to question your own threshold of loneliness,7,0
654,to question your own threshold of loneliness,10,0
647,agree with jessica this movie is pretty bad,2,1
655,buds only very quick and the time was outstanding little slow at a madhouse,8,0
655,buds only very quick and the time was outstanding little slow at a madhouse,3,0
647,agree with jessica this movie is pretty bad,7,1
652,the bathrooms at this location were dirty seat covers were not replenished just plain yucky,2,1
653,i checked out this place,0,0
656,an exercise in conclusion very disappointing,5,1
653,i checked out this place,9,0
655,buds only very quick and the time was outstanding little slow at a madhouse,1,0
655,buds only very quick and the time was outstanding little slow at a madhouse,2,0
655,buds only very quick and the time was outstanding little slow at a madhouse,9,0
655,buds only very quick and the time was outstanding little slow at a madhouse,6,0
657,sucked most of the stuff does not work with my motorola q smartphone,2,0
653,i checked out this place,5,0
655,buds only very quick and the time was outstanding little slow at a madhouse,7,0
656,an exercise in conclusion very disappointing,2,1
656,an exercise in conclusion very disappointing,9,0
654,to question your own threshold of loneliness,8,0
656,an exercise in conclusion very disappointing,3,0
652,the bathrooms at this location were dirty seat covers were not replenished just plain yucky,7,1
650,happen characters werent cold or asia,5,0
656,an exercise in conclusion very disappointing,6,0
652,the bathrooms at this location were dirty seat covers were not replenished just plain yucky,10,1
653,i checked out this place,4,0
657,sucked most of the stuff does not work with my motorola q smartphone,1,1
655,buds only very quick and the time was outstanding little slow at a madhouse,4,0
657,sucked most of the stuff does not work with my motorola q smartphone,4,0
656,an exercise in conclusion very disappointing,0,1
656,an exercise in conclusion very disappointing,1,1
658,very good quality,2,0
657,sucked most of the stuff does not work with my motorola q smartphone,3,0
657,sucked most of the stuff does not work with my motorola q smartphone,6,0
654,to question your own threshold of loneliness,3,0
658,very good quality,5,0
656,an exercise in conclusion very disappointing,7,0
657,sucked most of the stuff does not work with my motorola q smartphone,9,1
658,very good quality,4,0
659,falafels and baba ganoush its amazing what they do with eggplant,8,1
655,buds only very quick and the time was outstanding little slow at a madhouse,0,0
657,sucked most of the stuff does not work with my motorola q smartphone,0,0
655,buds only very quick and the time was outstanding little slow at a madhouse,5,0
657,sucked most of the stuff does not work with my motorola q smartphone,8,1
656,an exercise in conclusion very disappointing,10,1
658,very good quality,1,0
658,very good quality,3,0
656,an exercise in conclusion very disappointing,8,1
659,falafels and baba ganoush its amazing what they do with eggplant,1,1
659,falafels and baba ganoush its amazing what they do with eggplant,5,1
659,falafels and baba ganoush its amazing what they do with eggplant,7,1
659,falafels and baba ganoush its amazing what they do with eggplant,0,0
659,falafels and baba ganoush its amazing what they do with eggplant,3,1
659,falafels and baba ganoush its amazing what they do with eggplant,2,0
658,very good quality,9,0
658,very good quality,6,0
660,hackneyed writing certainly but made even worse than this one if you enjoy visual arts,3,0
660,hackneyed writing certainly but made even worse than this one if you enjoy visual arts,4,0
658,very good quality,10,0
659,falafels and baba ganoush its amazing what they do with eggplant,9,1
659,falafels and baba ganoush its amazing what they do with eggplant,10,0
660,hackneyed writing certainly but made even worse than this one if you enjoy visual arts,7,0
661,was very tasty to me,0,0
660,hackneyed writing certainly but made even worse than this one if you enjoy visual arts,5,0
660,hackneyed writing certainly but made even worse than this one if you enjoy visual arts,8,0
661,was very tasty to me,6,0
661,was very tasty to me,1,0
662,either,5,0
657,sucked most of the stuff does not work with my motorola q smartphone,7,0
660,hackneyed writing certainly but made even worse than this one if you enjoy visual arts,0,0
659,falafels and baba ganoush its amazing what they do with eggplant,6,1
662,either,6,0
658,very good quality,8,0
662,either,1,0
656,an exercise in conclusion very disappointing,4,1
660,hackneyed writing certainly but made even worse than this one if you enjoy visual arts,2,0
659,falafels and baba ganoush its amazing what they do with eggplant,4,0
661,was very tasty to me,2,0
662,either,2,0
661,was very tasty to me,10,0
658,very good quality,7,0
660,hackneyed writing certainly but made even worse than this one if you enjoy visual arts,1,0
661,was very tasty to me,4,0
661,was very tasty to me,5,1
662,either,10,0
662,either,0,0
662,either,8,0
662,either,7,0
663,film is well paced understated and one of the best bars with food in vegas,1,0
662,either,3,0
664,and clear,2,0
661,was very tasty to me,7,0
662,either,4,0
661,was very tasty to me,3,0
660,hackneyed writing certainly but made even worse than this one if you enjoy visual arts,6,0
658,very good quality,0,0
663,film is well paced understated and one of the best bars with food in vegas,10,0
663,film is well paced understated and one of the best bars with food in vegas,2,0
661,was very tasty to me,9,0
663,film is well paced understated and one of the best bars with food in vegas,3,0
660,hackneyed writing certainly but made even worse than this one if you enjoy visual arts,10,0
666,mercy killing,3,0
660,hackneyed writing certainly but made even worse than this one if you enjoy visual arts,9,0
664,and clear,10,0
663,film is well paced understated and one of the best bars with food in vegas,9,0
664,and clear,5,0
663,film is well paced understated and one of the best bars with food in vegas,4,0
664,and clear,7,0
664,and clear,3,0
666,mercy killing,1,0
662,either,9,0
664,and clear,0,0
666,mercy killing,0,0
665,backdrop,8,0
664,and clear,9,0
663,film is well paced understated and one of the best bars with food in vegas,0,0
665,backdrop,7,0
665,backdrop,4,0
665,backdrop,1,0
667,ever go back and have told many people what had happened,1,0
666,mercy killing,2,0
666,mercy killing,4,0
665,backdrop,9,0
665,backdrop,6,0
667,ever go back and have told many people what had happened,4,0
666,mercy killing,8,0
666,mercy killing,6,0
667,ever go back and have told many people what had happened,0,0
666,mercy killing,7,0
665,backdrop,10,0
664,and clear,6,0
664,and clear,8,0
663,film is well paced understated and one of the best bars with food in vegas,8,0
667,ever go back and have told many people what had happened,10,0
665,backdrop,5,0
665,backdrop,2,0
668,will get again for whatever my next phone is,6,1
667,ever go back and have told many people what had happened,8,0
667,ever go back and have told many people what had happened,9,0
668,will get again for whatever my next phone is,3,0
668,will get again for whatever my next phone is,10,1
668,will get again for whatever my next phone is,8,0
663,film is well paced understated and one of the best bars with food in vegas,6,0
664,and clear,4,0
668,will get again for whatever my next phone is,4,1
667,ever go back and have told many people what had happened,2,0
667,ever go back and have told many people what had happened,6,0
668,will get again for whatever my next phone is,7,0
669,and severe echo for those on the other end of the call,4,0
668,will get again for whatever my next phone is,5,0
664,and clear,1,0
666,mercy killing,10,0
669,and severe echo for those on the other end of the call,0,0
670,case,0,0
666,mercy killing,5,0
666,mercy killing,9,0
668,will get again for whatever my next phone is,2,1
669,and severe echo for those on the other end of the call,2,0
668,will get again for whatever my next phone is,0,0
657,sucked most of the stuff does not work with my motorola q smartphone,10,0
669,and severe echo for those on the other end of the call,3,0
668,will get again for whatever my next phone is,9,1
669,and severe echo for those on the other end of the call,7,0
671,garbage,5,0
670,case,5,0
669,and severe echo for those on the other end of the call,10,0
671,garbage,10,0
670,case,7,0
667,ever go back and have told many people what had happened,3,0
668,will get again for whatever my next phone is,1,1
667,ever go back and have told many people what had happened,7,0
670,case,2,0
671,garbage,1,0
672,if only ripped banana was voted best cheese real disappointment,0,0
671,garbage,8,0
667,ever go back and have told many people what had happened,5,0
671,garbage,4,0
669,and severe echo for those on the other end of the call,8,0
669,and severe echo for those on the other end of the call,5,0
670,case,1,0
670,case,9,0
669,and severe echo for those on the other end of the call,1,0
665,backdrop,0,0
671,garbage,0,0
670,case,10,0
665,backdrop,3,0
669,and severe echo for those on the other end of the call,6,0
673,become their particular character delivering a convincing script,2,0
672,if only ripped banana was voted best cheese real disappointment,1,0
671,garbage,2,0
671,garbage,3,0
670,case,6,0
673,become their particular character delivering a convincing script,1,0
670,case,3,0
672,if only ripped banana was voted best cheese real disappointment,7,0
672,if only ripped banana was voted best cheese real disappointment,9,0
669,and severe echo for those on the other end of the call,9,0
657,sucked most of the stuff does not work with my motorola q smartphone,5,0
672,if only ripped banana was voted best cheese real disappointment,6,0
672,if only ripped banana was voted best cheese real disappointment,5,0
663,film is well paced understated and one of the best bars with food in vegas,5,1
673,become their particular character delivering a convincing script,0,0
672,if only ripped banana was voted best cheese real disappointment,4,0
671,garbage,7,0
672,if only ripped banana was voted best cheese real disappointment,10,0
673,become their particular character delivering a convincing script,4,0
672,if only ripped banana was voted best cheese real disappointment,8,0
674,its not that great,2,1
670,case,8,0
670,case,4,0
671,garbage,6,0
675,it should and more,6,0
673,become their particular character delivering a convincing script,6,0
673,become their particular character delivering a convincing script,7,0
674,its not that great,5,0
673,become their particular character delivering a convincing script,9,0
675,it should and more,7,0
675,it should and more,0,0
674,its not that great,3,1
674,its not that great,9,0
671,garbage,9,0
674,its not that great,7,1
675,it should and more,1,0
673,become their particular character delivering a convincing script,10,0
676,avoid any miniusb device is all means,3,0
673,become their particular character delivering a convincing script,8,0
675,it should and more,5,0
674,its not that great,8,0
675,it should and more,3,0
676,avoid any miniusb device is all means,5,0
674,its not that great,0,1
673,become their particular character delivering a convincing script,3,0
675,it should and more,10,0
676,avoid any miniusb device is all means,2,0
677,all ha long bay was a bit of a flop,5,0
676,avoid any miniusb device is all means,1,0
661,was very tasty to me,8,0
676,avoid any miniusb device is all means,9,0
672,if only ripped banana was voted best cheese real disappointment,3,0
674,its not that great,1,0
676,avoid any miniusb device is all means,4,0
677,all ha long bay was a bit of a flop,7,0
678,to dylan t for the recommendation on what to order all yummy for my tummy,1,1
677,all ha long bay was a bit of a flop,1,0
677,all ha long bay was a bit of a flop,0,1
678,to dylan t for the recommendation on what to order all yummy for my tummy,8,1
677,all ha long bay was a bit of a flop,3,0
678,to dylan t for the recommendation on what to order all yummy for my tummy,3,1
674,its not that great,10,1
675,it should and more,9,0
677,all ha long bay was a bit of a flop,9,1
676,avoid any miniusb device is all means,6,0
676,avoid any miniusb device is all means,7,0
677,all ha long bay was a bit of a flop,10,0
678,to dylan t for the recommendation on what to order all yummy for my tummy,4,0
679,take her clothes off,0,0
676,avoid any miniusb device is all means,8,0
675,it should and more,2,0
677,all ha long bay was a bit of a flop,2,0
679,take her clothes off,3,0
678,to dylan t for the recommendation on what to order all yummy for my tummy,7,1
677,all ha long bay was a bit of a flop,4,0
676,avoid any miniusb device is all means,10,0
679,take her clothes off,5,0
680,shrimp when i unwrapped it i live only a mile from brushfire it was literally ice cold,1,0
679,take her clothes off,1,0
677,all ha long bay was a bit of a flop,8,0
678,to dylan t for the recommendation on what to order all yummy for my tummy,0,0
679,take her clothes off,8,0
676,avoid any miniusb device is all means,0,0
672,if only ripped banana was voted best cheese real disappointment,2,0
680,shrimp when i unwrapped it i live only a mile from brushfire it was literally ice cold,10,0
679,take her clothes off,7,0
681,right,1,0
680,shrimp when i unwrapped it i live only a mile from brushfire it was literally ice cold,4,0
675,it should and more,4,0
679,take her clothes off,4,0
680,shrimp when i unwrapped it i live only a mile from brushfire it was literally ice cold,9,0
682,and i didnt like or predictably and i despised it does not as a huge design is trash,0,0
680,shrimp when i unwrapped it i live only a mile from brushfire it was literally ice cold,3,0
678,to dylan t for the recommendation on what to order all yummy for my tummy,6,0
678,to dylan t for the recommendation on what to order all yummy for my tummy,9,0
678,to dylan t for the recommendation on what to order all yummy for my tummy,5,1
681,right,3,0
681,right,0,0
681,right,8,0
663,film is well paced understated and one of the best bars with food in vegas,7,0
680,shrimp when i unwrapped it i live only a mile from brushfire it was literally ice cold,7,0
681,right,7,0
674,its not that great,4,1
680,shrimp when i unwrapped it i live only a mile from brushfire it was literally ice cold,2,0
681,right,6,0
680,shrimp when i unwrapped it i live only a mile from brushfire it was literally ice cold,0,0
679,take her clothes off,10,0
681,right,2,0
680,shrimp when i unwrapped it i live only a mile from brushfire it was literally ice cold,8,0
681,right,4,0
682,and i didnt like or predictably and i despised it does not as a huge design is trash,4,0
679,take her clothes off,6,0
679,take her clothes off,9,0
678,to dylan t for the recommendation on what to order all yummy for my tummy,2,1
680,shrimp when i unwrapped it i live only a mile from brushfire it was literally ice cold,6,0
683,in soon again,0,0
680,shrimp when i unwrapped it i live only a mile from brushfire it was literally ice cold,5,0
678,to dylan t for the recommendation on what to order all yummy for my tummy,10,1
682,and i didnt like or predictably and i despised it does not as a huge design is trash,9,0
683,in soon again,4,0
682,and i didnt like or predictably and i despised it does not as a huge design is trash,1,0
682,and i didnt like or predictably and i despised it does not as a huge design is trash,6,0
675,it should and more,8,0
683,in soon again,7,0
681,right,10,0
682,and i didnt like or predictably and i despised it does not as a huge design is trash,7,0
682,and i didnt like or predictably and i despised it does not as a huge design is trash,3,0
682,and i didnt like or predictably and i despised it does not as a huge design is trash,5,0
683,in soon again,9,0
684,love but other than a largely disappointing,2,0
683,in soon again,8,0
684,love but other than a largely disappointing,5,0
684,love but other than a largely disappointing,6,0
682,and i didnt like or predictably and i despised it does not as a huge design is trash,8,0
681,right,5,0
683,in soon again,3,0
685,company is,0,0
684,love but other than a largely disappointing,1,0
682,and i didnt like or predictably and i despised it does not as a huge design is trash,10,0
684,love but other than a largely disappointing,0,0
679,take her clothes off,2,0
685,company is,1,0
686,corded headsets and the freedom from the wireless is very helpful,2,0
685,company is,5,0
673,become their particular character delivering a convincing script,5,0
681,right,9,0
683,in soon again,1,0
683,in soon again,10,0
684,love but other than a largely disappointing,8,0
685,company is,7,0
683,in soon again,6,0
686,corded headsets and the freedom from the wireless is very helpful,6,0
677,all ha long bay was a bit of a flop,6,0
687,bother me talk to go now holds the sound volume switch times,2,0
684,love but other than a largely disappointing,4,0
685,company is,8,0
684,love but other than a largely disappointing,9,0
685,company is,6,0
686,corded headsets and the freedom from the wireless is very helpful,4,0
686,corded headsets and the freedom from the wireless is very helpful,8,0
684,love but other than a largely disappointing,7,0
686,corded headsets and the freedom from the wireless is very helpful,0,0
684,love but other than a largely disappointing,10,0
686,corded headsets and the freedom from the wireless is very helpful,5,0
688,make your experience a good one,5,0
685,company is,9,0
683,in soon again,2,0
686,corded headsets and the freedom from the wireless is very helpful,10,0
687,bother me talk to go now holds the sound volume switch times,8,0
687,bother me talk to go now holds the sound volume switch times,10,0
688,make your experience a good one,2,0
685,company is,2,0
688,make your experience a good one,3,0
685,company is,4,0
682,and i didnt like or predictably and i despised it does not as a huge design is trash,2,0
687,bother me talk to go now holds the sound volume switch times,3,0
688,make your experience a good one,0,0
684,love but other than a largely disappointing,3,0
689,to find it wasnt until i watched this film i started this review with two stars but im editing it to anyone,3,0
686,corded headsets and the freedom from the wireless is very helpful,7,0
686,corded headsets and the freedom from the wireless is very helpful,9,0
687,bother me talk to go now holds the sound volume switch times,7,0
688,make your experience a good one,10,0
688,make your experience a good one,6,0
690,a lot of florida at its best made it look very appealing,5,0
689,to find it wasnt until i watched this film i started this review with two stars but im editing it to anyone,6,0
689,to find it wasnt until i watched this film i started this review with two stars but im editing it to anyone,2,0
689,to find it wasnt until i watched this film i started this review with two stars but im editing it to anyone,8,0
688,make your experience a good one,7,0
689,to find it wasnt until i watched this film i started this review with two stars but im editing it to anyone,0,0
689,to find it wasnt until i watched this film i started this review with two stars but im editing it to anyone,5,0
688,make your experience a good one,9,0
687,bother me talk to go now holds the sound volume switch times,1,0
687,bother me talk to go now holds the sound volume switch times,5,0
690,a lot of florida at its best made it look very appealing,1,0
688,make your experience a good one,4,0
689,to find it wasnt until i watched this film i started this review with two stars but im editing it to anyone,4,0
690,a lot of florida at its best made it look very appealing,0,0
690,a lot of florida at its best made it look very appealing,6,0
690,a lot of florida at its best made it look very appealing,3,0
685,company is,10,0
687,bother me talk to go now holds the sound volume switch times,4,0
690,a lot of florida at its best made it look very appealing,8,0
674,its not that great,6,1
689,to find it wasnt until i watched this film i started this review with two stars but im editing it to anyone,9,0
687,bother me talk to go now holds the sound volume switch times,6,0
691,is doughy and flavorless,7,0
691,is doughy and flavorless,4,1
690,a lot of florida at its best made it look very appealing,2,0
685,company is,3,0
690,a lot of florida at its best made it look very appealing,9,0
692,is awful,3,0
691,is doughy and flavorless,3,1
691,is doughy and flavorless,2,0
687,bother me talk to go now holds the sound volume switch times,9,0
691,is doughy and flavorless,0,0
692,is awful,7,0
693,the car ride so much smoother,6,0
688,make your experience a good one,8,0
691,is doughy and flavorless,8,0
686,corded headsets and the freedom from the wireless is very helpful,3,0
692,is awful,10,0
690,a lot of florida at its best made it look very appealing,4,0
692,is awful,4,0
693,the car ride so much smoother,2,0
693,the car ride so much smoother,3,0
691,is doughy and flavorless,9,0
692,is awful,0,0
691,is doughy and flavorless,5,0
693,the car ride so much smoother,0,0
694,say is genuine,2,0
693,the car ride so much smoother,9,0
692,is awful,5,0
693,the car ride so much smoother,7,0
683,in soon again,5,0
692,is awful,6,0
692,is awful,9,0
695,in the spot,0,0
694,say is genuine,3,0
690,a lot of florida at its best made it look very appealing,7,0
691,is doughy and flavorless,10,1
691,is doughy and flavorless,1,0
694,say is genuine,10,0
694,say is genuine,1,0
692,is awful,1,0
694,say is genuine,7,0
694,say is genuine,5,0
692,is awful,2,0
695,in the spot,10,0
694,say is genuine,9,0
695,in the spot,1,0
695,in the spot,5,0
695,in the spot,4,0
696,ever,3,0
696,ever,0,0
691,is doughy and flavorless,6,1
696,ever,1,0
696,ever,5,0
697,started having problems in my salsa,4,0
689,to find it wasnt until i watched this film i started this review with two stars but im editing it to anyone,7,0
693,the car ride so much smoother,5,0
697,started having problems in my salsa,1,0
688,make your experience a good one,1,0
695,in the spot,7,0
694,say is genuine,6,0
693,the car ride so much smoother,8,0
693,the car ride so much smoother,10,0
696,ever,8,0
695,in the spot,8,0
695,in the spot,3,0
695,in the spot,6,0
692,is awful,8,0
693,the car ride so much smoother,1,0
694,say is genuine,0,0
697,started having problems in my salsa,0,0
696,ever,2,0
697,started having problems in my salsa,2,0
696,ever,7,0
698,just to get some relief,2,0
686,corded headsets and the freedom from the wireless is very helpful,1,0
689,to find it wasnt until i watched this film i started this review with two stars but im editing it to anyone,10,0
695,in the spot,2,0
698,just to get some relief,4,0
698,just to get some relief,1,0
696,ever,9,0
696,ever,10,0
689,to find it wasnt until i watched this film i started this review with two stars but im editing it to anyone,1,0
698,just to get some relief,3,0
697,started having problems in my salsa,10,0
697,started having problems in my salsa,3,0
698,just to get some relief,0,0
698,just to get some relief,6,0
694,say is genuine,8,0
697,started having problems in my salsa,6,0
697,started having problems in my salsa,5,0
698,just to get some relief,8,0
697,started having problems in my salsa,8,0
699,this particular model would not work with my phone,3,0
700,to good bbq lighter fare reasonable pricing and tell the public they are back to the old ways,4,0
698,just to get some relief,5,0
698,just to get some relief,10,0
699,this particular model would not work with my phone,10,0
700,to good bbq lighter fare reasonable pricing and tell the public they are back to the old ways,0,0
696,ever,4,0
697,started having problems in my salsa,9,0
700,to good bbq lighter fare reasonable pricing and tell the public they are back to the old ways,6,0
699,this particular model would not work with my phone,1,0
701,this premise sound,5,0
699,this particular model would not work with my phone,7,0
699,this particular model would not work with my phone,9,0
701,this premise sound,8,0
699,this particular model would not work with my phone,4,0
687,bother me talk to go now holds the sound volume switch times,0,0
699,this particular model would not work with my phone,6,0
701,this premise sound,1,0
701,this premise sound,3,0
698,just to get some relief,9,0
699,this particular model would not work with my phone,0,0
697,started having problems in my salsa,7,0
700,to good bbq lighter fare reasonable pricing and tell the public they are back to the old ways,10,0
700,to good bbq lighter fare reasonable pricing and tell the public they are back to the old ways,3,0
690,a lot of florida at its best made it look very appealing,10,0
700,to good bbq lighter fare reasonable pricing and tell the public they are back to the old ways,2,0
700,to good bbq lighter fare reasonable pricing and tell the public they are back to the old ways,9,0
699,this particular model would not work with my phone,2,0
700,to good bbq lighter fare reasonable pricing and tell the public they are back to the old ways,7,0
695,in the spot,9,0
696,ever,6,0
701,this premise sound,7,0
701,this premise sound,6,0
702,its austere backdrop,9,0
701,this premise sound,4,0
701,this premise sound,0,0
701,this premise sound,9,0
699,this particular model would not work with my phone,5,1
698,just to get some relief,7,0
702,its austere backdrop,6,0
702,its austere backdrop,4,0
703,greeted and seated right away,4,0
703,greeted and seated right away,2,0
693,the car ride so much smoother,4,0
704,i struggle to wave you over for minutes with no heat,1,0
702,its austere backdrop,0,0
701,this premise sound,10,0
703,greeted and seated right away,0,0
700,to good bbq lighter fare reasonable pricing and tell the public they are back to the old ways,1,0
694,say is genuine,4,0
700,to good bbq lighter fare reasonable pricing and tell the public they are back to the old ways,8,0
702,its austere backdrop,3,0
703,greeted and seated right away,3,0
702,its austere backdrop,8,0
702,its austere backdrop,10,0
704,i struggle to wave you over for minutes with no heat,8,0
703,greeted and seated right away,9,0
704,i struggle to wave you over for minutes with no heat,0,0
700,to good bbq lighter fare reasonable pricing and tell the public they are back to the old ways,5,0
701,this premise sound,2,0
704,i struggle to wave you over for minutes with no heat,3,0
704,i struggle to wave you over for minutes with no heat,5,0
702,its austere backdrop,5,0
704,i struggle to wave you over for minutes with no heat,9,0
704,i struggle to wave you over for minutes with no heat,7,0
705,everyone who gets extremely slow in the amazon for gyros,7,0
705,everyone who gets extremely slow in the amazon for gyros,0,0
705,everyone who gets extremely slow in the amazon for gyros,1,0
705,everyone who gets extremely slow in the amazon for gyros,9,0
703,greeted and seated right away,5,0
706,cents upandcoming,0,0
702,its austere backdrop,2,0
704,i struggle to wave you over for minutes with no heat,6,0
702,its austere backdrop,1,0
706,cents upandcoming,5,0
705,everyone who gets extremely slow in the amazon for gyros,4,0
702,its austere backdrop,7,0
706,cents upandcoming,7,0
704,i struggle to wave you over for minutes with no heat,4,0
703,greeted and seated right away,6,0
706,cents upandcoming,2,0
706,cents upandcoming,1,0
705,everyone who gets extremely slow in the amazon for gyros,5,0
706,cents upandcoming,6,0
707,right on time and our server from the get go was fantastic,6,1
703,greeted and seated right away,8,0
707,right on time and our server from the get go was fantastic,7,1
705,everyone who gets extremely slow in the amazon for gyros,2,0
705,everyone who gets extremely slow in the amazon for gyros,3,0
703,greeted and seated right away,1,0
706,cents upandcoming,8,0
703,greeted and seated right away,7,0
707,right on time and our server from the get go was fantastic,3,1
708,the competitors,7,0
704,i struggle to wave you over for minutes with no heat,10,0
708,the competitors,3,0
708,the competitors,5,0
709,new there were the battery chargelife is very good looking as many words to go here,5,0
707,right on time and our server from the get go was fantastic,4,1
710,year,2,0
707,right on time and our server from the get go was fantastic,8,1
709,new there were the battery chargelife is very good looking as many words to go here,7,0
710,year,3,0
706,cents upandcoming,4,0
703,greeted and seated right away,10,0
706,cents upandcoming,3,0
705,everyone who gets extremely slow in the amazon for gyros,8,0
708,the competitors,4,0
709,new there were the battery chargelife is very good looking as many words to go here,6,0
634,couples small family groups etc,6,0
707,right on time and our server from the get go was fantastic,10,1
705,everyone who gets extremely slow in the amazon for gyros,10,0
708,the competitors,8,0
709,new there were the battery chargelife is very good looking as many words to go here,4,0
710,year,1,0
708,the competitors,10,0
708,the competitors,2,0
707,right on time and our server from the get go was fantastic,2,1
709,new there were the battery chargelife is very good looking as many words to go here,9,0
704,i struggle to wave you over for minutes with no heat,2,0
707,right on time and our server from the get go was fantastic,1,1
707,right on time and our server from the get go was fantastic,5,1
709,new there were the battery chargelife is very good looking as many words to go here,3,0
709,new there were the battery chargelife is very good looking as many words to go here,2,0
708,the competitors,6,0
709,new there were the battery chargelife is very good looking as many words to go here,0,0
709,new there were the battery chargelife is very good looking as many words to go here,1,0
710,year,0,0
710,year,4,0
711,liked the khao soi is infuriating,4,0
708,the competitors,0,0
713,breaking despite much care on my friends burger was cold,3,0
712,and effective its that simple,5,0
707,right on time and our server from the get go was fantastic,0,1
710,year,8,0
706,cents upandcoming,9,0
710,year,5,0
712,and effective its that simple,3,0
711,liked the khao soi is infuriating,8,0
710,year,9,0
711,liked the khao soi is infuriating,0,0
711,liked the khao soi is infuriating,6,0
711,liked the khao soi is infuriating,2,0
711,liked the khao soi is infuriating,7,0
710,year,7,0
709,new there were the battery chargelife is very good looking as many words to go here,10,0
712,and effective its that simple,7,0
706,cents upandcoming,10,0
712,and effective its that simple,2,0
710,year,10,0
711,liked the khao soi is infuriating,9,0
712,and effective its that simple,4,0
711,liked the khao soi is infuriating,10,0
708,the competitors,1,0
713,breaking despite much care on my friends burger was cold,10,0
712,and effective its that simple,0,0
709,new there were the battery chargelife is very good looking as many words to go here,8,0
699,this particular model would not work with my phone,8,0
714,ultracheap look to it,1,0
713,breaking despite much care on my friends burger was cold,2,0
711,liked the khao soi is infuriating,5,0
708,the competitors,9,0
714,ultracheap look to it,6,0
714,ultracheap look to it,3,0
712,and effective its that simple,10,0
712,and effective its that simple,6,0
714,ultracheap look to it,8,0
713,breaking despite much care on my friends burger was cold,7,0
713,breaking despite much care on my friends burger was cold,6,0
711,liked the khao soi is infuriating,1,0
705,everyone who gets extremely slow in the amazon for gyros,6,0
712,and effective its that simple,9,0
714,ultracheap look to it,10,0
714,ultracheap look to it,2,0
714,ultracheap look to it,7,0
713,breaking despite much care on my friends burger was cold,5,0
713,breaking despite much care on my friends burger was cold,8,0
714,ultracheap look to it,4,0
715,ironside,9,0
714,ultracheap look to it,0,0
714,ultracheap look to it,9,0
716,chicken caesar salad had any virtue in the food and healthy authentic or the last long bay area,0,0
715,ironside,6,0
715,ironside,0,0
712,and effective its that simple,8,0
715,ironside,3,0
715,ironside,10,0
715,ironside,8,0
713,breaking despite much care on my friends burger was cold,0,0
716,chicken caesar salad had any virtue in the food and healthy authentic or the last long bay area,6,0
716,chicken caesar salad had any virtue in the food and healthy authentic or the last long bay area,7,0
715,ironside,2,0
717,them zero taste that you see this film still not fit better but tiny toons kept the burger and those who can come from,5,0
716,chicken caesar salad had any virtue in the food and healthy authentic or the last long bay area,3,0
717,them zero taste that you see this film still not fit better but tiny toons kept the burger and those who can come from,9,0
716,chicken caesar salad had any virtue in the food and healthy authentic or the last long bay area,8,0
717,them zero taste that you see this film still not fit better but tiny toons kept the burger and those who can come from,1,0
717,them zero taste that you see this film still not fit better but tiny toons kept the burger and those who can come from,3,0
715,ironside,5,0
718,plantronincs continues to use the same flawed charger design,4,0
713,breaking despite much care on my friends burger was cold,1,1
716,chicken caesar salad had any virtue in the food and healthy authentic or the last long bay area,4,0
717,them zero taste that you see this film still not fit better but tiny toons kept the burger and those who can come from,4,0
707,right on time and our server from the get go was fantastic,9,1
718,plantronincs continues to use the same flawed charger design,0,0
718,plantronincs continues to use the same flawed charger design,5,0
712,and effective its that simple,1,0
716,chicken caesar salad had any virtue in the food and healthy authentic or the last long bay area,10,0
711,liked the khao soi is infuriating,3,0
716,chicken caesar salad had any virtue in the food and healthy authentic or the last long bay area,5,0
717,them zero taste that you see this film still not fit better but tiny toons kept the burger and those who can come from,6,0
718,plantronincs continues to use the same flawed charger design,7,1
717,them zero taste that you see this film still not fit better but tiny toons kept the burger and those who can come from,7,0
717,them zero taste that you see this film still not fit better but tiny toons kept the burger and those who can come from,8,0
715,ironside,1,0
717,them zero taste that you see this film still not fit better but tiny toons kept the burger and those who can come from,2,0
718,plantronincs continues to use the same flawed charger design,2,0
719,these foods i have ever tasted,4,0
715,ironside,4,0
718,plantronincs continues to use the same flawed charger design,9,0
720,out and crusty and the food was awful,2,0
716,chicken caesar salad had any virtue in the food and healthy authentic or the last long bay area,2,0
717,them zero taste that you see this film still not fit better but tiny toons kept the burger and those who can come from,10,0
719,these foods i have ever tasted,5,0
719,these foods i have ever tasted,2,0
715,ironside,7,0
720,out and crusty and the food was awful,5,0
710,year,6,0
714,ultracheap look to it,5,0
718,plantronincs continues to use the same flawed charger design,1,1
719,these foods i have ever tasted,9,0
720,out and crusty and the food was awful,4,1
719,these foods i have ever tasted,10,0
718,plantronincs continues to use the same flawed charger design,3,0
718,plantronincs continues to use the same flawed charger design,8,0
720,out and crusty and the food was awful,7,0
720,out and crusty and the food was awful,9,0
720,out and crusty and the food was awful,1,1
721,beer drink selection and good food selection,0,0
719,these foods i have ever tasted,6,0
719,these foods i have ever tasted,0,0
719,these foods i have ever tasted,3,0
720,out and crusty and the food was awful,0,0
722,of options to choose from,3,0
719,these foods i have ever tasted,1,0
720,out and crusty and the food was awful,6,1
721,beer drink selection and good food selection,2,0
720,out and crusty and the food was awful,3,0
722,of options to choose from,9,0
722,of options to choose from,7,0
718,plantronincs continues to use the same flawed charger design,6,0
713,breaking despite much care on my friends burger was cold,9,1
719,these foods i have ever tasted,8,0
723,it you should probably just leave it on the shelf,3,0
721,beer drink selection and good food selection,9,0
718,plantronincs continues to use the same flawed charger design,10,0
721,beer drink selection and good food selection,10,0
722,of options to choose from,0,0
721,beer drink selection and good food selection,1,0
721,beer drink selection and good food selection,7,0
720,out and crusty and the food was awful,10,0
722,of options to choose from,5,0
722,of options to choose from,6,0
724,sturdiness of this phone,2,0
723,it you should probably just leave it on the shelf,4,0
724,sturdiness of this phone,0,0
722,of options to choose from,2,0
723,it you should probably just leave it on the shelf,0,0
721,beer drink selection and good food selection,5,0
723,it you should probably just leave it on the shelf,2,0
713,breaking despite much care on my friends burger was cold,4,0
723,it you should probably just leave it on the shelf,9,0
722,of options to choose from,1,0
724,sturdiness of this phone,6,0
719,these foods i have ever tasted,7,0
724,sturdiness of this phone,3,0
723,it you should probably just leave it on the shelf,1,0
720,out and crusty and the food was awful,8,0
721,beer drink selection and good food selection,6,0
723,it you should probably just leave it on the shelf,6,0
723,it you should probably just leave it on the shelf,10,0
724,sturdiness of this phone,7,0
724,sturdiness of this phone,1,0
717,them zero taste that you see this film still not fit better but tiny toons kept the burger and those who can come from,0,0
722,of options to choose from,10,0
721,beer drink selection and good food selection,3,0
725,antena,1,0
723,it you should probably just leave it on the shelf,7,0
721,beer drink selection and good food selection,8,0
724,sturdiness of this phone,9,0
723,it you should probably just leave it on the shelf,5,0
724,sturdiness of this phone,10,0
724,sturdiness of this phone,5,0
725,antena,2,0
721,beer drink selection and good food selection,4,0
725,antena,9,0
716,chicken caesar salad had any virtue in the food and healthy authentic or the last long bay area,9,0
725,antena,3,0
727,is terribly boring in places,3,0
725,antena,4,0
725,antena,6,0
725,antena,10,0
727,is terribly boring in places,1,0
726,item,1,0
722,of options to choose from,8,0
727,is terribly boring in places,10,0
726,item,5,0
727,is terribly boring in places,9,0
725,antena,0,0
727,is terribly boring in places,0,0
725,antena,8,0
727,is terribly boring in places,5,0
726,item,10,0
725,antena,5,0
727,is terribly boring in places,4,0
726,item,2,0
726,item,0,0
724,sturdiness of this phone,4,0
716,chicken caesar salad had any virtue in the food and healthy authentic or the last long bay area,1,0
726,item,8,0
728,tried the mediterranean chicken salad and fell in love,1,1
724,sturdiness of this phone,8,0
728,tried the mediterranean chicken salad and fell in love,4,1
727,is terribly boring in places,7,0
726,item,6,0
727,is terribly boring in places,8,0
728,tried the mediterranean chicken salad and fell in love,6,1
723,it you should probably just leave it on the shelf,8,0
728,tried the mediterranean chicken salad and fell in love,2,1
728,tried the mediterranean chicken salad and fell in love,3,1
722,of options to choose from,4,0
728,tried the mediterranean chicken salad and fell in love,7,1
728,tried the mediterranean chicken salad and fell in love,0,1
729,of the unit to a destination unknown,0,0
729,of the unit to a destination unknown,9,0
728,tried the mediterranean chicken salad and fell in love,10,1
729,of the unit to a destination unknown,3,0
729,of the unit to a destination unknown,5,0
729,of the unit to a destination unknown,7,0
728,tried the mediterranean chicken salad and fell in love,8,1
726,item,9,0
730,europe or asia,2,0
731,tried to plug it in,2,0
727,is terribly boring in places,6,0
729,of the unit to a destination unknown,6,0
730,europe or asia,5,0
733,times very bad customer service,7,1
732,and it tasted very bland,0,0
730,europe or asia,9,0
731,tried to plug it in,7,0
730,europe or asia,3,0
729,of the unit to a destination unknown,2,0
726,item,3,0
731,tried to plug it in,6,0
731,tried to plug it in,9,0
729,of the unit to a destination unknown,4,0
732,and it tasted very bland,1,0
726,item,4,0
732,and it tasted very bland,2,0
730,europe or asia,0,0
728,tried the mediterranean chicken salad and fell in love,9,1
729,of the unit to a destination unknown,10,0
731,tried to plug it in,3,0
732,and it tasted very bland,3,0
730,europe or asia,7,0
730,europe or asia,8,0
732,and it tasted very bland,10,0
732,and it tasted very bland,9,0
728,tried the mediterranean chicken salad and fell in love,5,1
731,tried to plug it in,1,0
731,tried to plug it in,4,0
731,tried to plug it in,10,0
730,europe or asia,10,0
732,and it tasted very bland,4,0
733,times very bad customer service,0,0
733,times very bad customer service,1,0
733,times very bad customer service,2,0
733,times very bad customer service,5,0
725,antena,7,0
732,and it tasted very bland,6,0
733,times very bad customer service,3,1
729,of the unit to a destination unknown,8,0
730,europe or asia,6,0
730,europe or asia,1,0
734,of promise but fails to deliver,4,0
733,times very bad customer service,4,0
731,tried to plug it in,5,0
734,of promise but fails to deliver,1,0
734,of promise but fails to deliver,0,0
735,famous for your typical bar food,8,0
734,of promise but fails to deliver,5,0
732,and it tasted very bland,5,0
735,famous for your typical bar food,6,0
733,times very bad customer service,9,0
727,is terribly boring in places,2,0
736,anthony quinn playing crazy horse,6,0
731,tried to plug it in,8,0
735,famous for your typical bar food,4,0
735,famous for your typical bar food,0,0
735,famous for your typical bar food,10,0
733,times very bad customer service,8,1
735,famous for your typical bar food,5,0
735,famous for your typical bar food,9,0
736,anthony quinn playing crazy horse,2,0
731,tried to plug it in,0,0
730,europe or asia,4,0
736,anthony quinn playing crazy horse,1,0
736,anthony quinn playing crazy horse,10,0
736,anthony quinn playing crazy horse,4,0
735,famous for your typical bar food,7,0
735,famous for your typical bar food,3,0
736,anthony quinn playing crazy horse,8,0
734,of promise but fails to deliver,10,0
736,anthony quinn playing crazy horse,7,0
732,and it tasted very bland,8,0
733,times very bad customer service,10,0
732,and it tasted very bland,7,0
736,anthony quinn playing crazy horse,9,0
737,excellent dualpurpose headset works for lack of junk i would crack with my requirements so far and so much rather eat their service,4,0
729,of the unit to a destination unknown,1,0
737,excellent dualpurpose headset works for lack of junk i would crack with my requirements so far and so much rather eat their service,1,0
726,item,7,0
737,excellent dualpurpose headset works for lack of junk i would crack with my requirements so far and so much rather eat their service,3,0
737,excellent dualpurpose headset works for lack of junk i would crack with my requirements so far and so much rather eat their service,0,0
734,of promise but fails to deliver,8,0
737,excellent dualpurpose headset works for lack of junk i would crack with my requirements so far and so much rather eat their service,2,0
736,anthony quinn playing crazy horse,0,0
738,treated equally special,8,0
735,famous for your typical bar food,1,0
737,excellent dualpurpose headset works for lack of junk i would crack with my requirements so far and so much rather eat their service,7,0
739,ive bought wired headphones that sound better than these,0,1
734,of promise but fails to deliver,7,0
735,famous for your typical bar food,2,0
738,treated equally special,10,0
738,treated equally special,0,0
739,ive bought wired headphones that sound better than these,9,0
737,excellent dualpurpose headset works for lack of junk i would crack with my requirements so far and so much rather eat their service,6,0
738,treated equally special,6,0
738,treated equally special,7,0
738,treated equally special,2,0
739,ive bought wired headphones that sound better than these,8,1
734,of promise but fails to deliver,2,0
736,anthony quinn playing crazy horse,5,0
736,anthony quinn playing crazy horse,3,0
734,of promise but fails to deliver,9,0
738,treated equally special,5,0
739,ive bought wired headphones that sound better than these,10,1
737,excellent dualpurpose headset works for lack of junk i would crack with my requirements so far and so much rather eat their service,5,0
740,them except cole who was totally unbelievable in the part,5,1
739,ive bought wired headphones that sound better than these,7,1
740,them except cole who was totally unbelievable in the part,1,0
738,treated equally special,9,0
740,them except cole who was totally unbelievable in the part,6,0
739,ive bought wired headphones that sound better than these,6,0
739,ive bought wired headphones that sound better than these,3,1
738,treated equally special,4,0
741,bad,6,1
739,ive bought wired headphones that sound better than these,2,1
742,who has no real torture,0,0
741,bad,3,0
741,bad,0,0
739,ive bought wired headphones that sound better than these,4,0
740,them except cole who was totally unbelievable in the part,9,1
741,bad,9,0
741,bad,5,0
737,excellent dualpurpose headset works for lack of junk i would crack with my requirements so far and so much rather eat their service,10,0
740,them except cole who was totally unbelievable in the part,7,0
740,them except cole who was totally unbelievable in the part,0,0
742,who has no real torture,4,0
741,bad,4,1
741,bad,7,0
740,them except cole who was totally unbelievable in the part,8,0
742,who has no real torture,1,0
741,bad,8,0
739,ive bought wired headphones that sound better than these,5,1
743,hang together at all and the acting is absolutely appalling,0,0
742,who has no real torture,2,0
743,hang together at all and the acting is absolutely appalling,6,1
741,bad,2,0
737,excellent dualpurpose headset works for lack of junk i would crack with my requirements so far and so much rather eat their service,8,0
738,treated equally special,1,0
742,who has no real torture,3,0
740,them except cole who was totally unbelievable in the part,3,0
742,who has no real torture,8,0
740,them except cole who was totally unbelievable in the part,2,0
744,thing was there was no speakerphone,5,0
742,who has no real torture,9,0
739,ive bought wired headphones that sound better than these,1,1
744,thing was there was no speakerphone,0,0
744,thing was there was no speakerphone,3,0
740,them except cole who was totally unbelievable in the part,4,0
745,to come out at one point,2,0
743,hang together at all and the acting is absolutely appalling,10,0
745,to come out at one point,1,0
738,treated equally special,3,0
744,thing was there was no speakerphone,7,0
741,bad,1,0
737,excellent dualpurpose headset works for lack of junk i would crack with my requirements so far and so much rather eat their service,9,0
743,hang together at all and the acting is absolutely appalling,5,0
745,to come out at one point,3,0
745,to come out at one point,0,0
733,times very bad customer service,6,1
743,hang together at all and the acting is absolutely appalling,2,1
745,to come out at one point,7,0
744,thing was there was no speakerphone,8,0
743,hang together at all and the acting is absolutely appalling,7,1
742,who has no real torture,10,0
744,thing was there was no speakerphone,1,0
740,them except cole who was totally unbelievable in the part,10,1
734,of promise but fails to deliver,3,0
744,thing was there was no speakerphone,6,0
742,who has no real torture,5,0
745,to come out at one point,9,0
743,hang together at all and the acting is absolutely appalling,4,1
745,to come out at one point,5,0
744,thing was there was no speakerphone,9,0
745,to come out at one point,4,0
744,thing was there was no speakerphone,10,0
741,bad,10,0
744,thing was there was no speakerphone,4,0
745,to come out at one point,10,0
746,antithesis of all that is good about human traffic,3,0
734,of promise but fails to deliver,6,0
745,to come out at one point,6,0
742,who has no real torture,7,0
742,who has no real torture,6,0
747,and all the food they offered was bland,7,1
747,and all the food they offered was bland,5,1
745,to come out at one point,8,0
748,my step going over when its so slow moving,2,0
746,antithesis of all that is good about human traffic,6,0
748,my step going over when its so slow moving,8,0
748,my step going over when its so slow moving,5,0
747,and all the food they offered was bland,9,1
746,antithesis of all that is good about human traffic,8,0
747,and all the food they offered was bland,0,1
748,my step going over when its so slow moving,6,0
748,my step going over when its so slow moving,9,0
749,as much as cheap quality black olives,8,0
749,as much as cheap quality black olives,3,0
749,as much as cheap quality black olives,5,0
747,and all the food they offered was bland,3,1
743,hang together at all and the acting is absolutely appalling,1,0
747,and all the food they offered was bland,10,1
749,as much as cheap quality black olives,10,0
747,and all the food they offered was bland,6,1
748,my step going over when its so slow moving,1,0
746,antithesis of all that is good about human traffic,1,0
749,as much as cheap quality black olives,1,0
746,antithesis of all that is good about human traffic,0,0
749,as much as cheap quality black olives,0,0
746,antithesis of all that is good about human traffic,9,0
749,as much as cheap quality black olives,4,0
750,lovely duo of violinists playing songs we requested,4,1
749,as much as cheap quality black olives,9,0
750,lovely duo of violinists playing songs we requested,7,1
743,hang together at all and the acting is absolutely appalling,3,1
744,thing was there was no speakerphone,2,0
746,antithesis of all that is good about human traffic,4,0
751,new nokia phone which is to say about this product it fails,1,0
750,lovely duo of violinists playing songs we requested,10,1
750,lovely duo of violinists playing songs we requested,0,0
747,and all the food they offered was bland,8,1
750,lovely duo of violinists playing songs we requested,1,0
749,as much as cheap quality black olives,6,0
749,as much as cheap quality black olives,7,0
750,lovely duo of violinists playing songs we requested,3,0
748,my step going over when its so slow moving,7,0
746,antithesis of all that is good about human traffic,5,0
751,new nokia phone which is to say about this product it fails,0,0
746,antithesis of all that is good about human traffic,7,0
746,antithesis of all that is good about human traffic,2,0
743,hang together at all and the acting is absolutely appalling,8,0
747,and all the food they offered was bland,1,1
748,my step going over when its so slow moving,3,0
750,lovely duo of violinists playing songs we requested,2,0
750,lovely duo of violinists playing songs we requested,9,0
752,dirty fish market and a sewer,0,0
751,new nokia phone which is to say about this product it fails,3,0
751,new nokia phone which is to say about this product it fails,2,0
748,my step going over when its so slow moving,4,0
750,lovely duo of violinists playing songs we requested,8,1
747,and all the food they offered was bland,2,1
751,new nokia phone which is to say about this product it fails,5,0
748,my step going over when its so slow moving,0,0
747,and all the food they offered was bland,4,1
750,lovely duo of violinists playing songs we requested,5,1
750,lovely duo of violinists playing songs we requested,6,0
753,and photography,2,0
751,new nokia phone which is to say about this product it fails,4,0
751,new nokia phone which is to say about this product it fails,9,1
753,and photography,1,0
753,and photography,6,0
752,dirty fish market and a sewer,2,0
743,hang together at all and the acting is absolutely appalling,9,0
752,dirty fish market and a sewer,3,0
751,new nokia phone which is to say about this product it fails,10,1
749,as much as cheap quality black olives,2,0
752,dirty fish market and a sewer,7,0
754,noncustomer service focused new management,4,0
748,my step going over when its so slow moving,10,0
751,new nokia phone which is to say about this product it fails,6,1
753,and photography,10,0
752,dirty fish market and a sewer,6,0
746,antithesis of all that is good about human traffic,10,0
751,new nokia phone which is to say about this product it fails,7,0
752,dirty fish market and a sewer,9,0
753,and photography,5,0
754,noncustomer service focused new management,6,0
753,and photography,4,0
754,noncustomer service focused new management,1,0
752,dirty fish market and a sewer,4,0
752,dirty fish market and a sewer,8,0
755,a small family restaurant feel to it,8,0
754,noncustomer service focused new management,3,0
754,noncustomer service focused new management,10,0
754,noncustomer service focused new management,0,1
755,a small family restaurant feel to it,5,0
752,dirty fish market and a sewer,10,0
751,new nokia phone which is to say about this product it fails,8,0
755,a small family restaurant feel to it,2,0
755,a small family restaurant feel to it,7,0
755,a small family restaurant feel to it,10,0
754,noncustomer service focused new management,5,0
756,greatespecially if you enjoy visual arts,3,0
755,a small family restaurant feel to it,0,0
752,dirty fish market and a sewer,1,0
753,and photography,0,0
754,noncustomer service focused new management,2,0
753,and photography,9,0
755,a small family restaurant feel to it,1,0
753,and photography,8,0
756,greatespecially if you enjoy visual arts,0,0
756,greatespecially if you enjoy visual arts,1,0
755,a small family restaurant feel to it,6,0
752,dirty fish market and a sewer,5,0
755,a small family restaurant feel to it,4,0
755,a small family restaurant feel to it,3,0
756,greatespecially if you enjoy visual arts,10,1
757,its still sore,8,0
758,one coming,5,0
757,its still sore,3,0
756,greatespecially if you enjoy visual arts,2,0
756,greatespecially if you enjoy visual arts,7,1
756,greatespecially if you enjoy visual arts,6,0
756,greatespecially if you enjoy visual arts,8,0
754,noncustomer service focused new management,7,0
754,noncustomer service focused new management,9,0
757,its still sore,4,0
758,one coming,9,0
758,one coming,1,0
753,and photography,3,0
757,its still sore,5,0
758,one coming,4,0
758,one coming,10,0
753,and photography,7,0
759,the bathrooms at this place hits the spot when i unwrapped it i despised it,5,0
757,its still sore,2,0
759,the bathrooms at this place hits the spot when i unwrapped it i despised it,6,0
757,its still sore,6,0
757,its still sore,10,0
759,the bathrooms at this place hits the spot when i unwrapped it i despised it,8,0
759,the bathrooms at this place hits the spot when i unwrapped it i despised it,0,0
760,mac salad and fell in love,0,0
758,one coming,7,0
755,a small family restaurant feel to it,9,0
754,noncustomer service focused new management,8,0
759,the bathrooms at this place hits the spot when i unwrapped it i despised it,7,0
756,greatespecially if you enjoy visual arts,5,1
758,one coming,0,0
758,one coming,8,0
760,mac salad and fell in love,1,0
758,one coming,3,0
757,its still sore,9,0
760,mac salad and fell in love,4,0
756,greatespecially if you enjoy visual arts,4,1
761,upstairs and no coverage in my cell phone right away,4,0
759,the bathrooms at this place hits the spot when i unwrapped it i despised it,3,0
761,upstairs and no coverage in my cell phone right away,0,0
761,upstairs and no coverage in my cell phone right away,3,0
761,upstairs and no coverage in my cell phone right away,6,0
762,to line up right to get decent volume,0,0
759,the bathrooms at this place hits the spot when i unwrapped it i despised it,10,0
760,mac salad and fell in love,8,0
761,upstairs and no coverage in my cell phone right away,2,0
761,upstairs and no coverage in my cell phone right away,7,0
762,to line up right to get decent volume,4,0
760,mac salad and fell in love,7,0
762,to line up right to get decent volume,7,0
761,upstairs and no coverage in my cell phone right away,1,0
758,one coming,2,0
762,to line up right to get decent volume,3,0
757,its still sore,7,0
762,to line up right to get decent volume,8,0
760,mac salad and fell in love,5,0
762,to line up right to get decent volume,1,0
760,mac salad and fell in love,2,0
759,the bathrooms at this place hits the spot when i unwrapped it i despised it,9,0
759,the bathrooms at this place hits the spot when i unwrapped it i despised it,2,0
762,to line up right to get decent volume,5,0
760,mac salad and fell in love,6,0
758,one coming,6,0
759,the bathrooms at this place hits the spot when i unwrapped it i despised it,1,0
756,greatespecially if you enjoy visual arts,9,1
762,to line up right to get decent volume,10,0
762,to line up right to get decent volume,6,0
763,in my mom and their clarity and that movie today and i found a brilliant as described,8,0
760,mac salad and fell in love,10,0
760,mac salad and fell in love,3,0
763,in my mom and their clarity and that movie today and i found a brilliant as described,2,0
763,in my mom and their clarity and that movie today and i found a brilliant as described,9,0
757,its still sore,1,0
765,ant is easy to use with lg vx env,0,0
764,even brought the food is very difficult to put onid recommend avoiding this product it fails,1,0
763,in my mom and their clarity and that movie today and i found a brilliant as described,0,0
761,upstairs and no coverage in my cell phone right away,9,0
761,upstairs and no coverage in my cell phone right away,8,0
763,in my mom and their clarity and that movie today and i found a brilliant as described,6,0
760,mac salad and fell in love,9,0
763,in my mom and their clarity and that movie today and i found a brilliant as described,4,0
757,its still sore,0,0
765,ant is easy to use with lg vx env,8,1
764,even brought the food is very difficult to put onid recommend avoiding this product it fails,6,0
764,even brought the food is very difficult to put onid recommend avoiding this product it fails,3,1
764,even brought the food is very difficult to put onid recommend avoiding this product it fails,4,0
764,even brought the food is very difficult to put onid recommend avoiding this product it fails,9,0
763,in my mom and their clarity and that movie today and i found a brilliant as described,7,0
763,in my mom and their clarity and that movie today and i found a brilliant as described,3,0
765,ant is easy to use with lg vx env,7,0
761,upstairs and no coverage in my cell phone right away,5,0
763,in my mom and their clarity and that movie today and i found a brilliant as described,10,0
765,ant is easy to use with lg vx env,5,0
764,even brought the food is very difficult to put onid recommend avoiding this product it fails,0,0
765,ant is easy to use with lg vx env,3,0
765,ant is easy to use with lg vx env,2,0
766,i caught them on an off night but it wasnt always easy to watch,1,1
763,in my mom and their clarity and that movie today and i found a brilliant as described,5,0
766,i caught them on an off night but it wasnt always easy to watch,2,0
764,even brought the food is very difficult to put onid recommend avoiding this product it fails,10,0
764,even brought the food is very difficult to put onid recommend avoiding this product it fails,8,0
759,the bathrooms at this place hits the spot when i unwrapped it i despised it,4,0
765,ant is easy to use with lg vx env,9,0
763,in my mom and their clarity and that movie today and i found a brilliant as described,1,0
766,i caught them on an off night but it wasnt always easy to watch,10,1
764,even brought the food is very difficult to put onid recommend avoiding this product it fails,7,0
764,even brought the food is very difficult to put onid recommend avoiding this product it fails,2,0
766,i caught them on an off night but it wasnt always easy to watch,6,0
765,ant is easy to use with lg vx env,10,0
766,i caught them on an off night but it wasnt always easy to watch,3,0
765,ant is easy to use with lg vx env,1,0
767,drive all not much,1,0
768,found the stars,5,0
767,drive all not much,0,0
767,drive all not much,2,0
765,ant is easy to use with lg vx env,6,0
766,i caught them on an off night but it wasnt always easy to watch,7,1
766,i caught them on an off night but it wasnt always easy to watch,9,0
768,found the stars,10,0
768,found the stars,4,0
762,to line up right to get decent volume,2,0
766,i caught them on an off night but it wasnt always easy to watch,5,1
769,there is nothing authentic about this place but it does everything pretty well,1,1
766,i caught them on an off night but it wasnt always easy to watch,0,1
761,upstairs and no coverage in my cell phone right away,10,0
764,even brought the food is very difficult to put onid recommend avoiding this product it fails,5,0
767,drive all not much,4,0
766,i caught them on an off night but it wasnt always easy to watch,4,0
767,drive all not much,5,0
768,found the stars,2,0
768,found the stars,7,0
769,there is nothing authentic about this place but it does everything pretty well,2,1
765,ant is easy to use with lg vx env,4,0
767,drive all not much,8,0
768,found the stars,8,0
769,there is nothing authentic about this place but it does everything pretty well,4,1
762,to line up right to get decent volume,9,0
768,found the stars,9,0
767,drive all not much,9,0
769,there is nothing authentic about this place but it does everything pretty well,8,1
769,there is nothing authentic about this place but it does everything pretty well,9,1
768,found the stars,3,0
770,sandwiches and everything ive tried gets my seal of approval,1,0
771,phone works well,1,1
771,phone works well,9,1
769,there is nothing authentic about this place but it does everything pretty well,7,1
770,sandwiches and everything ive tried gets my seal of approval,5,1
770,sandwiches and everything ive tried gets my seal of approval,2,1
770,sandwiches and everything ive tried gets my seal of approval,0,0
770,sandwiches and everything ive tried gets my seal of approval,8,1
770,sandwiches and everything ive tried gets my seal of approval,6,1
767,drive all not much,10,0
770,sandwiches and everything ive tried gets my seal of approval,9,1
771,phone works well,8,0
771,phone works well,0,0
771,phone works well,10,1
769,there is nothing authentic about this place but it does everything pretty well,6,1
771,phone works well,2,1
767,drive all not much,3,0
772,i even dropped this phone into a stream and it was submerged for seconds and it still works great,8,1
772,i even dropped this phone into a stream and it was submerged for seconds and it still works great,2,1
769,there is nothing authentic about this place but it does everything pretty well,10,1
772,i even dropped this phone into a stream and it was submerged for seconds and it still works great,6,1
768,found the stars,1,0
769,there is nothing authentic about this place but it does everything pretty well,5,1
766,i caught them on an off night but it wasnt always easy to watch,8,1
771,phone works well,7,0
767,drive all not much,6,0
772,i even dropped this phone into a stream and it was submerged for seconds and it still works great,4,1
771,phone works well,6,1
772,i even dropped this phone into a stream and it was submerged for seconds and it still works great,1,1
772,i even dropped this phone into a stream and it was submerged for seconds and it still works great,7,1
773,breaking despite much care on my oyvey scale,3,0
770,sandwiches and everything ive tried gets my seal of approval,7,1
771,phone works well,3,1
774,food was great and so was the biscuit,2,1
771,phone works well,5,1
774,food was great and so was the biscuit,0,1
773,breaking despite much care on my oyvey scale,0,0
771,phone works well,4,1
772,i even dropped this phone into a stream and it was submerged for seconds and it still works great,5,1
773,breaking despite much care on my oyvey scale,10,0
773,breaking despite much care on my oyvey scale,1,0
773,breaking despite much care on my oyvey scale,7,0
773,breaking despite much care on my oyvey scale,5,0
773,breaking despite much care on my oyvey scale,2,0
769,there is nothing authentic about this place but it does everything pretty well,0,1
774,food was great and so was the biscuit,1,1
770,sandwiches and everything ive tried gets my seal of approval,4,1
773,breaking despite much care on my oyvey scale,8,0
774,food was great and so was the biscuit,10,1
767,drive all not much,7,0
773,breaking despite much care on my oyvey scale,6,0
775,away when i want my damn pho,8,0
774,food was great and so was the biscuit,6,1
770,sandwiches and everything ive tried gets my seal of approval,10,1
775,away when i want my damn pho,6,0
774,food was great and so was the biscuit,4,1
774,food was great and so was the biscuit,3,1
768,found the stars,0,0
772,i even dropped this phone into a stream and it was submerged for seconds and it still works great,10,1
774,food was great and so was the biscuit,9,1
772,i even dropped this phone into a stream and it was submerged for seconds and it still works great,9,1
775,away when i want my damn pho,3,0
775,away when i want my damn pho,2,0
776,and the battery drops a bar,3,0
775,away when i want my damn pho,0,0
774,food was great and so was the biscuit,8,0
775,away when i want my damn pho,10,0
774,food was great and so was the biscuit,7,1
775,away when i want my damn pho,1,0
776,and the battery drops a bar,6,0
775,away when i want my damn pho,4,0
777,place to come back to every once in a while,1,0
777,place to come back to every once in a while,2,0
773,breaking despite much care on my oyvey scale,9,0
776,and the battery drops a bar,9,0
777,place to come back to every once in a while,9,0
772,i even dropped this phone into a stream and it was submerged for seconds and it still works great,3,1
776,and the battery drops a bar,8,0
773,breaking despite much care on my oyvey scale,4,0
776,and the battery drops a bar,4,0
774,food was great and so was the biscuit,5,0
776,and the battery drops a bar,5,0
772,i even dropped this phone into a stream and it was submerged for seconds and it still works great,0,1
770,sandwiches and everything ive tried gets my seal of approval,3,1
777,place to come back to every once in a while,3,0
776,and the battery drops a bar,7,0
777,place to come back to every once in a while,0,0
775,away when i want my damn pho,5,0
777,place to come back to every once in a while,5,0
778,i didnt work with the sort of the breakage is just check on my appointments and management is slim and uplifting,2,0
777,place to come back to every once in a while,4,0
777,place to come back to every once in a while,10,0
778,i didnt work with the sort of the breakage is just check on my appointments and management is slim and uplifting,8,0
768,found the stars,6,0
778,i didnt work with the sort of the breakage is just check on my appointments and management is slim and uplifting,9,0
778,i didnt work with the sort of the breakage is just check on my appointments and management is slim and uplifting,4,0
776,and the battery drops a bar,1,0
779,even that company was the roast beef were dirty seat covers were welldone,10,0
777,place to come back to every once in a while,6,0
776,and the battery drops a bar,10,0
775,away when i want my damn pho,7,0
779,even that company was the roast beef were dirty seat covers were welldone,3,0
769,there is nothing authentic about this place but it does everything pretty well,3,1
776,and the battery drops a bar,0,0
776,and the battery drops a bar,2,0
779,even that company was the roast beef were dirty seat covers were welldone,5,0
778,i didnt work with the sort of the breakage is just check on my appointments and management is slim and uplifting,6,0
779,even that company was the roast beef were dirty seat covers were welldone,0,0
780,unless im not using it correctly which i dont think is the case,2,0
779,even that company was the roast beef were dirty seat covers were welldone,4,0
778,i didnt work with the sort of the breakage is just check on my appointments and management is slim and uplifting,1,0
777,place to come back to every once in a while,8,0
779,even that company was the roast beef were dirty seat covers were welldone,7,0
778,i didnt work with the sort of the breakage is just check on my appointments and management is slim and uplifting,3,0
780,unless im not using it correctly which i dont think is the case,0,0
778,i didnt work with the sort of the breakage is just check on my appointments and management is slim and uplifting,7,0
779,even that company was the roast beef were dirty seat covers were welldone,8,0
778,i didnt work with the sort of the breakage is just check on my appointments and management is slim and uplifting,0,0
779,even that company was the roast beef were dirty seat covers were welldone,6,0
780,unless im not using it correctly which i dont think is the case,9,0
781,back to this seller,5,0
780,unless im not using it correctly which i dont think is the case,7,0
780,unless im not using it correctly which i dont think is the case,3,0
780,unless im not using it correctly which i dont think is the case,6,0
779,even that company was the roast beef were dirty seat covers were welldone,1,0
781,back to this seller,0,0
780,unless im not using it correctly which i dont think is the case,1,0
780,unless im not using it correctly which i dont think is the case,5,0
782,for them going out of my pants or back pockets instead,4,0
781,back to this seller,10,0
780,unless im not using it correctly which i dont think is the case,8,0
778,i didnt work with the sort of the breakage is just check on my appointments and management is slim and uplifting,5,0
778,i didnt work with the sort of the breakage is just check on my appointments and management is slim and uplifting,10,0
779,even that company was the roast beef were dirty seat covers were welldone,2,0
781,back to this seller,1,0
781,back to this seller,4,0
780,unless im not using it correctly which i dont think is the case,10,0
775,away when i want my damn pho,9,0
783,what it says it is,8,0
783,what it says it is,0,0
777,place to come back to every once in a while,7,0
783,what it says it is,1,0
782,for them going out of my pants or back pockets instead,1,0
782,for them going out of my pants or back pockets instead,5,0
780,unless im not using it correctly which i dont think is the case,4,0
782,for them going out of my pants or back pockets instead,6,0
781,back to this seller,8,0
782,for them going out of my pants or back pockets instead,7,0
781,back to this seller,3,0
782,for them going out of my pants or back pockets instead,2,0
782,for them going out of my pants or back pockets instead,3,0
784,to bring us the check when we asked for the bill to leave without eating and they didnt look too appealing,4,0
783,what it says it is,4,0
782,for them going out of my pants or back pockets instead,9,0
783,what it says it is,3,0
784,to bring us the check when we asked for the bill to leave without eating and they didnt look too appealing,10,0
782,for them going out of my pants or back pockets instead,10,0
783,what it says it is,9,0
781,back to this seller,9,0
785,mystifying,4,0
784,to bring us the check when we asked for the bill to leave without eating and they didnt look too appealing,8,0
781,back to this seller,6,0
784,to bring us the check when we asked for the bill to leave without eating and they didnt look too appealing,3,0
779,even that company was the roast beef were dirty seat covers were welldone,9,0
784,to bring us the check when we asked for the bill to leave without eating and they didnt look too appealing,0,0
783,what it says it is,5,0
785,mystifying,5,0
785,mystifying,2,0
785,mystifying,7,0
786,of town this place is good,6,1
785,mystifying,3,0
785,mystifying,1,0
785,mystifying,8,0
784,to bring us the check when we asked for the bill to leave without eating and they didnt look too appealing,9,0
787,were goldencrispy and delicious,0,1
785,mystifying,10,0
786,of town this place is good,10,0
787,were goldencrispy and delicious,1,0
784,to bring us the check when we asked for the bill to leave without eating and they didnt look too appealing,7,0
782,for them going out of my pants or back pockets instead,8,0
787,were goldencrispy and delicious,3,1
786,of town this place is good,1,0
786,of town this place is good,8,0
783,what it says it is,2,0
783,what it says it is,7,0
782,for them going out of my pants or back pockets instead,0,0
786,of town this place is good,5,1
783,what it says it is,6,0
786,of town this place is good,2,0
785,mystifying,9,0
787,were goldencrispy and delicious,6,1
786,of town this place is good,7,0
787,were goldencrispy and delicious,8,0
788,salad with the top but not hear me vomit,8,0
786,of town this place is good,3,0
787,were goldencrispy and delicious,7,0
783,what it says it is,10,0
786,of town this place is good,4,0
785,mystifying,0,0
788,salad with the top but not hear me vomit,6,0
788,salad with the top but not hear me vomit,0,0
788,salad with the top but not hear me vomit,7,0
784,to bring us the check when we asked for the bill to leave without eating and they didnt look too appealing,5,0
785,mystifying,6,0
781,back to this seller,7,0
788,salad with the top but not hear me vomit,4,0
788,salad with the top but not hear me vomit,3,0
787,were goldencrispy and delicious,4,0
789,smooth while driving up,5,0
787,were goldencrispy and delicious,10,0
789,smooth while driving up,1,0
784,to bring us the check when we asked for the bill to leave without eating and they didnt look too appealing,2,0
789,smooth while driving up,2,0
788,salad with the top but not hear me vomit,2,0
784,to bring us the check when we asked for the bill to leave without eating and they didnt look too appealing,1,0
789,smooth while driving up,8,0
789,smooth while driving up,4,0
786,of town this place is good,9,1
787,were goldencrispy and delicious,9,0
787,were goldencrispy and delicious,2,0
788,salad with the top but not hear me vomit,1,0
788,salad with the top but not hear me vomit,10,0
788,salad with the top but not hear me vomit,9,0
790,expect,6,0
790,expect,4,0
789,smooth while driving up,10,0
791,characterage appropriate,1,0
792,the computer while it is on my lap,3,0
784,to bring us the check when we asked for the bill to leave without eating and they didnt look too appealing,6,0
790,expect,5,0
790,expect,0,0
789,smooth while driving up,7,0
791,characterage appropriate,4,0
790,expect,3,0
786,of town this place is good,0,1
791,characterage appropriate,0,0
791,characterage appropriate,9,0
781,back to this seller,2,0
791,characterage appropriate,7,0
790,expect,1,0
790,expect,8,0
791,characterage appropriate,2,0
791,characterage appropriate,5,0
789,smooth while driving up,9,0
791,characterage appropriate,10,0
792,the computer while it is on my lap,2,0
789,smooth while driving up,6,0
788,salad with the top but not hear me vomit,5,0
789,smooth while driving up,3,0
791,characterage appropriate,8,0
792,the computer while it is on my lap,8,0
792,the computer while it is on my lap,0,0
792,the computer while it is on my lap,7,0
791,characterage appropriate,6,0
790,expect,2,0
793,wondered how retarded the crust is on an excellent story solid,8,0
792,the computer while it is on my lap,6,0
792,the computer while it is on my lap,9,0
792,the computer while it is on my lap,4,0
793,wondered how retarded the crust is on an excellent story solid,1,0
791,characterage appropriate,3,0
793,wondered how retarded the crust is on an excellent story solid,0,0
792,the computer while it is on my lap,1,0
793,wondered how retarded the crust is on an excellent story solid,9,0
794,and tasty,8,0
790,expect,7,0
789,smooth while driving up,0,0
794,and tasty,6,0
794,and tasty,4,0
790,expect,10,0
793,wondered how retarded the crust is on an excellent story solid,7,0
793,wondered how retarded the crust is on an excellent story solid,2,0
794,and tasty,1,0
792,the computer while it is on my lap,5,0
795,and i cant wait until the next,2,0
794,and tasty,2,0
795,and i cant wait until the next,9,0
794,and tasty,7,0
794,and tasty,5,0
790,expect,9,0
787,were goldencrispy and delicious,5,1
793,wondered how retarded the crust is on an excellent story solid,4,0
796,was definitely not filling at all and for the price you cannot beat it,2,1
796,was definitely not filling at all and for the price you cannot beat it,6,1
795,and i cant wait until the next,1,0
792,the computer while it is on my lap,10,0
795,and i cant wait until the next,3,0
795,and i cant wait until the next,7,0
795,and i cant wait until the next,5,0
795,and i cant wait until the next,4,0
795,and i cant wait until the next,0,0
796,was definitely not filling at all and for the price you cannot beat it,3,0
795,and i cant wait until the next,8,0
793,wondered how retarded the crust is on an excellent story solid,5,0
796,was definitely not filling at all and for the price you cannot beat it,5,0
795,and i cant wait until the next,6,0
794,and tasty,9,0
796,was definitely not filling at all and for the price you cannot beat it,0,0
796,was definitely not filling at all and for the price you cannot beat it,4,0
793,wondered how retarded the crust is on an excellent story solid,3,0
797,movie and disliked it as much,5,0
796,was definitely not filling at all and for the price you cannot beat it,7,1
797,movie and disliked it as much,2,0
794,and tasty,10,0
797,movie and disliked it as much,6,0
798,delicious our waiter wasnt too small,0,0
795,and i cant wait until the next,10,0
798,delicious our waiter wasnt too small,1,0
797,movie and disliked it as much,0,0
794,and tasty,3,0
793,wondered how retarded the crust is on an excellent story solid,6,0
797,movie and disliked it as much,1,0
797,movie and disliked it as much,3,0
797,movie and disliked it as much,10,0
797,movie and disliked it as much,8,0
796,was definitely not filling at all and for the price you cannot beat it,10,0
798,delicious our waiter wasnt too small,7,0
798,delicious our waiter wasnt too small,5,0
798,delicious our waiter wasnt too small,6,0
798,delicious our waiter wasnt too small,2,0
796,was definitely not filling at all and for the price you cannot beat it,9,0
796,was definitely not filling at all and for the price you cannot beat it,1,1
794,and tasty,0,0
799,finally works well,0,1
796,was definitely not filling at all and for the price you cannot beat it,8,1
797,movie and disliked it as much,9,0
797,movie and disliked it as much,4,0
798,delicious our waiter wasnt too small,4,0
799,finally works well,6,0
798,delicious our waiter wasnt too small,3,0
798,delicious our waiter wasnt too small,8,0
801,hasnt missed a step going from silent to sound,1,0
793,wondered how retarded the crust is on an excellent story solid,10,0
798,delicious our waiter wasnt too small,9,0
798,delicious our waiter wasnt too small,10,0
799,finally works well,4,1
799,finally works well,7,0
797,movie and disliked it as much,7,0
800,very weak,0,0
801,hasnt missed a step going from silent to sound,0,1
799,finally works well,8,0
800,very weak,2,0
801,hasnt missed a step going from silent to sound,7,1
800,very weak,4,0
801,hasnt missed a step going from silent to sound,9,1
800,very weak,10,0
800,very weak,6,0
801,hasnt missed a step going from silent to sound,3,1
801,hasnt missed a step going from silent to sound,10,0
799,finally works well,5,1
801,hasnt missed a step going from silent to sound,2,1
802,waitress was good,1,1
799,finally works well,9,0
799,finally works well,1,0
799,finally works well,3,1
802,waitress was good,6,1
802,waitress was good,2,0
802,waitress was good,5,0
803,this was a pale color instead of nice and the lion we see a wonderful story,0,0
800,very weak,7,0
802,waitress was good,7,1
800,very weak,1,0
802,waitress was good,8,1
801,hasnt missed a step going from silent to sound,4,1
801,hasnt missed a step going from silent to sound,6,1
802,waitress was good,3,1
800,very weak,3,0
802,waitress was good,0,0
802,waitress was good,10,1
801,hasnt missed a step going from silent to sound,5,0
803,this was a pale color instead of nice and the lion we see a wonderful story,6,0
800,very weak,9,1
803,this was a pale color instead of nice and the lion we see a wonderful story,7,0
799,finally works well,10,0
803,this was a pale color instead of nice and the lion we see a wonderful story,2,0
803,this was a pale color instead of nice and the lion we see a wonderful story,3,0
803,this was a pale color instead of nice and the lion we see a wonderful story,1,0
803,this was a pale color instead of nice and the lion we see a wonderful story,4,0
803,this was a pale color instead of nice and the lion we see a wonderful story,10,0
802,waitress was good,9,1
800,very weak,8,0
800,very weak,5,0
803,this was a pale color instead of nice and the lion we see a wonderful story,5,0
805,headset right,5,0
805,headset right,2,0
805,headset right,0,0
799,finally works well,2,1
803,this was a pale color instead of nice and the lion we see a wonderful story,9,0
803,this was a pale color instead of nice and the lion we see a wonderful story,8,0
804,this purchase,2,0
806,was there was no speakerphone,3,0
806,was there was no speakerphone,8,0
804,this purchase,8,0
805,headset right,6,0
804,this purchase,0,0
806,was there was no speakerphone,0,0
802,waitress was good,4,0
805,headset right,8,0
806,was there was no speakerphone,9,0
804,this purchase,3,0
804,this purchase,7,0
804,this purchase,9,0
804,this purchase,10,0
801,hasnt missed a step going from silent to sound,8,0
807,do it,7,0
804,this purchase,1,0
805,headset right,4,0
807,do it,4,0
806,was there was no speakerphone,2,0
806,was there was no speakerphone,10,0
807,do it,3,0
807,do it,1,0
806,was there was no speakerphone,5,0
805,headset right,1,0
807,do it,0,0
807,do it,6,0
808,businesses its actually rare for me to give a star,5,0
809,was definitely not filling at all and for the price you pay you should expect more,5,1
807,do it,10,0
808,businesses its actually rare for me to give a star,9,0
805,headset right,3,0
805,headset right,9,0
806,was there was no speakerphone,6,0
804,this purchase,4,0
808,businesses its actually rare for me to give a star,7,0
804,this purchase,5,0
809,was definitely not filling at all and for the price you pay you should expect more,4,1
805,headset right,10,0
809,was definitely not filling at all and for the price you pay you should expect more,0,1
806,was there was no speakerphone,7,0
806,was there was no speakerphone,1,0
808,businesses its actually rare for me to give a star,0,0
808,businesses its actually rare for me to give a star,10,0
809,was definitely not filling at all and for the price you pay you should expect more,2,0
806,was there was no speakerphone,4,0
808,businesses its actually rare for me to give a star,2,0
807,do it,5,0
809,was definitely not filling at all and for the price you pay you should expect more,10,1
808,businesses its actually rare for me to give a star,1,0
807,do it,9,0
809,was definitely not filling at all and for the price you pay you should expect more,6,1
809,was definitely not filling at all and for the price you pay you should expect more,3,1
810,the crowd is just fails on blacktop without eating and seem to go back,1,0
808,businesses its actually rare for me to give a star,4,0
807,do it,8,0
810,the crowd is just fails on blacktop without eating and seem to go back,5,0
808,businesses its actually rare for me to give a star,8,0
811,find wasting food to be despicable but this just wasnt food,1,0
810,the crowd is just fails on blacktop without eating and seem to go back,0,0
808,businesses its actually rare for me to give a star,3,0
809,was definitely not filling at all and for the price you pay you should expect more,1,0
810,the crowd is just fails on blacktop without eating and seem to go back,4,0
810,the crowd is just fails on blacktop without eating and seem to go back,2,0
811,find wasting food to be despicable but this just wasnt food,0,0
810,the crowd is just fails on blacktop without eating and seem to go back,9,0
810,the crowd is just fails on blacktop without eating and seem to go back,7,0
805,headset right,7,0
811,find wasting food to be despicable but this just wasnt food,3,0
811,find wasting food to be despicable but this just wasnt food,2,0
811,find wasting food to be despicable but this just wasnt food,8,0
811,find wasting food to be despicable but this just wasnt food,4,0
809,was definitely not filling at all and for the price you pay you should expect more,7,1
810,the crowd is just fails on blacktop without eating and seem to go back,10,0
804,this purchase,6,0
813,repeating her and a year and emilio contains the ringer is nice shine and its too politically correct,9,0
813,repeating her and a year and emilio contains the ringer is nice shine and its too politically correct,8,0
810,the crowd is just fails on blacktop without eating and seem to go back,3,0
808,businesses its actually rare for me to give a star,6,0
811,find wasting food to be despicable but this just wasnt food,9,0
813,repeating her and a year and emilio contains the ringer is nice shine and its too politically correct,6,0
809,was definitely not filling at all and for the price you pay you should expect more,8,1
814,actor playing the villain was a low budget as you clearly can see,0,0
812,nice texture and taste,3,1
812,nice texture and taste,1,1
809,was definitely not filling at all and for the price you pay you should expect more,9,1
811,find wasting food to be despicable but this just wasnt food,7,0
811,find wasting food to be despicable but this just wasnt food,6,0
813,repeating her and a year and emilio contains the ringer is nice shine and its too politically correct,3,0
812,nice texture and taste,7,1
812,nice texture and taste,5,1
812,nice texture and taste,8,1
814,actor playing the villain was a low budget as you clearly can see,9,0
812,nice texture and taste,9,1
812,nice texture and taste,4,1
812,nice texture and taste,10,1
815,with a lilt in my ear well and is obviously very comfortable in front of a better consumer experience from motorola,4,0
812,nice texture and taste,6,1
813,repeating her and a year and emilio contains the ringer is nice shine and its too politically correct,4,0
814,actor playing the villain was a low budget as you clearly can see,3,0
814,actor playing the villain was a low budget as you clearly can see,1,0
810,the crowd is just fails on blacktop without eating and seem to go back,6,0
813,repeating her and a year and emilio contains the ringer is nice shine and its too politically correct,2,0
815,with a lilt in my ear well and is obviously very comfortable in front of a better consumer experience from motorola,0,0
813,repeating her and a year and emilio contains the ringer is nice shine and its too politically correct,0,0
815,with a lilt in my ear well and is obviously very comfortable in front of a better consumer experience from motorola,1,0
810,the crowd is just fails on blacktop without eating and seem to go back,8,0
815,with a lilt in my ear well and is obviously very comfortable in front of a better consumer experience from motorola,3,0
815,with a lilt in my ear well and is obviously very comfortable in front of a better consumer experience from motorola,2,0
816,big deal is about this place but i wont be back yaall,0,0
815,with a lilt in my ear well and is obviously very comfortable in front of a better consumer experience from motorola,10,0
813,repeating her and a year and emilio contains the ringer is nice shine and its too politically correct,7,0
811,find wasting food to be despicable but this just wasnt food,5,0
814,actor playing the villain was a low budget as you clearly can see,6,1
814,actor playing the villain was a low budget as you clearly can see,4,0
814,actor playing the villain was a low budget as you clearly can see,7,0
814,actor playing the villain was a low budget as you clearly can see,5,0
812,nice texture and taste,2,1
812,nice texture and taste,0,1
815,with a lilt in my ear well and is obviously very comfortable in front of a better consumer experience from motorola,9,0
811,find wasting food to be despicable but this just wasnt food,10,0
816,big deal is about this place but i wont be back yaall,4,1
817,in my auto reverse tape player,0,0
813,repeating her and a year and emilio contains the ringer is nice shine and its too politically correct,1,0
816,big deal is about this place but i wont be back yaall,1,0
814,actor playing the villain was a low budget as you clearly can see,10,0
818,sharp the blue is a very nice color,2,0
818,sharp the blue is a very nice color,1,0
818,sharp the blue is a very nice color,3,0
818,sharp the blue is a very nice color,9,0
816,big deal is about this place but i wont be back yaall,7,0
817,in my auto reverse tape player,5,0
816,big deal is about this place but i wont be back yaall,3,1
814,actor playing the villain was a low budget as you clearly can see,2,0
817,in my auto reverse tape player,9,0
816,big deal is about this place but i wont be back yaall,8,0
817,in my auto reverse tape player,6,0
814,actor playing the villain was a low budget as you clearly can see,8,0
817,in my auto reverse tape player,10,0
817,in my auto reverse tape player,4,0
816,big deal is about this place but i wont be back yaall,10,0
816,big deal is about this place but i wont be back yaall,9,1
817,in my auto reverse tape player,7,0
818,sharp the blue is a very nice color,5,0
815,with a lilt in my ear well and is obviously very comfortable in front of a better consumer experience from motorola,6,0
815,with a lilt in my ear well and is obviously very comfortable in front of a better consumer experience from motorola,5,0
815,with a lilt in my ear well and is obviously very comfortable in front of a better consumer experience from motorola,8,0
819,is hard to find it wasnt high priced,2,0
818,sharp the blue is a very nice color,0,0
818,sharp the blue is a very nice color,8,0
816,big deal is about this place but i wont be back yaall,5,1
819,is hard to find it wasnt high priced,5,0
817,in my auto reverse tape player,1,0
819,is hard to find it wasnt high priced,6,0
816,big deal is about this place but i wont be back yaall,6,1
817,in my auto reverse tape player,3,0
819,is hard to find it wasnt high priced,8,0
819,is hard to find it wasnt high priced,3,0
815,with a lilt in my ear well and is obviously very comfortable in front of a better consumer experience from motorola,7,0
818,sharp the blue is a very nice color,6,0
817,in my auto reverse tape player,8,0
818,sharp the blue is a very nice color,10,0
819,is hard to find it wasnt high priced,1,0
813,repeating her and a year and emilio contains the ringer is nice shine and its too politically correct,5,0
820,trying to anne rices style sensitivities and of the original that bethe audio quality motorola and this was ever had it,0,0
820,trying to anne rices style sensitivities and of the original that bethe audio quality motorola and this was ever had it,4,0
818,sharp the blue is a very nice color,4,0
820,trying to anne rices style sensitivities and of the original that bethe audio quality motorola and this was ever had it,1,0
820,trying to anne rices style sensitivities and of the original that bethe audio quality motorola and this was ever had it,2,0
821,beat that,2,0
817,in my auto reverse tape player,2,0
821,beat that,3,0
821,beat that,6,0
820,trying to anne rices style sensitivities and of the original that bethe audio quality motorola and this was ever had it,7,0
819,is hard to find it wasnt high priced,4,0
807,do it,2,0
820,trying to anne rices style sensitivities and of the original that bethe audio quality motorola and this was ever had it,3,0
821,beat that,7,0
820,trying to anne rices style sensitivities and of the original that bethe audio quality motorola and this was ever had it,5,0
822,on to my belt and keeping the iphone inside,0,0
821,beat that,4,0
819,is hard to find it wasnt high priced,7,0
819,is hard to find it wasnt high priced,0,0
818,sharp the blue is a very nice color,7,0
821,beat that,0,0
822,on to my belt and keeping the iphone inside,2,0
822,on to my belt and keeping the iphone inside,10,0
821,beat that,8,0
821,beat that,9,0
821,beat that,1,0
820,trying to anne rices style sensitivities and of the original that bethe audio quality motorola and this was ever had it,10,0
822,on to my belt and keeping the iphone inside,7,0
822,on to my belt and keeping the iphone inside,5,0
824,really is until the next,1,0
823,bad service but the food sucks,9,1
820,trying to anne rices style sensitivities and of the original that bethe audio quality motorola and this was ever had it,6,0
823,bad service but the food sucks,5,0
823,bad service but the food sucks,10,1
822,on to my belt and keeping the iphone inside,9,0
824,really is until the next,3,0
822,on to my belt and keeping the iphone inside,1,0
824,really is until the next,2,0
821,beat that,5,0
822,on to my belt and keeping the iphone inside,8,0
824,really is until the next,6,0
824,really is until the next,0,0
823,bad service but the food sucks,3,1
824,really is until the next,9,0
825,are very very attentive providing excellent restaurant,3,0
825,are very very attentive providing excellent restaurant,0,0
823,bad service but the food sucks,8,1
824,really is until the next,7,0
825,are very very attentive providing excellent restaurant,4,0
824,really is until the next,5,0
820,trying to anne rices style sensitivities and of the original that bethe audio quality motorola and this was ever had it,9,0
824,really is until the next,4,0
823,bad service but the food sucks,6,1
825,are very very attentive providing excellent restaurant,6,0
822,on to my belt and keeping the iphone inside,3,0
813,repeating her and a year and emilio contains the ringer is nice shine and its too politically correct,10,0
824,really is until the next,8,0
819,is hard to find it wasnt high priced,10,0
825,are very very attentive providing excellent restaurant,5,0
826,not a trashy cult movie this is trash period,8,0
823,bad service but the food sucks,0,1
825,are very very attentive providing excellent restaurant,8,0
826,not a trashy cult movie this is trash period,2,0
827,meh,10,0
825,are very very attentive providing excellent restaurant,7,0
825,are very very attentive providing excellent restaurant,2,0
826,not a trashy cult movie this is trash period,5,0
828,were dirty fish is excrutiatingly slow,4,0
826,not a trashy cult movie this is trash period,10,0
826,not a trashy cult movie this is trash period,3,0
824,really is until the next,10,0
827,meh,6,0
825,are very very attentive providing excellent restaurant,1,0
823,bad service but the food sucks,1,1
828,were dirty fish is excrutiatingly slow,2,0
821,beat that,10,0
826,not a trashy cult movie this is trash period,1,0
828,were dirty fish is excrutiatingly slow,1,0
826,not a trashy cult movie this is trash period,9,0
827,meh,5,0
828,were dirty fish is excrutiatingly slow,3,0
828,were dirty fish is excrutiatingly slow,9,0
829,from north scottsdale and had this was the ambience made and the chicken pho,5,0
826,not a trashy cult movie this is trash period,6,0
827,meh,1,0
828,were dirty fish is excrutiatingly slow,7,0
829,from north scottsdale and had this was the ambience made and the chicken pho,6,0
828,were dirty fish is excrutiatingly slow,8,0
829,from north scottsdale and had this was the ambience made and the chicken pho,7,0
825,are very very attentive providing excellent restaurant,9,0
828,were dirty fish is excrutiatingly slow,5,1
826,not a trashy cult movie this is trash period,7,0
829,from north scottsdale and had this was the ambience made and the chicken pho,3,0
829,from north scottsdale and had this was the ambience made and the chicken pho,1,0
819,is hard to find it wasnt high priced,9,0
827,meh,0,1
823,bad service but the food sucks,4,1
826,not a trashy cult movie this is trash period,0,0
828,were dirty fish is excrutiatingly slow,6,0
829,from north scottsdale and had this was the ambience made and the chicken pho,0,0
829,from north scottsdale and had this was the ambience made and the chicken pho,2,0
830,food,4,0
830,food,9,0
827,meh,2,0
830,food,3,0
827,meh,9,0
829,from north scottsdale and had this was the ambience made and the chicken pho,9,0
830,food,10,0
826,not a trashy cult movie this is trash period,4,0
816,big deal is about this place but i wont be back yaall,2,0
827,meh,7,0
825,are very very attentive providing excellent restaurant,10,0
830,food,0,0
829,from north scottsdale and had this was the ambience made and the chicken pho,4,0
831,decide,1,0
830,food,6,0
829,from north scottsdale and had this was the ambience made and the chicken pho,10,0
831,decide,8,0
831,decide,3,0
830,food,1,0
830,food,5,0
828,were dirty fish is excrutiatingly slow,0,0
831,decide,2,0
830,food,8,0
832,carries the movie well,1,0
831,decide,10,0
831,decide,0,0
831,decide,9,0
833,and one of the headsets are easy to use one headset for a special treat,4,0
832,carries the movie well,8,0
830,food,2,0
830,food,7,0
828,were dirty fish is excrutiatingly slow,10,0
832,carries the movie well,10,0
833,and one of the headsets are easy to use one headset for a special treat,0,0
831,decide,5,0
832,carries the movie well,6,1
829,from north scottsdale and had this was the ambience made and the chicken pho,8,0
833,and one of the headsets are easy to use one headset for a special treat,8,0
832,carries the movie well,4,0
833,and one of the headsets are easy to use one headset for a special treat,1,0
832,carries the movie well,9,0
834,opinion,7,0
831,decide,6,0
834,opinion,5,0
834,opinion,2,0
833,and one of the headsets are easy to use one headset for a special treat,5,0
832,carries the movie well,5,0
831,decide,7,0
834,opinion,3,0
834,opinion,1,0
834,opinion,6,0
834,opinion,9,0
833,and one of the headsets are easy to use one headset for a special treat,6,0
833,and one of the headsets are easy to use one headset for a special treat,2,0
832,carries the movie well,7,1
827,meh,3,0
834,opinion,0,0
835,we realized that it really looks rather bland especially in the neighborhood so i am going to have to hold on to,6,0
834,opinion,10,0
833,and one of the headsets are easy to use one headset for a special treat,9,0
835,we realized that it really looks rather bland especially in the neighborhood so i am going to have to hold on to,7,0
831,decide,4,0
835,we realized that it really looks rather bland especially in the neighborhood so i am going to have to hold on to,10,0
837,will hear part of your conversation,0,0
835,we realized that it really looks rather bland especially in the neighborhood so i am going to have to hold on to,5,0
832,carries the movie well,3,0
836,when im not wearing it,9,0
834,opinion,8,0
833,and one of the headsets are easy to use one headset for a special treat,7,0
827,meh,8,0
835,we realized that it really looks rather bland especially in the neighborhood so i am going to have to hold on to,8,0
836,when im not wearing it,4,0
836,when im not wearing it,2,0
837,will hear part of your conversation,2,0
835,we realized that it really looks rather bland especially in the neighborhood so i am going to have to hold on to,2,0
837,will hear part of your conversation,5,0
835,we realized that it really looks rather bland especially in the neighborhood so i am going to have to hold on to,4,0
836,when im not wearing it,6,0
836,when im not wearing it,5,0
832,carries the movie well,0,1
834,opinion,4,0
835,we realized that it really looks rather bland especially in the neighborhood so i am going to have to hold on to,0,0
836,when im not wearing it,3,0
836,when im not wearing it,0,0
838,tips are really great menu suggestions,0,0
833,and one of the headsets are easy to use one headset for a special treat,10,0
835,we realized that it really looks rather bland especially in the neighborhood so i am going to have to hold on to,1,0
836,when im not wearing it,10,0
836,when im not wearing it,7,0
837,will hear part of your conversation,9,0
836,when im not wearing it,1,0
836,when im not wearing it,8,0
838,tips are really great menu suggestions,9,0
838,tips are really great menu suggestions,8,0
839,i love being able to use and i want something healthy but not a quality restaurant,2,0
838,tips are really great menu suggestions,1,0
838,tips are really great menu suggestions,3,0
837,will hear part of your conversation,3,0
839,i love being able to use and i want something healthy but not a quality restaurant,3,0
838,tips are really great menu suggestions,5,0
837,will hear part of your conversation,6,0
839,i love being able to use and i want something healthy but not a quality restaurant,0,0
838,tips are really great menu suggestions,2,0
833,and one of the headsets are easy to use one headset for a special treat,3,0
837,will hear part of your conversation,8,0
840,a lot,6,0
840,a lot,0,0
840,a lot,9,0
839,i love being able to use and i want something healthy but not a quality restaurant,8,0
837,will hear part of your conversation,10,0
838,tips are really great menu suggestions,7,0
840,a lot,3,0
840,a lot,2,0
839,i love being able to use and i want something healthy but not a quality restaurant,10,0
839,i love being able to use and i want something healthy but not a quality restaurant,9,0
838,tips are really great menu suggestions,4,0
841,and service,8,0
839,i love being able to use and i want something healthy but not a quality restaurant,6,0
838,tips are really great menu suggestions,6,0
840,a lot,4,0
840,a lot,5,0
837,will hear part of your conversation,7,0
840,a lot,10,0
841,and service,1,0
839,i love being able to use and i want something healthy but not a quality restaurant,7,0
841,and service,10,0
832,carries the movie well,2,0
840,a lot,8,0
840,a lot,1,0
841,and service,9,0
841,and service,0,0
842,waste,0,0
841,and service,3,0
842,waste,1,0
841,and service,5,0
841,and service,7,0
841,and service,6,0
843,was not impressed and would not go back,5,1
843,was not impressed and would not go back,0,1
837,will hear part of your conversation,4,0
842,waste,6,0
840,a lot,7,0
842,waste,2,0
842,waste,7,0
841,and service,2,0
839,i love being able to use and i want something healthy but not a quality restaurant,5,0
835,we realized that it really looks rather bland especially in the neighborhood so i am going to have to hold on to,3,0
844,similarly the delivery man did not say a word of apology when our food was minutes late,6,0
843,was not impressed and would not go back,9,0
842,waste,8,0
844,similarly the delivery man did not say a word of apology when our food was minutes late,10,1
843,was not impressed and would not go back,2,1
844,similarly the delivery man did not say a word of apology when our food was minutes late,5,0
842,waste,10,0
835,we realized that it really looks rather bland especially in the neighborhood so i am going to have to hold on to,9,0
837,will hear part of your conversation,1,0
842,waste,3,0
843,was not impressed and would not go back,3,1
844,similarly the delivery man did not say a word of apology when our food was minutes late,0,1
845,a sculpture,4,0
843,was not impressed and would not go back,6,1
843,was not impressed and would not go back,8,1
841,and service,4,0
845,a sculpture,8,0
838,tips are really great menu suggestions,10,0
839,i love being able to use and i want something healthy but not a quality restaurant,4,0
845,a sculpture,10,0
844,similarly the delivery man did not say a word of apology when our food was minutes late,8,0
842,waste,9,0
844,similarly the delivery man did not say a word of apology when our food was minutes late,9,1
845,a sculpture,6,0
845,a sculpture,1,0
843,was not impressed and would not go back,10,1
842,waste,5,0
846,actor playing the villain was a low rent michael ironside,10,1
843,was not impressed and would not go back,7,1
845,a sculpture,7,0
844,similarly the delivery man did not say a word of apology when our food was minutes late,4,1
845,a sculpture,5,0
845,a sculpture,3,0
845,a sculpture,9,0
846,actor playing the villain was a low rent michael ironside,4,0
846,actor playing the villain was a low rent michael ironside,6,0
847,timeless the film actually is,4,0
847,timeless the film actually is,2,0
846,actor playing the villain was a low rent michael ironside,5,1
846,actor playing the villain was a low rent michael ironside,8,1
842,waste,4,0
847,timeless the film actually is,0,1
846,actor playing the villain was a low rent michael ironside,1,0
846,actor playing the villain was a low rent michael ironside,9,0
846,actor playing the villain was a low rent michael ironside,2,1
846,actor playing the villain was a low rent michael ironside,3,1
843,was not impressed and would not go back,1,1
847,timeless the film actually is,1,0
847,timeless the film actually is,3,0
848,writing and here they come in thick and fast,1,0
848,writing and here they come in thick and fast,4,0
844,similarly the delivery man did not say a word of apology when our food was minutes late,3,1
843,was not impressed and would not go back,4,1
845,a sculpture,0,0
847,timeless the film actually is,9,0
844,similarly the delivery man did not say a word of apology when our food was minutes late,2,1
844,similarly the delivery man did not say a word of apology when our food was minutes late,1,1
847,timeless the film actually is,7,0
846,actor playing the villain was a low rent michael ironside,0,1
847,timeless the film actually is,5,0
848,writing and here they come in thick and fast,6,0
847,timeless the film actually is,8,0
846,actor playing the villain was a low rent michael ironside,7,1
848,writing and here they come in thick and fast,0,0
848,writing and here they come in thick and fast,7,0
847,timeless the film actually is,6,0
848,writing and here they come in thick and fast,9,0
848,writing and here they come in thick and fast,5,0
848,writing and here they come in thick and fast,10,0
845,a sculpture,2,0
848,writing and here they come in thick and fast,3,0
849,bad guys,7,0
849,bad guys,4,0
849,bad guys,3,0
847,timeless the film actually is,10,0
839,i love being able to use and i want something healthy but not a quality restaurant,1,0
848,writing and here they come in thick and fast,8,0
849,bad guys,2,0
850,see how this movie can be an inspiration to anyone to come out or overcome fear and rejection,5,1
849,bad guys,6,0
851,havent had any problem with the verizon customer service,4,1
850,see how this movie can be an inspiration to anyone to come out or overcome fear and rejection,1,1
849,bad guys,1,0
850,see how this movie can be an inspiration to anyone to come out or overcome fear and rejection,0,1
851,havent had any problem with the verizon customer service,2,1
850,see how this movie can be an inspiration to anyone to come out or overcome fear and rejection,4,1
850,see how this movie can be an inspiration to anyone to come out or overcome fear and rejection,2,0
848,writing and here they come in thick and fast,2,0
850,see how this movie can be an inspiration to anyone to come out or overcome fear and rejection,10,0
850,see how this movie can be an inspiration to anyone to come out or overcome fear and rejection,9,0
849,bad guys,10,0
851,havent had any problem with the verizon customer service,0,1
851,havent had any problem with the verizon customer service,5,1
850,see how this movie can be an inspiration to anyone to come out or overcome fear and rejection,8,1
850,see how this movie can be an inspiration to anyone to come out or overcome fear and rejection,7,0
852,on the market,0,0
852,on the market,9,0
851,havent had any problem with the verizon customer service,9,1
851,havent had any problem with the verizon customer service,7,1
852,on the market,7,0
851,havent had any problem with the verizon customer service,8,0
851,havent had any problem with the verizon customer service,10,1
853,im surprised this is a great restaurant at the mandalay bay,8,1
852,on the market,6,0
844,similarly the delivery man did not say a word of apology when our food was minutes late,7,1
849,bad guys,5,0
853,im surprised this is a great restaurant at the mandalay bay,1,1
853,im surprised this is a great restaurant at the mandalay bay,2,1
850,see how this movie can be an inspiration to anyone to come out or overcome fear and rejection,3,1
852,on the market,2,0
852,on the market,4,0
849,bad guys,9,0
853,im surprised this is a great restaurant at the mandalay bay,3,1
853,im surprised this is a great restaurant at the mandalay bay,9,1
851,havent had any problem with the verizon customer service,3,1
853,im surprised this is a great restaurant at the mandalay bay,5,1
851,havent had any problem with the verizon customer service,1,1
853,im surprised this is a great restaurant at the mandalay bay,0,1
854,past and marriage,0,0
852,on the market,1,0
849,bad guys,0,0
854,past and marriage,5,0
853,im surprised this is a great restaurant at the mandalay bay,4,1
853,im surprised this is a great restaurant at the mandalay bay,10,1
852,on the market,10,0
851,havent had any problem with the verizon customer service,6,0
854,past and marriage,2,0
853,im surprised this is a great restaurant at the mandalay bay,6,1
855,low price i highly recommend this gifted actor,0,0
852,on the market,3,0
855,low price i highly recommend this gifted actor,2,0
855,low price i highly recommend this gifted actor,3,0
854,past and marriage,4,0
855,low price i highly recommend this gifted actor,5,0
854,past and marriage,9,0
850,see how this movie can be an inspiration to anyone to come out or overcome fear and rejection,6,1
853,im surprised this is a great restaurant at the mandalay bay,7,1
855,low price i highly recommend this gifted actor,7,1
852,on the market,8,0
855,low price i highly recommend this gifted actor,9,1
856,happened was that it wasnt high priced,1,0
855,low price i highly recommend this gifted actor,10,0
856,happened was that it wasnt high priced,4,0
854,past and marriage,1,0
854,past and marriage,7,0
856,happened was that it wasnt high priced,7,0
855,low price i highly recommend this gifted actor,1,0
856,happened was that it wasnt high priced,9,0
854,past and marriage,3,0
856,happened was that it wasnt high priced,3,0
857,expected a better consumer experience from motorola,1,1
857,expected a better consumer experience from motorola,5,0
857,expected a better consumer experience from motorola,0,1
854,past and marriage,10,0
856,happened was that it wasnt high priced,8,0
852,on the market,5,0
856,happened was that it wasnt high priced,6,0
854,past and marriage,8,0
855,low price i highly recommend this gifted actor,4,1
857,expected a better consumer experience from motorola,9,1
855,low price i highly recommend this gifted actor,6,1
856,happened was that it wasnt high priced,10,0
858,has always been great,8,0
858,has always been great,4,0
858,has always been great,9,0
857,expected a better consumer experience from motorola,8,0
858,has always been great,5,0
858,has always been great,1,0
858,has always been great,7,0
857,expected a better consumer experience from motorola,7,1
856,happened was that it wasnt high priced,5,0
858,has always been great,6,0
859,i really wanted the plantronics to be the right one but it has too many issues for methe good,2,0
857,expected a better consumer experience from motorola,2,0
856,happened was that it wasnt high priced,0,0
859,i really wanted the plantronics to be the right one but it has too many issues for methe good,7,1
859,i really wanted the plantronics to be the right one but it has too many issues for methe good,6,1
859,i really wanted the plantronics to be the right one but it has too many issues for methe good,0,1
857,expected a better consumer experience from motorola,3,0
858,has always been great,3,0
859,i really wanted the plantronics to be the right one but it has too many issues for methe good,4,0
857,expected a better consumer experience from motorola,10,0
860,is there,5,0
858,has always been great,2,0
860,is there,4,0
860,is there,6,0
859,i really wanted the plantronics to be the right one but it has too many issues for methe good,1,1
859,i really wanted the plantronics to be the right one but it has too many issues for methe good,5,1
857,expected a better consumer experience from motorola,6,0
860,is there,1,0
860,is there,2,0
860,is there,8,0
861,far the best cheesecurds we have ever had,1,1
861,far the best cheesecurds we have ever had,0,1
859,i really wanted the plantronics to be the right one but it has too many issues for methe good,8,1
849,bad guys,8,0
861,far the best cheesecurds we have ever had,3,1
860,is there,7,0
861,far the best cheesecurds we have ever had,9,1
861,far the best cheesecurds we have ever had,4,1
861,far the best cheesecurds we have ever had,5,1
860,is there,9,0
861,far the best cheesecurds we have ever had,7,1
862,mains also great taste that were possible,2,0
861,far the best cheesecurds we have ever had,2,1
861,far the best cheesecurds we have ever had,8,1
862,mains also great taste that were possible,3,0
862,mains also great taste that were possible,7,0
862,mains also great taste that were possible,0,0
862,mains also great taste that were possible,6,0
863,about was their guacamole as i dont like it pured,2,0
862,mains also great taste that were possible,8,0
860,is there,10,0
858,has always been great,0,0
862,mains also great taste that were possible,1,0
862,mains also great taste that were possible,5,0
859,i really wanted the plantronics to be the right one but it has too many issues for methe good,9,1
864,boogeyman and zombiez as part of the hellish trinity of horror films,2,0
859,i really wanted the plantronics to be the right one but it has too many issues for methe good,3,1
863,about was their guacamole as i dont like it pured,4,0
857,expected a better consumer experience from motorola,4,1
862,mains also great taste that were possible,10,0
859,i really wanted the plantronics to be the right one but it has too many issues for methe good,10,0
864,boogeyman and zombiez as part of the hellish trinity of horror films,0,0
863,about was their guacamole as i dont like it pured,5,0
864,boogeyman and zombiez as part of the hellish trinity of horror films,1,0
863,about was their guacamole as i dont like it pured,6,0
864,boogeyman and zombiez as part of the hellish trinity of horror films,3,0
864,boogeyman and zombiez as part of the hellish trinity of horror films,8,0
864,boogeyman and zombiez as part of the hellish trinity of horror films,10,0
854,past and marriage,6,0
865,politically correct,0,0
862,mains also great taste that were possible,4,0
863,about was their guacamole as i dont like it pured,1,0
865,politically correct,10,0
861,far the best cheesecurds we have ever had,6,1
865,politically correct,4,0
864,boogeyman and zombiez as part of the hellish trinity of horror films,4,0
865,politically correct,7,0
864,boogeyman and zombiez as part of the hellish trinity of horror films,9,0
863,about was their guacamole as i dont like it pured,10,0
866,m was better,4,0
866,m was better,0,0
863,about was their guacamole as i dont like it pured,8,0
863,about was their guacamole as i dont like it pured,7,0
866,m was better,3,0
865,politically correct,6,0
866,m was better,1,0
866,m was better,5,0
866,m was better,6,0
865,politically correct,3,0
867,good,0,0
865,politically correct,8,0
865,politically correct,2,0
867,good,2,0
866,m was better,8,0
866,m was better,10,0
866,m was better,9,0
867,good,1,0
867,good,10,0
864,boogeyman and zombiez as part of the hellish trinity of horror films,5,0
862,mains also great taste that were possible,9,0
858,has always been great,10,0
867,good,3,0
861,far the best cheesecurds we have ever had,10,1
867,good,7,0
866,m was better,2,0
867,good,8,0
868,bad idea we see how dirty,5,0
863,about was their guacamole as i dont like it pured,9,0
865,politically correct,1,0
867,good,5,0
868,bad idea we see how dirty,0,0
867,good,9,0
868,bad idea we see how dirty,4,0
868,bad idea we see how dirty,8,0
863,about was their guacamole as i dont like it pured,0,0
868,bad idea we see how dirty,1,0
865,politically correct,9,0
868,bad idea we see how dirty,2,0
865,politically correct,5,0
863,about was their guacamole as i dont like it pured,3,0
869,even allowing for poor production values for the time and it was submerged for seconds and it still works great,7,0
868,bad idea we see how dirty,10,0
867,good,4,0
866,m was better,7,0
869,even allowing for poor production values for the time and it was submerged for seconds and it still works great,3,0
868,bad idea we see how dirty,6,0
868,bad idea we see how dirty,9,0
870,are starving,5,0
870,are starving,3,0
869,even allowing for poor production values for the time and it was submerged for seconds and it still works great,8,0
869,even allowing for poor production values for the time and it was submerged for seconds and it still works great,2,0
869,even allowing for poor production values for the time and it was submerged for seconds and it still works great,1,0
867,good,6,0
870,are starving,2,0
869,even allowing for poor production values for the time and it was submerged for seconds and it still works great,5,0
870,are starving,10,0
864,boogeyman and zombiez as part of the hellish trinity of horror films,6,0
869,even allowing for poor production values for the time and it was submerged for seconds and it still works great,4,0
869,even allowing for poor production values for the time and it was submerged for seconds and it still works great,6,0
870,are starving,8,0
870,are starving,4,0
870,are starving,1,0
869,even allowing for poor production values for the time and it was submerged for seconds and it still works great,10,0
868,bad idea we see how dirty,7,0
864,boogeyman and zombiez as part of the hellish trinity of horror films,7,0
870,are starving,7,0
868,bad idea we see how dirty,3,0
871,but ive never seen her in a movie this lousy,6,1
870,are starving,0,0
871,but ive never seen her in a movie this lousy,7,1
872,inconspicuous to finish it so stale,2,0
872,inconspicuous to finish it so stale,4,0
871,but ive never seen her in a movie this lousy,3,1
869,even allowing for poor production values for the time and it was submerged for seconds and it still works great,0,0
869,even allowing for poor production values for the time and it was submerged for seconds and it still works great,9,0
871,but ive never seen her in a movie this lousy,0,1
871,but ive never seen her in a movie this lousy,1,1
872,inconspicuous to finish it so stale,1,0
871,but ive never seen her in a movie this lousy,2,0
871,but ive never seen her in a movie this lousy,5,0
871,but ive never seen her in a movie this lousy,9,0
872,inconspicuous to finish it so stale,5,0
871,but ive never seen her in a movie this lousy,4,0
873,turned up to be hosting his voiceovers were monotonous didnt get involved with the character he played,7,0
872,inconspicuous to finish it so stale,0,0
873,turned up to be hosting his voiceovers were monotonous didnt get involved with the character he played,1,0
870,are starving,6,0
872,inconspicuous to finish it so stale,3,0
872,inconspicuous to finish it so stale,8,0
872,inconspicuous to finish it so stale,10,0
871,but ive never seen her in a movie this lousy,10,1
872,inconspicuous to finish it so stale,7,0
874,with my phone,0,0
873,turned up to be hosting his voiceovers were monotonous didnt get involved with the character he played,9,0
873,turned up to be hosting his voiceovers were monotonous didnt get involved with the character he played,5,0
874,with my phone,1,0
873,turned up to be hosting his voiceovers were monotonous didnt get involved with the character he played,10,0
873,turned up to be hosting his voiceovers were monotonous didnt get involved with the character he played,6,0
872,inconspicuous to finish it so stale,6,0
873,turned up to be hosting his voiceovers were monotonous didnt get involved with the character he played,3,0
874,with my phone,5,0
870,are starving,9,0
874,with my phone,6,0
873,turned up to be hosting his voiceovers were monotonous didnt get involved with the character he played,4,0
874,with my phone,2,0
873,turned up to be hosting his voiceovers were monotonous didnt get involved with the character he played,8,0
875,this one authentic thai food was outshining i think it,6,0
873,turned up to be hosting his voiceovers were monotonous didnt get involved with the character he played,2,0
874,with my phone,4,0
875,this one authentic thai food was outshining i think it,1,1
875,this one authentic thai food was outshining i think it,5,0
874,with my phone,7,0
874,with my phone,3,0
874,with my phone,9,0
873,turned up to be hosting his voiceovers were monotonous didnt get involved with the character he played,0,0
872,inconspicuous to finish it so stale,9,0
875,this one authentic thai food was outshining i think it,8,0
875,this one authentic thai food was outshining i think it,0,0
876,we were sat right on time and i could replace my well travled swivel holster for my lc and its famed gaudi towers,8,0
874,with my phone,10,0
871,but ive never seen her in a movie this lousy,8,1
874,with my phone,8,0
875,this one authentic thai food was outshining i think it,7,0
875,this one authentic thai food was outshining i think it,4,0
875,this one authentic thai food was outshining i think it,3,0
875,this one authentic thai food was outshining i think it,9,0
877,iam very pleased with the job done,3,1
876,we were sat right on time and i could replace my well travled swivel holster for my lc and its famed gaudi towers,9,0
876,we were sat right on time and i could replace my well travled swivel holster for my lc and its famed gaudi towers,0,0
875,this one authentic thai food was outshining i think it,2,0
876,we were sat right on time and i could replace my well travled swivel holster for my lc and its famed gaudi towers,5,0
875,this one authentic thai food was outshining i think it,10,0
876,we were sat right on time and i could replace my well travled swivel holster for my lc and its famed gaudi towers,4,0
876,we were sat right on time and i could replace my well travled swivel holster for my lc and its famed gaudi towers,7,0
877,iam very pleased with the job done,0,1
877,iam very pleased with the job done,6,1
876,we were sat right on time and i could replace my well travled swivel holster for my lc and its famed gaudi towers,3,0
877,iam very pleased with the job done,2,1
877,iam very pleased with the job done,9,1
876,we were sat right on time and i could replace my well travled swivel holster for my lc and its famed gaudi towers,10,0
878,it a try but was deeply impressed with this donut place,9,1
877,iam very pleased with the job done,8,1
877,iam very pleased with the job done,7,1
876,we were sat right on time and i could replace my well travled swivel holster for my lc and its famed gaudi towers,2,0
878,it a try but was deeply impressed with this donut place,5,1
878,it a try but was deeply impressed with this donut place,2,1
877,iam very pleased with the job done,10,1
877,iam very pleased with the job done,1,1
876,we were sat right on time and i could replace my well travled swivel holster for my lc and its famed gaudi towers,1,0
878,it a try but was deeply impressed with this donut place,4,1
879,bars ever,2,0
878,it a try but was deeply impressed with this donut place,7,0
878,it a try but was deeply impressed with this donut place,0,0
876,we were sat right on time and i could replace my well travled swivel holster for my lc and its famed gaudi towers,6,0
878,it a try but was deeply impressed with this donut place,10,0
881,sunglasses on the good guys and especially the bad guys,1,0
879,bars ever,5,0
880,the color is even prettier than i thought this is probably the worst phone ever,6,0
880,the color is even prettier than i thought this is probably the worst phone ever,0,0
879,bars ever,1,0
877,iam very pleased with the job done,4,1
880,the color is even prettier than i thought this is probably the worst phone ever,9,0
881,sunglasses on the good guys and especially the bad guys,7,0
879,bars ever,10,0
879,bars ever,4,0
879,bars ever,8,0
880,the color is even prettier than i thought this is probably the worst phone ever,2,0
878,it a try but was deeply impressed with this donut place,6,1
880,the color is even prettier than i thought this is probably the worst phone ever,7,0
878,it a try but was deeply impressed with this donut place,8,1
879,bars ever,3,0
880,the color is even prettier than i thought this is probably the worst phone ever,8,0
881,sunglasses on the good guys and especially the bad guys,0,0
879,bars ever,9,0
880,the color is even prettier than i thought this is probably the worst phone ever,1,0
878,it a try but was deeply impressed with this donut place,1,1
881,sunglasses on the good guys and especially the bad guys,6,0
878,it a try but was deeply impressed with this donut place,3,0
879,bars ever,0,0
879,bars ever,7,0
880,the color is even prettier than i thought this is probably the worst phone ever,5,0
881,sunglasses on the good guys and especially the bad guys,4,0
880,the color is even prettier than i thought this is probably the worst phone ever,4,0
881,sunglasses on the good guys and especially the bad guys,2,0
881,sunglasses on the good guys and especially the bad guys,8,0
883,poetry theater politics or japanese history,3,0
882,punishment park is one edinburgh establishment again,4,0
881,sunglasses on the good guys and especially the bad guys,10,0
882,punishment park is one edinburgh establishment again,0,0
882,punishment park is one edinburgh establishment again,7,0
880,the color is even prettier than i thought this is probably the worst phone ever,3,0
883,poetry theater politics or japanese history,8,0
881,sunglasses on the good guys and especially the bad guys,5,0
882,punishment park is one edinburgh establishment again,2,0
882,punishment park is one edinburgh establishment again,6,0
882,punishment park is one edinburgh establishment again,8,0
883,poetry theater politics or japanese history,2,0
879,bars ever,6,0
883,poetry theater politics or japanese history,1,0
883,poetry theater politics or japanese history,7,0
881,sunglasses on the good guys and especially the bad guys,3,0
882,punishment park is one edinburgh establishment again,5,0
883,poetry theater politics or japanese history,6,0
881,sunglasses on the good guys and especially the bad guys,9,0
883,poetry theater politics or japanese history,4,0
883,poetry theater politics or japanese history,0,0
883,poetry theater politics or japanese history,10,0
882,punishment park is one edinburgh establishment again,1,0
884,be ergonomic in theory but i could give this film are tremendously well played,3,0
882,punishment park is one edinburgh establishment again,10,0
884,be ergonomic in theory but i could give this film are tremendously well played,4,0
884,be ergonomic in theory but i could give this film are tremendously well played,2,0
885,logitech earbud piece of management,2,0
884,be ergonomic in theory but i could give this film are tremendously well played,7,0
884,be ergonomic in theory but i could give this film are tremendously well played,9,0
884,be ergonomic in theory but i could give this film are tremendously well played,5,0
884,be ergonomic in theory but i could give this film are tremendously well played,0,0
882,punishment park is one edinburgh establishment again,3,0
884,be ergonomic in theory but i could give this film are tremendously well played,1,0
886,those with a huge belly and hankering for sushi,0,0
885,logitech earbud piece of management,6,0
885,logitech earbud piece of management,5,0
886,those with a huge belly and hankering for sushi,6,0
885,logitech earbud piece of management,8,0
885,logitech earbud piece of management,0,0
885,logitech earbud piece of management,10,0
885,logitech earbud piece of management,3,0
883,poetry theater politics or japanese history,9,0
884,be ergonomic in theory but i could give this film are tremendously well played,6,0
882,punishment park is one edinburgh establishment again,9,0
886,those with a huge belly and hankering for sushi,7,0
887,end of magnificent photographycinematography in the ear loops are fabulous,0,0
883,poetry theater politics or japanese history,5,0
885,logitech earbud piece of management,9,0
886,those with a huge belly and hankering for sushi,4,0
885,logitech earbud piece of management,7,0
887,end of magnificent photographycinematography in the ear loops are fabulous,5,0
886,those with a huge belly and hankering for sushi,2,0
887,end of magnificent photographycinematography in the ear loops are fabulous,7,0
888,this is not very comfortable at all to recommend,0,0
884,be ergonomic in theory but i could give this film are tremendously well played,8,0
877,iam very pleased with the job done,5,1
886,those with a huge belly and hankering for sushi,8,0
886,those with a huge belly and hankering for sushi,10,0
885,logitech earbud piece of management,4,0
885,logitech earbud piece of management,1,0
886,those with a huge belly and hankering for sushi,1,0
887,end of magnificent photographycinematography in the ear loops are fabulous,4,0
887,end of magnificent photographycinematography in the ear loops are fabulous,6,0
886,those with a huge belly and hankering for sushi,9,0
888,this is not very comfortable at all to recommend,9,1
889,we must have hit the bakery on leftover day because everything we ordered was stale,0,1
888,this is not very comfortable at all to recommend,4,0
888,this is not very comfortable at all to recommend,5,0
888,this is not very comfortable at all to recommend,8,0
889,we must have hit the bakery on leftover day because everything we ordered was stale,10,1
888,this is not very comfortable at all to recommend,10,0
888,this is not very comfortable at all to recommend,3,0
889,we must have hit the bakery on leftover day because everything we ordered was stale,7,1
889,we must have hit the bakery on leftover day because everything we ordered was stale,1,1
887,end of magnificent photographycinematography in the ear loops are fabulous,1,0
888,this is not very comfortable at all to recommend,7,0
889,we must have hit the bakery on leftover day because everything we ordered was stale,2,1
887,end of magnificent photographycinematography in the ear loops are fabulous,8,0
890,because everything we ordered was stale,7,0
880,the color is even prettier than i thought this is probably the worst phone ever,10,0
889,we must have hit the bakery on leftover day because everything we ordered was stale,4,1
888,this is not very comfortable at all to recommend,6,1
889,we must have hit the bakery on leftover day because everything we ordered was stale,5,0
889,we must have hit the bakery on leftover day because everything we ordered was stale,9,1
890,because everything we ordered was stale,8,1
890,because everything we ordered was stale,4,1
887,end of magnificent photographycinematography in the ear loops are fabulous,2,1
886,those with a huge belly and hankering for sushi,3,0
890,because everything we ordered was stale,0,0
887,end of magnificent photographycinematography in the ear loops are fabulous,9,0
890,because everything we ordered was stale,3,0
891,but made me into seeing just if needed,4,0
886,those with a huge belly and hankering for sushi,5,0
891,but made me into seeing just if needed,8,0
890,because everything we ordered was stale,2,1
890,because everything we ordered was stale,5,1
890,because everything we ordered was stale,6,0
891,but made me into seeing just if needed,9,0
890,because everything we ordered was stale,1,1
891,but made me into seeing just if needed,3,0
891,but made me into seeing just if needed,1,0
892,for comfort clarity and ease of use,0,0
889,we must have hit the bakery on leftover day because everything we ordered was stale,3,0
891,but made me into seeing just if needed,0,0
890,because everything we ordered was stale,10,1
889,we must have hit the bakery on leftover day because everything we ordered was stale,8,1
891,but made me into seeing just if needed,10,0
888,this is not very comfortable at all to recommend,2,0
892,for comfort clarity and ease of use,6,0
891,but made me into seeing just if needed,2,0
892,for comfort clarity and ease of use,4,0
892,for comfort clarity and ease of use,5,0
892,for comfort clarity and ease of use,3,0
891,but made me into seeing just if needed,7,0
888,this is not very comfortable at all to recommend,1,1
892,for comfort clarity and ease of use,1,0
892,for comfort clarity and ease of use,9,0
891,but made me into seeing just if needed,5,0
892,for comfort clarity and ease of use,8,0
893,but i bought two days and waterproof,2,0
890,because everything we ordered was stale,9,1
893,but i bought two days and waterproof,1,0
893,but i bought two days and waterproof,10,0
892,for comfort clarity and ease of use,2,0
892,for comfort clarity and ease of use,10,0
893,but i bought two days and waterproof,6,0
893,but i bought two days and waterproof,5,0
893,but i bought two days and waterproof,3,0
894,listening to music with the cingular,9,0
894,listening to music with the cingular,5,0
894,listening to music with the cingular,3,0
894,listening to music with the cingular,6,0
894,listening to music with the cingular,4,0
892,for comfort clarity and ease of use,7,0
894,listening to music with the cingular,8,0
894,listening to music with the cingular,0,0
893,but i bought two days and waterproof,7,0
893,but i bought two days and waterproof,4,0
894,listening to music with the cingular,7,0
889,we must have hit the bakery on leftover day because everything we ordered was stale,6,1
894,listening to music with the cingular,2,0
893,but i bought two days and waterproof,9,0
893,but i bought two days and waterproof,8,0
894,listening to music with the cingular,10,0
884,be ergonomic in theory but i could give this film are tremendously well played,10,0
894,listening to music with the cingular,1,0
887,end of magnificent photographycinematography in the ear loops are fabulous,3,0
887,end of magnificent photographycinematography in the ear loops are fabulous,10,0
891,but made me into seeing just if needed,6,0
893,but i bought two days and waterproof,0,0
820,trying to anne rices style sensitivities and of the original that bethe audio quality motorola and this was ever had it,8,0
823,bad service but the food sucks,2,1
822,on to my belt and keeping the iphone inside,6,0
823,bad service but the food sucks,7,1
827,meh,4,0
822,on to my belt and keeping the iphone inside,4,0
856,happened was that it wasnt high priced,2,0
860,is there,3,0
855,low price i highly recommend this gifted actor,8,0
860,is there,0,0
